Time,header.seq,header.stamp.secs,header.stamp.nsecs,header.frame_id,airspeed,groundspeed,heading,throttle,altitude,climb
1737286264.3275177,20822,1737286264,42731005,,1.936871886253357,1.9368185997009277,26,0.3799999952316284,567.5199584960938,-0.014377925544977188
1737286264.3383572,20823,1737286264,142835357,,2.163008451461792,2.1630072593688965,27,0.3799999952316284,567.5199584960938,-0.002433936344459653
1737286264.3384256,20824,1737286264,242525598,,2.325382947921753,2.3253538608551025,27,0.3799999952316284,567.5199584960938,-0.011601000092923641
1737286264.3534667,20825,1737286264,343748894,,2.442958354949951,2.4429502487182617,26,0.3799999952316284,567.5199584960938,0.006253358442336321
1737286264.4451401,20826,1737286264,442432061,,2.5252888202667236,2.5251166820526123,25,0.3799999952316284,567.5199584960938,0.02945849485695362
1737286264.546021,20827,1737286264,542296690,,2.590407371520996,2.589561939239502,24,0.3700000047683716,567.5299682617188,0.06617462635040283
1737286264.6465797,20828,1737286264,642421394,,2.6248176097869873,2.6228439807891846,23,0.36000001430511475,567.5399780273438,0.1017705500125885
1737286264.7465944,20829,1737286264,742356838,,2.6529438495635986,2.649995803833008,22,0.36000001430511475,567.5599975585938,0.125037282705307
1737286264.8438423,20830,1737286264,842393042,,2.6801278591156006,2.6758153438568115,21,0.3499999940395355,567.5800170898438,0.1519794762134552
1737286264.944524,20831,1737286264,942954671,,2.723133087158203,2.718383550643921,20,0.3499999940395355,567.6099853515625,0.16076484322547913
1737286265.0462687,20832,1737286265,42818412,,2.751305103302002,2.748188018798828,20,0.36000001430511475,567.6300048828125,0.13092775642871857
1737286265.1464107,20833,1737286265,142460301,,2.7915258407592773,2.7891626358032227,20,0.3700000047683716,567.6499633789062,0.11483769863843918
1737286265.249099,20834,1737286265,242710116,,2.823277473449707,2.820152759552002,20,0.36000001430511475,567.6699829101562,0.13278967142105103
1737286265.3458889,20835,1737286265,342650449,,2.8284852504730225,2.8248395919799805,20,0.36000001430511475,567.6900024414062,0.14356482028961182
1737286265.4495275,20836,1737286265,443057986,,2.8797128200531006,2.874187469482422,20,0.36000001430511475,567.719970703125,0.17830444872379303
1737286265.5479798,20837,1737286265,542928060,,2.8986117839813232,2.892301559448242,21,0.36000001430511475,567.75,0.19115740060806274
1737286265.6465926,20838,1737286265,642892153,,2.917473316192627,2.9107208251953125,21,0.36000001430511475,567.7799682617188,0.1983782798051834
1737286265.746901,20839,1737286265,743157467,,2.947542428970337,2.939126491546631,21,0.36000001430511475,567.8099975585938,0.22258271276950836
1737286265.8469923,20840,1737286265,842883523,,2.993757963180542,2.9831886291503906,22,0.36000001430511475,567.8499755859375,0.25134119391441345
1737286265.9466224,20841,1737286265,942939615,,3.0229427814483643,3.01072359085083,22,0.36000001430511475,567.8800048828125,0.271523118019104
1737286266.046396,20842,1737286266,42860078,,3.041731595993042,3.0282082557678223,22,0.36000001430511475,567.9199829101562,0.2865068316459656
1737286266.1493144,20843,1737286266,142953097,,3.050041913986206,3.0344347953796387,22,0.36000001430511475,567.9599609375,0.308157742023468
1737286266.2443078,20844,1737286266,241751467,,3.049590826034546,3.031250238418579,21,0.36000001430511475,568.0,0.33395546674728394
1737286266.3459048,20845,1737286266,342922041,,3.033743143081665,3.0124149322509766,21,0.36000001430511475,568.0499877929688,0.35910171270370483
1737286266.4460044,20846,1737286266,442571393,,2.97697377204895,2.9516022205352783,20,0.3700000047683716,568.0899658203125,0.387835830450058
1737286266.545759,20847,1737286266,543378726,,2.9087255001068115,2.8782641887664795,19,0.3799999952316284,568.1499633789062,0.41985470056533813
1737286266.6543992,20848,1737286266,644315411,,2.828183889389038,2.7890799045562744,23,0.3799999952316284,568.2099609375,0.4686766564846039
1737286266.7478774,20849,1737286266,743156374,,2.7379987239837646,2.6840434074401855,19,0.3799999952316284,568.2699584960938,0.5408759713172913
1737286266.8466146,20850,1737286266,841888022,,2.6344761848449707,2.5675878524780273,14,0.3700000047683716,568.3399658203125,0.5898796916007996
1737286266.9433799,20851,1737286266,942049355,,2.5083470344543457,2.4326720237731934,11,0.36000001430511475,568.4099731445312,0.6114831566810608
1737286267.044864,20852,1737286267,41964392,,2.3799374103546143,2.2956302165985107,10,0.36000001430511475,568.489990234375,0.6278403401374817
1737286267.188891,20853,1737286267,143370855,,2.2498295307159424,2.157674789428711,8,0.36000001430511475,568.5599975585938,0.637316882610321
1737286267.2471676,20854,1737286267,242254818,,2.1267175674438477,2.0272376537323,5,0.36000001430511475,568.6400146484375,0.6428335309028625
1737286267.344333,20855,1737286267,342058059,,2.007174015045166,1.900039553642273,2,0.36000001430511475,568.7099609375,0.646991491317749
1737286267.4506927,20856,1737286267,442353744,,1.8898242712020874,1.7737901210784912,357,0.3499999940395355,568.7799682617188,0.6519998908042908
1737286267.544719,20857,1737286267,542494040,,1.7556452751159668,1.642587661743164,353,0.36000001430511475,568.8499755859375,0.619835615158081
1737286267.645914,20858,1737286267,644177596,,1.6652283668518066,1.544865608215332,348,0.36000001430511475,568.9099731445312,0.6215915083885193
1737286267.7521646,20859,1737286267,743145448,,1.5556548833847046,1.4407474994659424,343,0.36000001430511475,568.969970703125,0.5867788195610046
1737286267.8482697,20860,1737286267,842302596,,1.470057725906372,1.3487764596939087,335,0.36000001430511475,569.0199584960938,0.5846980810165405
1737286267.9496653,20861,1737286267,943093725,,1.411525011062622,1.2783856391906738,327,0.36000001430511475,569.0700073242188,0.5984420776367188
1737286268.0481465,20862,1737286268,43178855,,1.3408417701721191,1.2062562704086304,320,0.3499999940395355,569.1199951171875,0.5854935050010681
1737286268.145608,20863,1737286268,142384151,,1.2858123779296875,1.1519571542739868,312,0.3400000035762787,569.1699829101562,0.5712338089942932
1737286268.2451363,20864,1737286268,242249484,,1.224488615989685,1.0969549417495728,304,0.3400000035762787,569.2099609375,0.5441161394119263
1737286268.3450074,20865,1737286268,342195373,,1.1867451667785645,1.0704368352890015,298,0.36000001430511475,569.260009765625,0.5123757123947144
1737286268.4524486,20866,1737286268,442192503,,1.1894370317459106,1.074652075767517,293,0.36000001430511475,569.2999877929688,0.5097874999046326
1737286268.5454454,20867,1737286268,542698077,,1.1839547157287598,1.0672073364257812,288,0.3499999940395355,569.3399658203125,0.5126574039459229
1737286268.6522112,20868,1737286268,642318891,,1.1824995279312134,1.071475625038147,282,0.3499999940395355,569.3800048828125,0.500245213508606
1737286268.74572,20869,1737286268,742125021,,1.179040789604187,1.0623891353607178,276,0.36000001430511475,569.4199829101562,0.5113376975059509
1737286268.8477266,20870,1737286268,842345910,,1.1643579006195068,1.0401520729064941,270,0.3499999940395355,569.4599609375,0.5232714414596558
1737286268.9462235,20871,1737286268,942375947,,1.1523280143737793,1.0259524583816528,265,0.3400000035762787,569.489990234375,0.5246725082397461
1737286269.0457428,20872,1737286269,42335188,,1.1296011209487915,1.0070446729660034,261,0.33000001311302185,569.5199584960938,0.5117224454879761
1737286269.1489418,20873,1737286269,142385854,,1.076202630996704,0.9685048460960388,257,0.3199999928474426,569.5599975585938,0.46926599740982056
1737286269.2470834,20874,1737286269,242398280,,1.0200210809707642,0.9289035797119141,254,0.3100000023841858,569.5800170898438,0.42140382528305054
1737286269.3475406,20875,1737286269,342587039,,0.9503822326660156,0.8796630501747131,252,0.3100000023841858,569.6099853515625,0.35974904894828796
1737286269.4467807,20876,1737286269,442485613,,0.8812388181686401,0.8303966522216797,250,0.3100000023841858,569.6199951171875,0.29499709606170654
1737286269.5471666,20877,1737286269,542328798,,0.8150044083595276,0.7783147096633911,249,0.3100000023841858,569.6400146484375,0.24178186058998108
1737286269.6475663,20878,1737286269,642774280,,0.7301602363586426,0.7080880403518677,248,0.3199999928474426,569.6499633789062,0.17817223072052002
1737286269.7484522,20879,1737286269,742489483,,0.643371045589447,0.6325939893722534,246,0.3199999928474426,569.6499633789062,0.1172652617096901
1737286269.8465097,20880,1737286269,842382002,,0.5725663304328918,0.567753791809082,246,0.33000001311302185,569.6400146484375,0.07407976686954498
1737286269.9543464,20881,1737286269,942477687,,0.5204427242279053,0.5167475342750549,244,0.3400000035762787,569.6300048828125,0.061908069998025894
1737286270.0479536,20882,1737286270,42715946,,0.4320666193962097,0.43137019872665405,243,0.3400000035762787,569.6199951171875,0.024521479383111
1737286270.1457555,20883,1737286270,142692465,,0.37293726205825806,0.3728659451007843,241,0.3499999940395355,569.6199951171875,0.007293262518942356
1737286270.2459726,20884,1737286270,242737094,,0.3276396691799164,0.3271314799785614,239,0.36000001430511475,569.6099853515625,0.018242016434669495
1737286270.345515,20885,1737286270,342668576,,0.2570224702358246,0.2560148537158966,237,0.36000001430511475,569.5999755859375,0.022736480459570885
1737286270.4464328,20886,1737286270,442772002,,0.22921037673950195,0.22724448144435883,234,0.36000001430511475,569.5999755859375,0.02995571307837963
1737286270.5460784,20887,1737286270,542711576,,0.18466325104236603,0.1786549836397171,231,0.36000001430511475,569.5899658203125,0.046721652150154114
1737286270.6474602,20888,1737286270,642868390,,0.18124690651893616,0.17020684480667114,228,0.36000001430511475,569.5899658203125,0.06229023635387421
1737286270.7466238,20889,1737286270,742901872,,0.14113645255565643,0.11901958286762238,224,0.36000001430511475,569.5999755859375,0.07585404068231583
1737286270.8454201,20890,1737286270,842977464,,0.1444454938173294,0.10982615500688553,221,0.3499999940395355,569.5999755859375,0.09382278472185135
1737286270.9475443,20891,1737286270,942567242,,0.15371716022491455,0.08949200809001923,219,0.3499999940395355,569.5999755859375,0.12498058378696442
1737286271.04825,20892,1737286271,42528705,,0.17995481193065643,0.10949002206325531,218,0.3400000035762787,569.6099853515625,0.14281341433525085
1737286271.1487772,20893,1737286271,142775464,,0.15130460262298584,0.08123285323381424,218,0.3400000035762787,569.6199951171875,0.12764914333820343
1737286271.2484033,20894,1737286271,242787723,,0.15351711213588715,0.08891168981790543,218,0.3400000035762787,569.6300048828125,0.12514878809452057
1737286271.347281,20895,1737286271,342730631,,0.169771209359169,0.11449214816093445,219,0.3400000035762787,569.6300048828125,0.12535473704338074
1737286271.4469173,20896,1737286271,442848112,,0.17684794962406158,0.12113339453935623,220,0.3400000035762787,569.6300048828125,0.1288483440876007
1737286271.5480733,20897,1737286271,542810260,,0.1437784880399704,0.10078521072864532,221,0.3499999940395355,569.6300048828125,0.10254070162773132
1737286271.646268,20898,1737286271,642827390,,0.12846486270427704,0.08069971948862076,222,0.3400000035762787,569.6300048828125,0.09995387494564056
1737286271.7485745,20899,1737286271,742632241,,0.11587605625391006,0.07971332967281342,223,0.3499999940395355,569.6300048828125,0.08410140126943588
1737286271.8527157,20900,1737286271,842794778,,0.12518860399723053,0.08918431401252747,224,0.3499999940395355,569.6199951171875,0.08785410225391388
1737286271.9496567,20901,1737286271,942708667,,0.12049522250890732,0.07324682176113129,224,0.3499999940395355,569.6199951171875,0.09567654877901077
1737286272.0479758,20902,1737286272,42995778,,0.11507370322942734,0.08083461970090866,225,0.3499999940395355,569.6199951171875,0.08190067112445831
1737286272.1481264,20903,1737286272,142884334,,0.1298869103193283,0.08690843731164932,225,0.3499999940395355,569.6199951171875,0.09652739018201828
1737286272.247357,20904,1737286272,243048852,,0.130734384059906,0.08586521446704865,224,0.3499999940395355,569.6199951171875,0.09858318418264389
1737286272.3462589,20905,1737286272,342961760,,0.13807547092437744,0.09747530519962311,224,0.3499999940395355,569.6199951171875,0.09779264777898788
1737286272.4489167,20906,1737286272,443114741,,0.1448260098695755,0.09187617152929306,224,0.3499999940395355,569.6199951171875,0.11195240169763565
1737286272.548091,20907,1737286272,542846630,,0.1445474773645401,0.09970546513795853,223,0.3499999940395355,569.6199951171875,0.10465559363365173
1737286272.6480205,20908,1737286272,642988259,,0.1559467613697052,0.1093839630484581,222,0.3400000035762787,569.6300048828125,0.11115097254514694
1737286272.7464297,20909,1737286272,742810537,,0.14554442465305328,0.11238303035497665,222,0.3400000035762787,569.6400146484375,0.09248371422290802
1737286272.845796,20910,1737286272,842760463,,0.14645572006702423,0.10953451693058014,221,0.3400000035762787,569.6499633789062,0.09721864759922028
1737286272.9460413,20911,1737286272,942778944,,0.1441470831632614,0.11405609548091888,221,0.3400000035762787,569.6499633789062,0.08814527839422226
1737286273.0492225,20912,1737286273,43028944,,0.1322677582502365,0.10211127996444702,221,0.3400000035762787,569.6599731445312,0.08407168090343475
1737286273.147183,20913,1737286273,143035185,,0.12321814149618149,0.099844790995121,221,0.3400000035762787,569.6699829101562,0.07220614701509476
1737286273.2469976,20914,1737286273,242860981,,0.11101353168487549,0.07655271142721176,222,0.3400000035762787,569.6799926757812,0.08039704710245132
1737286273.3485324,20915,1737286273,343105000,,0.10256139189004898,0.0720733031630516,222,0.3400000035762787,569.6799926757812,0.07296764850616455
1737286273.4487758,20916,1737286273,443167907,,0.09444651007652283,0.05860940366983414,222,0.3400000035762787,569.6900024414062,0.07406134158372879
1737286273.5483913,20917,1737286273,543071000,,0.08439283818006516,0.06712719798088074,222,0.3400000035762787,569.6900024414062,0.051147736608982086
1737286273.6486886,20918,1737286273,643228037,,0.09209606051445007,0.08826597034931183,222,0.3400000035762787,569.6900024414062,0.02628312073647976
1737286273.7483542,20919,1737286273,743157592,,0.06076335906982422,0.057849541306495667,222,0.3499999940395355,569.6900024414062,0.018590742722153664
1737286273.8447144,20920,1737286273,842253222,,0.047536469995975494,0.0397554375231266,222,0.3400000035762787,569.6900024414062,0.02606186829507351
1737286273.9454663,20921,1737286273,942926185,,0.045291800051927567,0.02698473632335663,223,0.3400000035762787,569.6900024414062,0.03637542203068733
1737286274.0463254,20922,1737286274,42439481,,0.047353439033031464,0.034166738390922546,223,0.3499999940395355,569.7000122070312,0.03278692439198494
1737286274.1457894,20923,1737286274,144670388,,0.07039515674114227,0.06955412030220032,223,0.3499999940395355,569.7000122070312,0.010849136859178543
1737286274.246495,20924,1737286274,242208444,,0.05639485642313957,0.054425083100795746,223,0.3499999940395355,569.7000122070312,0.01477466244250536
1737286274.3443747,20925,1737286274,342079240,,0.04243480786681175,0.0404047891497612,223,0.3400000035762787,569.7000122070312,0.012967883609235287
1737286274.4452431,20926,1737286274,442175907,,0.05742834135890007,0.05249391123652458,223,0.3499999940395355,569.7000122070312,0.02328956127166748
1737286274.5451536,20927,1737286274,542177740,,0.06118953600525856,0.05585067346692085,223,0.3400000035762787,569.7000122070312,0.024997226893901825
1737286274.6447048,20928,1737286274,642252666,,0.061395592987537384,0.06043490394949913,223,0.3400000035762787,569.7000122070312,0.010818534530699253
1737286274.748302,20929,1737286274,742210610,,0.037701062858104706,0.03572497144341469,223,0.3400000035762787,569.7099609375,0.012045599520206451
1737286274.8482122,20930,1737286274,843343517,,0.050260066986083984,0.03876608982682228,223,0.3400000035762787,569.7099609375,0.03198850527405739
1737286274.945952,20931,1737286274,942228869,,0.04440941661596298,0.03837995603680611,223,0.3400000035762787,569.7099609375,0.02234223484992981
1737286275.0451102,20932,1737286275,42415777,,0.034294821321964264,0.03385863080620766,223,0.3400000035762787,569.7099609375,0.005452324170619249
1737286275.1459923,20933,1737286275,142268906,,0.02829187735915184,0.02764504961669445,223,0.3499999940395355,569.7099609375,0.0060151186771690845
1737286275.2482584,20934,1737286275,242268165,,0.042416468262672424,0.04186605289578438,223,0.3499999940395355,569.7099609375,0.006811054889112711
1737286275.3472188,20935,1737286275,342335499,,0.06134510412812233,0.05919630825519562,223,0.3499999940395355,569.7099609375,0.01609407551586628
1737286275.445612,20936,1737286275,442379943,,0.07212401181459427,0.06715454906225204,223,0.3499999940395355,569.7099609375,0.026308538392186165
1737286275.5455432,20937,1737286275,542301943,,0.05864770710468292,0.05621804669499397,223,0.3499999940395355,569.7099609375,0.016705835238099098
1737286275.6459804,20938,1737286275,642459406,,0.051536593586206436,0.050927188247442245,223,0.3400000035762787,569.719970703125,0.007902002893388271
1737286275.7453005,20939,1737286275,742477480,,0.04335806146264076,0.04286990314722061,223,0.3499999940395355,569.719970703125,0.006487893406301737
1737286275.8453095,20940,1737286275,842359554,,0.04432038962841034,0.04384405165910721,223,0.3400000035762787,569.719970703125,-0.0064804283902049065
1737286275.9486685,20941,1737286275,942478498,,0.06002486124634743,0.05936339497566223,223,0.3400000035762787,569.719970703125,0.008886557072401047
1737286276.04789,20942,1737286276,42549739,,0.06816942244768143,0.06678611040115356,223,0.3400000035762787,569.719970703125,0.013663294725120068
1737286276.1470242,20943,1737286276,142529813,,0.0584283284842968,0.05739864706993103,223,0.3400000035762787,569.719970703125,0.010920830070972443
1737286276.245376,20944,1737286276,242514702,,0.05909380689263344,0.05627618730068207,223,0.3400000035762787,569.719970703125,0.018029658123850822
1737286276.3492084,20945,1737286276,342428961,,0.04224563390016556,0.04220493510365486,223,0.3400000035762787,569.719970703125,0.0018538481090217829
1737286276.4499996,20946,1737286276,442680720,,0.03657252714037895,0.03568384796380997,223,0.3400000035762787,569.72998046875,-0.008013286627829075
1737286276.5487835,20947,1737286276,542535572,,0.06150832027196884,0.06062092259526253,222,0.3400000035762787,569.72998046875,0.010410435497760773
1737286276.6480975,20948,1737286276,642577368,,0.056439533829689026,0.05506760999560356,222,0.3400000035762787,569.72998046875,0.012368494644761086
1737286276.7460148,20949,1737286276,742568479,,0.03878011927008629,0.0382813885807991,222,0.3499999940395355,569.72998046875,-0.006199415307492018
1737286276.8482187,20950,1737286276,842411720,,0.03642287105321884,0.03618170693516731,222,0.3400000035762787,569.72998046875,-0.004184463527053595
1737286276.949944,20951,1737286276,942514942,,0.03061516582965851,0.027753515169024467,222,0.3400000035762787,569.72998046875,-0.012924042530357838
1737286277.0459278,20952,1737286277,42433109,,0.029265834018588066,0.028596753254532814,222,0.3400000035762787,569.72998046875,-0.006222121883183718
1737286277.1510441,20953,1737286277,143981794,,0.01982993260025978,0.01958143711090088,222,0.3400000035762787,569.72998046875,-0.003129465039819479
1737286277.2467911,20954,1737286277,242535220,,0.026516489684581757,0.026501845568418503,222,0.3400000035762787,569.72998046875,0.0008811308653093874
1737286277.3577864,20955,1737286277,342672183,,0.03622468188405037,0.03293036296963692,222,0.3400000035762787,569.72998046875,0.015093672089278698
1737286277.4483392,20956,1737286277,442519053,,0.020315365865826607,0.020108744502067566,222,0.3400000035762787,569.72998046875,-0.002890062052756548
1737286277.5462546,20957,1737286277,542762571,,0.03117949143052101,0.028752410784363747,222,0.3400000035762787,569.72998046875,-0.012060664594173431
1737286277.6459727,20958,1737286277,643011182,,0.024135082960128784,0.01721130684018135,222,0.3499999940395355,569.72998046875,-0.016919609159231186
1737286277.745761,20959,1737286277,742762923,,0.021701833233237267,0.00813827570527792,222,0.3499999940395355,569.72998046875,-0.020118102431297302
1737286277.8455076,20960,1737286277,842792219,,0.009903212077915668,0.009112962521612644,222,0.3499999940395355,569.72998046875,-0.0038765370845794678
1737286277.9463394,20961,1737286277,942551775,,0.007726722862571478,0.007436940912157297,222,0.3499999940395355,569.72998046875,0.0020962234120815992
1737286278.0497427,20962,1737286278,42581164,,0.0073420265689492226,0.005083039868623018,222,0.3499999940395355,569.72998046875,-0.005297929514199495
1737286278.1463804,20963,1737286278,143194293,,0.02473853901028633,0.02174784429371357,222,0.3499999940395355,569.72998046875,-0.011790952645242214
1737286278.2454586,20964,1737286278,242806089,,0.04034275934100151,0.034331370145082474,222,0.3499999940395355,569.719970703125,-0.02118714340031147
1737286278.3470247,20965,1737286278,342882497,,0.0403134860098362,0.03973986580967903,222,0.3499999940395355,569.719970703125,-0.006776453461498022
1737286278.445314,20966,1737286278,442822219,,0.03671820089221001,0.035930193960666656,222,0.3499999940395355,569.72998046875,-0.007566205225884914
1737286278.5479405,20967,1737286278,542829941,,0.025497734546661377,0.024989554658532143,223,0.3400000035762787,569.72998046875,-0.005065244156867266
1737286278.645338,20968,1737286278,642979052,,0.018618520349264145,0.01567867211997509,223,0.3400000035762787,569.72998046875,0.010041342116892338
1737286278.746235,20969,1737286278,743176237,,0.01216624304652214,0.012094358913600445,223,0.3499999940395355,569.72998046875,0.001320596202276647
1737286278.8473585,20970,1737286278,843046422,,0.043181437999010086,0.04102259874343872,223,0.3499999940395355,569.72998046875,-0.013482687994837761
1737286278.9457867,20971,1737286278,942970033,,0.04170893505215645,0.036032550036907196,223,0.3499999940395355,569.72998046875,-0.021006913855671883
1737286279.0458214,20972,1737286279,43039496,,0.028939276933670044,0.02410481497645378,223,0.3499999940395355,569.72998046875,-0.01601373217999935
1737286279.1458323,20973,1737286279,142897107,,0.012525491416454315,0.012302844785153866,223,0.3499999940395355,569.719970703125,-0.002351155038923025
1737286279.245677,20974,1737286279,242881144,,0.03433937579393387,0.03348834440112114,223,0.3499999940395355,569.72998046875,-0.007597614079713821
1737286279.3473706,20975,1737286279,342906218,,0.03844071924686432,0.03375108540058136,223,0.3499999940395355,569.72998046875,-0.018399816006422043
1737286279.446429,20976,1737286279,443030589,,0.02094173990190029,0.020918192341923714,223,0.3499999940395355,569.72998046875,0.000992886838503182
1737286279.5476365,20977,1737286279,543004552,,0.030762627720832825,0.028407972306013107,223,0.3400000035762787,569.72998046875,0.011803661473095417
1737286279.647366,20978,1737286279,643072126,,0.032803211361169815,0.030286099761724472,222,0.3400000035762787,569.72998046875,0.0126017015427351
1737286279.7458522,20979,1737286279,743189477,,0.019663311541080475,0.018378980457782745,222,0.3400000035762787,569.72998046875,0.006989908870309591
1737286279.8488526,20980,1737286279,843219014,,0.015952685847878456,0.015367272309958935,222,0.3400000035762787,569.72998046875,-0.004281957168132067
1737286279.9492493,20981,1737286279,943086088,,0.029717836529016495,0.02624056302011013,222,0.3400000035762787,569.739990234375,-0.013949285261332989
1737286280.0452483,20982,1737286280,43089737,,0.040655866265296936,0.040122631937265396,222,0.3499999940395355,569.72998046875,0.006563056260347366
1737286280.1491046,20983,1737286280,142997718,,0.03295131027698517,0.032948557287454605,222,0.3499999940395355,569.739990234375,0.00042585202027112246
1737286280.2522173,20984,1737286280,243280033,,0.02517196349799633,0.02189347706735134,222,0.3499999940395355,569.739990234375,-0.012421892955899239
1737286280.347927,20985,1737286280,343014736,,0.02937411516904831,0.02359750121831894,222,0.3499999940395355,569.72998046875,-0.017492758110165596
1737286280.446127,20986,1737286280,443585514,,0.03543639928102493,0.02268041856586933,222,0.3499999940395355,569.72998046875,-0.027227504178881645
1737286280.5480134,20987,1737286280,542944662,,0.03464450314640999,0.029192758724093437,222,0.3499999940395355,569.72998046875,-0.018655411899089813
1737286280.6457684,20988,1737286280,643419921,,0.04636506363749504,0.04456426203250885,223,0.3499999940395355,569.72998046875,-0.012796314433217049
1737286280.7498739,20989,1737286280,743376477,,0.06005170941352844,0.05939493328332901,222,0.3499999940395355,569.72998046875,-0.008857200853526592
1737286280.8488379,20990,1737286280,843263736,,0.04671970382332802,0.0467035137116909,222,0.3499999940395355,569.72998046875,-0.001229919376783073
1737286280.9466488,20991,1737286280,943334051,,0.03475126996636391,0.03241182118654251,223,0.3499999940395355,569.72998046875,-0.012534922920167446
1737286281.0480819,20992,1737286281,43024791,,0.032764654606580734,0.02589857392013073,223,0.3499999940395355,569.72998046875,-0.020069541409611702
1737286281.1464977,20993,1737286281,143544717,,0.04794490709900856,0.04711773619055748,223,0.3499999940395355,569.72998046875,-0.008867522701621056
1737286281.2468052,20994,1737286281,243428865,,0.06366586685180664,0.06350816786289215,222,0.3499999940395355,569.72998046875,0.004478338174521923
1737286281.3491993,20995,1737286281,343383532,,0.030718479305505753,0.030628453940153122,222,0.3499999940395355,569.739990234375,0.0023500537499785423
1737286281.4484131,20996,1737286281,443263717,,0.007701470982283354,0.0072469222359359264,222,0.3499999940395355,569.739990234375,0.0026066789869219065
1737286281.549192,20997,1737286281,543405310,,0.02084195800125599,0.013140183873474598,222,0.3400000035762787,569.739990234375,-0.016177847981452942
1737286281.6472158,20998,1737286281,642365032,,0.009422642178833485,0.008227447979152203,222,0.3400000035762787,569.72998046875,-0.004592961631715298
1737286281.7491949,20999,1737286281,743398143,,0.017765609547495842,0.017416860908269882,222,0.3400000035762787,569.72998046875,0.003502827836200595
1737286281.8457499,21000,1737286281,842207495,,0.012204311788082123,0.010418160818517208,222,0.3400000035762787,569.72998046875,0.006356663070619106
1737286281.9461524,21001,1737286281,942386124,,0.014187155291438103,0.011535584926605225,222,0.3400000035762787,569.72998046875,0.008258671499788761
1737286282.046606,21002,1737286282,42309624,,0.038213811814785004,0.03511873632669449,222,0.3499999940395355,569.72998046875,-0.015065517276525497
1737286282.1455035,21003,1737286282,142397013,,0.03743414208292961,0.03477535396814346,222,0.3499999940395355,569.719970703125,-0.013856040313839912
1737286282.2456844,21004,1737286282,242428939,,0.03644382581114769,0.03366473689675331,222,0.3499999940395355,569.719970703125,-0.013958435505628586
1737286282.3516102,21005,1737286282,342640050,,0.035970985889434814,0.035960398614406586,222,0.3499999940395355,569.719970703125,0.0008727256790734828
1737286282.4452367,21006,1737286282,442457735,,0.03989057242870331,0.037687454372644424,222,0.3499999940395355,569.719970703125,0.013073388487100601
1737286282.5527866,21007,1737286282,542460124,,0.04250815138220787,0.04192021116614342,222,0.3499999940395355,569.719970703125,-0.00704549066722393
1737286282.645951,21008,1737286282,643069735,,0.05287635326385498,0.052795879542827606,222,0.3499999940395355,569.719970703125,-0.0029161255806684494
1737286282.7446458,21009,1737286282,742263198,,0.0485195554792881,0.04804478958249092,223,0.3499999940395355,569.719970703125,-0.006770932115614414
1737286282.8450074,21010,1737286282,842229124,,0.047328412532806396,0.047024425119161606,222,0.3499999940395355,569.72998046875,0.005355543456971645
1737286282.9463086,21011,1737286282,942553494,,0.040655896067619324,0.03924146294593811,222,0.3499999940395355,569.72998046875,0.010630588978528976
1737286283.0473816,21012,1737286283,42540420,,0.0460515171289444,0.04463597387075424,222,0.3499999940395355,569.72998046875,-0.01133012305945158
1737286283.1450613,21013,1737286283,142386716,,0.040155310183763504,0.03715972602367401,223,0.3499999940395355,569.72998046875,-0.015218534506857395
1737286283.245223,21014,1737286283,242280364,,0.04807618632912636,0.048060137778520584,223,0.3499999940395355,569.72998046875,0.001242104102857411
1737286283.3461049,21015,1737286283,344733846,,0.05542384833097458,0.0553058460354805,223,0.3400000035762787,569.72998046875,-0.003614841029047966
1737286283.445475,21016,1737286283,442562716,,0.03479369729757309,0.03300623223185539,223,0.3499999940395355,569.72998046875,-0.011008629575371742
1737286283.5453792,21017,1737286283,542375901,,0.04886174574494362,0.046207211911678314,223,0.3499999940395355,569.72998046875,-0.015885962173342705
1737286283.6456459,21018,1737286283,642648123,,0.05219728499650955,0.052008140832185745,223,0.3499999940395355,569.72998046875,-0.004439537413418293
1737286283.744871,21019,1737286283,742731105,,0.04372253641486168,0.04271651804447174,223,0.3499999940395355,569.72998046875,-0.009325175546109676
1737286283.8454833,21020,1737286283,842644827,,0.05101776495575905,0.04995948076248169,223,0.3499999940395355,569.72998046875,-0.010337430983781815
1737286283.9544866,21021,1737286283,942753568,,0.053186528384685516,0.04954268038272858,223,0.3499999940395355,569.719970703125,-0.019347595050930977
1737286284.054974,21022,1737286284,42634086,,0.056013647466897964,0.05411340668797493,223,0.3499999940395355,569.719970703125,-0.014466088265180588
1737286284.1494637,21023,1737286284,142448938,,0.06355977058410645,0.06252381950616837,222,0.3499999940395355,569.719970703125,0.011428718455135822
1737286284.2457976,21024,1737286284,242667067,,0.05783534422516823,0.05592302978038788,222,0.3499999940395355,569.719970703125,0.014749305322766304
1737286284.3480382,21025,1737286284,342646382,,0.04885772988200188,0.048039671033620834,222,0.3400000035762787,569.719970703125,0.008903250098228455
1737286284.4458177,21026,1737286284,442591382,,0.04500899091362953,0.044756390154361725,222,0.3400000035762787,569.719970703125,0.004761808086186647
1737286284.5462239,21027,1737286284,542558697,,0.05192221701145172,0.05138744041323662,222,0.3499999940395355,569.719970703125,-0.007432893384248018
1737286284.6468894,21028,1737286284,642727456,,0.06623488664627075,0.06584377586841583,222,0.3499999940395355,569.72998046875,0.007187333889305592
1737286284.7469146,21029,1737286284,742764826,,0.06491938978433609,0.06214400753378868,222,0.3400000035762787,569.72998046875,0.018778972327709198
1737286284.8453171,21030,1737286284,842762271,,0.03626757860183716,0.03621228411793709,222,0.3499999940395355,569.72998046875,0.002001918386667967
1737286284.94518,21031,1737286284,942580104,,0.029870234429836273,0.029853934422135353,222,0.3499999940395355,569.72998046875,-0.0009867023909464478
1737286285.045513,21032,1737286285,42524845,,0.03257580101490021,0.030834900215268135,222,0.3400000035762787,569.72998046875,-0.010506742633879185
1737286285.1479902,21033,1737286285,142829474,,0.029371142387390137,0.028192197903990746,222,0.3400000035762787,569.72998046875,-0.00823796447366476
1737286285.2468529,21034,1737286285,242792215,,0.03454979136586189,0.034387025982141495,222,0.3400000035762787,569.72998046875,0.003349726554006338
1737286285.3457677,21035,1737286285,342640919,,0.030498621985316277,0.028749896213412285,222,0.3400000035762787,569.72998046875,0.010178869590163231
1737286285.447639,21036,1737286285,444448307,,0.021989455446600914,0.02184188924729824,222,0.3499999940395355,569.719970703125,0.0025432573165744543
1737286285.5474048,21037,1737286285,543009881,,0.037248898297548294,0.0328364223241806,222,0.3499999940395355,569.719970703125,-0.017585501074790955
1737286285.6465936,21038,1737286285,643022141,,0.028244713321328163,0.024731438606977463,222,0.3499999940395355,569.719970703125,-0.013642575591802597
1737286285.746306,21039,1737286285,743059529,,0.031077232211828232,0.030531689524650574,222,0.3400000035762787,569.719970703125,0.005797437392175198
1737286285.8523743,21040,1737286285,843118937,,0.0352296456694603,0.03480346500873566,222,0.3499999940395355,569.719970703125,0.005463218782097101
1737286285.9491158,21041,1737286285,942882066,,0.02071494236588478,0.020535435527563095,222,0.3499999940395355,569.719970703125,0.0027211804408580065
1737286286.0470722,21042,1737286286,43031789,,0.0216355100274086,0.021625982597470284,222,0.3499999940395355,569.719970703125,-0.0006419748533517122
1737286286.1486185,21043,1737286286,142928214,,0.03420077636837959,0.03379444777965546,222,0.3499999940395355,569.719970703125,-0.00525627750903368
1737286286.2478802,21044,1737286286,242940622,,0.04107428714632988,0.04105846583843231,222,0.3499999940395355,569.719970703125,-0.0011399307986721396
1737286286.347854,21045,1737286286,342808807,,0.04829555004835129,0.047326840460300446,222,0.3499999940395355,569.719970703125,-0.009624479338526726
1737286286.4483497,21046,1737286286,442944325,,0.03123808093369007,0.030711499974131584,222,0.3499999940395355,569.719970703125,0.005711517762392759
1737286286.5487754,21047,1737286286,543004473,,0.03270070627331734,0.028508391231298447,222,0.3499999940395355,569.719970703125,0.016018982976675034
1737286286.6459475,21048,1737286286,643091047,,0.0269472636282444,0.019825244322419167,221,0.3499999940395355,569.719970703125,0.01825142838060856
1737286286.7456238,21049,1737286286,742886047,,0.024418575689196587,0.018491631373763084,221,0.3400000035762787,569.719970703125,0.01594761572778225
1737286286.8462715,21050,1737286286,843089418,,0.022865813225507736,0.02251671627163887,221,0.3400000035762787,569.719970703125,0.003980313427746296
1737286286.9468977,21051,1737286286,943042844,,0.02772419899702072,0.025786083191633224,221,0.3400000035762787,569.719970703125,0.010183765552937984
1737286287.0489836,21052,1737286287,43170381,,0.029467737302184105,0.028291136026382446,221,0.3400000035762787,569.719970703125,0.008243737742304802
1737286287.1481333,21053,1737286287,143261084,,0.036523278802633286,0.029605139046907425,221,0.3400000035762787,569.719970703125,0.021388914436101913
1737286287.2465632,21054,1737286287,243113677,,0.03736581280827522,0.0320969894528389,221,0.3400000035762787,569.719970703125,0.01913079433143139
1737286287.3494704,21055,1737286287,343247751,,0.03574538230895996,0.027181265875697136,221,0.3400000035762787,569.719970703125,0.02321445569396019
1737286287.445675,21056,1737286287,442954177,,0.02990419790148735,0.023793276399374008,221,0.3400000035762787,569.719970703125,0.018114665523171425
1737286287.5480487,21057,1737286287,542938732,,0.03554929792881012,0.035341452807188034,221,0.3400000035762787,569.719970703125,0.003838528413325548
1737286287.6488156,21058,1737286287,643060602,,0.04487675800919533,0.04473905637860298,221,0.3400000035762787,569.719970703125,-0.003512837691232562
1737286287.7485979,21059,1737286287,743089269,,0.041573673486709595,0.04095233976840973,221,0.3400000035762787,569.7099609375,-0.0071607548743486404
1737286287.847229,21060,1737286287,843154047,,0.028860803693532944,0.028856346383690834,221,0.3400000035762787,569.7099609375,-0.0005072203930467367
1737286287.9452095,21061,1737286287,942955102,,0.022035498172044754,0.016917522996664047,221,0.3400000035762787,569.7099609375,0.014119508676230907
1737286288.0483737,21062,1737286288,43238639,,0.03226190432906151,0.01152319647371769,221,0.3400000035762787,569.7000122070312,0.0301338080316782
1737286288.1453788,21063,1737286288,143053324,,0.03693244233727455,0.03319142758846283,221,0.3400000035762787,569.7000122070312,0.01619674265384674
1737286288.2484136,21064,1737286288,243245232,,0.040754031389951706,0.037435855716466904,222,0.3400000035762787,569.7000122070312,0.016107385978102684
1737286288.3452096,21065,1737286288,344199195,,0.04492991790175438,0.044897813349962234,222,0.3400000035762787,569.7000122070312,0.0016981950029730797
1737286288.4490485,21066,1737286288,443182398,,0.034333351999521255,0.033267904072999954,222,0.3499999940395355,569.6900024414062,0.008486784063279629
1737286288.545802,21067,1737286288,542981046,,0.03105909191071987,0.023272981867194176,222,0.3499999940395355,569.6900024414062,0.020567825064063072
1737286288.6448956,21068,1737286288,642055472,,0.041587818413972855,0.0304012019187212,222,0.3499999940395355,569.6900024414062,0.028378048911690712
1737286288.74707,21069,1737286288,743592676,,0.05910321697592735,0.052332740277051926,222,0.3499999940395355,569.6900024414062,0.02746770530939102
1737286288.844226,21070,1737286288,842074268,,0.06625398993492126,0.05957866460084915,222,0.3400000035762787,569.6900024414062,0.028982307761907578
1737286288.9442625,21071,1737286288,943328472,,0.0489288829267025,0.03596503660082817,222,0.3400000035762787,569.6900024414062,0.03317456319928169
1737286289.04472,21072,1737286289,42348065,,0.0562274232506752,0.02833491750061512,222,0.3400000035762787,569.7000122070312,0.04856599122285843
1737286289.1466281,21073,1737286289,142109472,,0.06123422458767891,0.044640831649303436,222,0.3400000035762787,569.7000122070312,0.04191451147198677
1737286289.2467926,21074,1737286289,242153324,,0.04674993082880974,0.03872821852564812,222,0.3400000035762787,569.7099609375,0.026185505092144012
1737286289.3468347,21075,1737286289,342462083,,0.03740735352039337,0.029003838077187538,222,0.3400000035762787,569.7099609375,0.0236238744109869
1737286289.4453242,21076,1737286289,442504101,,0.035170868039131165,0.02579926885664463,222,0.3400000035762787,569.7099609375,0.02390371821820736
1737286289.5475776,21077,1737286289,542575546,,0.028526848182082176,0.028033358976244926,222,0.3499999940395355,569.7099609375,0.005283169448375702
1737286289.6504965,21078,1737286289,642575509,,0.0328623428940773,0.032753583043813705,222,0.3499999940395355,569.7099609375,-0.0026714117266237736
1737286289.7481902,21079,1737286289,742208842,,0.04459080845117569,0.04071870073676109,222,0.3499999940395355,569.7000122070312,0.01817491464316845
1737286289.847137,21080,1737286289,842355990,,0.04226906970143318,0.03498806431889534,222,0.3499999940395355,569.7000122070312,0.023717276751995087
1737286289.9451435,21081,1737286289,942686860,,0.02861810475587845,0.024567002430558205,222,0.3499999940395355,569.7000122070312,0.014678497798740864
1737286290.045102,21082,1737286290,42628175,,0.022187726572155952,0.01759262941777706,222,0.3499999940395355,569.7000122070312,0.013520155102014542
1737286290.1450322,21083,1737286290,142669323,,0.02719898149371147,0.025793906301259995,222,0.3499999940395355,569.7000122070312,0.008628960698843002
1737286290.2448258,21084,1737286290,242647434,,0.046286098659038544,0.03976189345121384,222,0.3400000035762787,569.7000122070312,0.023693762719631195
1737286290.3448837,21085,1737286290,342563545,,0.05016983300447464,0.04052187129855156,222,0.3400000035762787,569.7000122070312,0.02958022616803646
1737286290.4458516,21086,1737286290,442679841,,0.04629576951265335,0.030515210703015327,222,0.3400000035762787,569.7099609375,0.03481551632285118
1737286290.5470366,21087,1737286290,542589712,,0.03046027012169361,0.013278929516673088,222,0.3400000035762787,569.7099609375,0.027413466945290565
1737286290.6455374,21088,1737286290,642423175,,0.030756980180740356,0.02957610972225666,222,0.3400000035762787,569.7099609375,0.008440716192126274
1737286290.7455258,21089,1737286290,742647008,,0.029494591057300568,0.024343179538846016,222,0.3400000035762787,569.7099609375,0.01665354333817959
1737286290.8443992,21090,1737286290,842656786,,0.03622649610042572,0.023343654349446297,222,0.3400000035762787,569.7099609375,0.02770257741212845
1737286290.9444585,21091,1737286290,942796526,,0.030591897666454315,0.011465881951153278,222,0.3400000035762787,569.719970703125,0.028361905366182327
1737286291.046737,21092,1737286291,42677156,,0.0263258945196867,0.015923531726002693,222,0.3400000035762787,569.719970703125,0.020964108407497406
1737286291.1465948,21093,1737286291,142689082,,0.030723903328180313,0.030337756499648094,222,0.3400000035762787,569.719970703125,0.004855808801949024
1737286291.2454245,21094,1737286291,242520174,,0.01636817306280136,0.0161739494651556,222,0.3400000035762787,569.719970703125,-0.002514046849682927
1737286291.3494592,21095,1737286291,342490785,,0.030108915641903877,0.026463186368346214,221,0.3400000035762787,569.72998046875,0.01436128281056881
1737286291.4488084,21096,1737286291,442851267,,0.03570474311709404,0.032904937863349915,221,0.3400000035762787,569.72998046875,0.013859786093235016
1737286291.5452943,21097,1737286291,542581507,,0.03242634981870651,0.028469908982515335,221,0.3400000035762787,569.72998046875,0.015521993860602379
1737286291.6487942,21098,1737286291,642803563,,0.007834037765860558,0.007743215188384056,221,0.3400000035762787,569.72998046875,0.0011894421186298132
1737286291.7474005,21099,1737286291,742830655,,0.008139817975461483,0.005974780302494764,221,0.3400000035762787,569.72998046875,-0.005527986213564873
1737286291.8463206,21100,1737286291,842916174,,0.02626129798591137,0.022571206092834473,221,0.3400000035762787,569.72998046875,-0.013423725962638855
1737286291.9461112,21101,1737286291,942670285,,0.024601256474852562,0.02287229150533676,221,0.3400000035762787,569.72998046875,-0.009059807285666466
1737286292.0494654,21102,1737286292,42676896,,0.020075606182217598,0.01735992357134819,221,0.3400000035762787,569.719970703125,-0.010082807391881943
1737286292.1479332,21103,1737286292,142843359,,0.01795550435781479,0.01442626491189003,221,0.3400000035762787,569.719970703125,-0.010690323077142239
1737286292.2524154,21104,1737286292,242733507,,0.006284073926508427,0.005428389646112919,221,0.3400000035762787,569.719970703125,-0.0031657812651246786
1737286292.347762,21105,1737286292,342591081,,0.011418347246944904,0.010750477202236652,221,0.3400000035762787,569.719970703125,-0.0038478446658700705
1737286292.4535913,21106,1737286292,442760896,,0.02382633648812771,0.019783904775977135,221,0.3400000035762787,569.719970703125,0.013277474790811539
1737286292.5453956,21107,1737286292,542947599,,0.02734278328716755,0.024935239925980568,221,0.3400000035762787,569.7099609375,0.01121880579739809
1737286292.6471713,21108,1737286292,642888933,,0.03729740157723427,0.02819916419684887,221,0.3400000035762787,569.7099609375,0.02441113069653511
1737286292.748339,21109,1737286292,742721414,,0.024283578619360924,0.015210398472845554,221,0.3400000035762787,569.7000122070312,0.01892976276576519
1737286292.847992,21110,1737286292,842972192,,0.03245798498392105,0.009904413484036922,221,0.3400000035762787,569.7000122070312,0.03090992569923401
1737286292.948901,21111,1737286292,943104840,,0.01895037665963173,0.006731923203915358,221,0.3400000035762787,569.7000122070312,0.01771434210240841
1737286293.0466409,21112,1737286293,42911581,,0.030637862160801888,0.02428903989493847,221,0.3400000035762787,569.7000122070312,0.018674073740839958
1737286293.146104,21113,1737286293,143919247,,0.02819364331662655,0.02599516324698925,221,0.3400000035762787,569.6900024414062,0.01091480441391468
1737286293.2483191,21114,1737286293,242854636,,0.022052180022001266,0.015650317072868347,221,0.3400000035762787,569.6900024414062,0.015535966493189335
1737286293.3477979,21115,1737286293,342905210,,0.024833256378769875,0.017674311995506287,221,0.3400000035762787,569.7000122070312,0.017444461584091187
1737286293.4476473,21116,1737286293,442974247,,0.03119930624961853,0.01811646856367588,222,0.3400000035762787,569.7000122070312,0.025400595739483833
1737286293.5463974,21117,1737286293,543084043,,0.0477137416601181,0.03292407467961311,222,0.3400000035762787,569.7000122070312,0.03453413397073746
1737286293.6471152,21118,1737286293,643324821,,0.056871749460697174,0.03238764777779579,222,0.3400000035762787,569.7000122070312,0.04674864560365677
1737286293.7479172,21119,1737286293,743045265,,0.03284456580877304,0.01213687751442194,222,0.3400000035762787,569.7000122070312,0.03051985800266266
1737286293.846091,21120,1737286293,843280025,,0.02473418042063713,0.010123234242200851,222,0.3400000035762787,569.7000122070312,0.022567670792341232
1737286293.947493,21121,1737286293,943096895,,0.03732161596417427,0.027139868587255478,222,0.3400000035762787,569.7099609375,0.02561894804239273
1737286294.0472124,21122,1737286294,43507728,,0.043618280440568924,0.03603670373558998,222,0.3400000035762787,569.7099609375,0.02457459270954132
1737286294.1462588,21123,1737286294,143042043,,0.03377717360854149,0.017956554889678955,221,0.3400000035762787,569.7099609375,0.02860873192548752
1737286294.2460074,21124,1737286294,243289135,,0.03041374683380127,0.023064596578478813,221,0.3400000035762787,569.7099609375,0.019824741408228874
1737286294.3461044,21125,1737286294,342989117,,0.042368482798337936,0.042323578149080276,221,0.3400000035762787,569.7099609375,-0.0019501616479828954
1737286294.4462602,21126,1737286294,443137672,,0.03828534483909607,0.03777993097901344,221,0.3400000035762787,569.7000122070312,0.006200373638421297
1737286294.5457149,21127,1737286294,543240339,,0.0424451045691967,0.04243909940123558,221,0.3400000035762787,569.7000122070312,0.0007139720255509019
1737286294.6461108,21128,1737286294,643302302,,0.03779388964176178,0.036766208708286285,221,0.3400000035762787,569.7000122070312,0.008753526955842972
1737286294.746053,21129,1737286294,743338635,,0.04274117946624756,0.040678899735212326,221,0.3400000035762787,569.7000122070312,0.013116227462887764
1737286294.8478405,21130,1737286294,843509635,,0.04527710750699043,0.04075246676802635,221,0.3400000035762787,569.7099609375,0.019729500636458397
1737286294.9462283,21131,1737286294,943228320,,0.04714715853333473,0.03549036383628845,221,0.3400000035762787,569.7099609375,0.031036891043186188
1737286295.049219,21132,1737286295,43229542,,0.02768528088927269,0.015451000072062016,221,0.3400000035762787,569.7099609375,0.022972622886300087
1737286295.149067,21133,1737286295,143134320,,0.03324945271015167,0.012346566654741764,221,0.3400000035762787,569.7099609375,0.030872127041220665
1737286295.24858,21134,1737286295,243146153,,0.03524735942482948,0.0316612683236599,221,0.3400000035762787,569.7099609375,0.01549000758677721
1737286295.3466198,21135,1737286295,343036098,,0.036464281380176544,0.028874002397060394,221,0.3400000035762787,569.7099609375,0.022269612178206444
1737286295.4471307,21136,1737286295,443392764,,0.03088749200105667,0.02859571948647499,221,0.3400000035762787,569.719970703125,0.011675705201923847
1737286295.5493615,21137,1737286295,543489653,,0.01555555872619152,0.0071068257093429565,221,0.3400000035762787,569.719970703125,0.013837211765348911
1737286295.64496,21138,1737286295,642350246,,0.015394662506878376,0.010401650331914425,221,0.3400000035762787,569.72998046875,0.011349067091941833
1737286295.745013,21139,1737286295,742387894,,0.033488381654024124,0.025481970980763435,221,0.33000001311302185,569.72998046875,0.02172880247235298
1737286295.8490424,21140,1737286295,842834616,,0.030655257403850555,0.0265334565192461,221,0.33000001311302185,569.72998046875,0.015353193506598473
1737286295.9469795,21141,1737286295,943672820,,0.03029848076403141,0.02640211209654808,221,0.33000001311302185,569.72998046875,0.014863591641187668
1737286296.0453243,21142,1737286296,42385875,,0.012502293102443218,0.011953463777899742,221,0.3400000035762787,569.739990234375,0.0036636083386838436
1737286296.1457498,21143,1737286296,142435301,,0.009499437175691128,0.007417227607220411,220,0.33000001311302185,569.739990234375,-0.0059349858202040195
1737286296.2458541,21144,1737286296,242492505,,0.011371953412890434,0.008683769963681698,220,0.33000001311302185,569.739990234375,-0.007342577911913395
1737286296.3455224,21145,1737286296,342355042,,0.02351720631122589,0.01345033198595047,220,0.33000001311302185,569.75,-0.01929112710058689
1737286296.4462152,21146,1737286296,442526912,,0.02152535691857338,0.012789813801646233,220,0.3400000035762787,569.75,-0.017313625663518906
1737286296.5462027,21147,1737286296,542666097,,0.02953971177339554,0.005797374993562698,220,0.3400000035762787,569.75,-0.028965238481760025
1737286296.6465325,21148,1737286296,642610616,,0.033734049648046494,0.023302610963582993,220,0.3400000035762787,569.75,-0.024392100051045418
1737286296.7462492,21149,1737286296,742358504,,0.03874460607767105,0.01604323461651802,221,0.3400000035762787,569.75,-0.03526696935296059
1737286296.8455849,21150,1737286296,842245319,,0.03138359636068344,0.026154467836022377,221,0.3400000035762787,569.75,-0.017345720902085304
1737286296.9457223,21151,1737286296,942407486,,0.037940312176942825,0.027316007763147354,221,0.3400000035762787,569.75,-0.026330649852752686
1737286297.0474474,21152,1737286297,42482393,,0.040425658226013184,0.03747749328613281,221,0.3400000035762787,569.739990234375,-0.015154913067817688
1737286297.1463296,21153,1737286297,142314782,,0.04438243806362152,0.037648655474185944,221,0.3400000035762787,569.739990234375,-0.02350275032222271
1737286297.2469149,21154,1737286297,242547578,,0.040695641189813614,0.03493437170982361,220,0.3400000035762787,569.739990234375,-0.02087402530014515
1737286297.3460975,21155,1737286297,342702652,,0.038804393261671066,0.018699532374739647,220,0.3400000035762787,569.739990234375,-0.03400159254670143
1737286297.447454,21156,1737286297,442619559,,0.03182833269238472,0.024331320077180862,220,0.3400000035762787,569.739990234375,-0.020519008859992027
1737286297.5461857,21157,1737286297,542649226,,0.04009740427136421,0.015260179527103901,220,0.3400000035762787,569.72998046875,-0.037080030888319016
1737286297.645829,21158,1737286297,642779337,,0.03117719665169716,0.018740009516477585,220,0.3400000035762787,569.72998046875,-0.024916451424360275
1737286297.74597,21159,1737286297,742701856,,0.03674614429473877,0.0205013956874609,220,0.3400000035762787,569.72998046875,-0.03049544058740139
1737286297.8466594,21160,1737286297,842693041,,0.018313761800527573,0.014289053156971931,221,0.3400000035762787,569.72998046875,-0.0114549919962883
1737286297.9470513,21161,1737286297,942696541,,0.03860101103782654,0.030789600685238838,221,0.3400000035762787,569.719970703125,-0.023281719535589218
1737286298.04627,21162,1737286298,42794855,,0.031611118465662,0.03003419190645218,221,0.3400000035762787,569.719970703125,-0.009859520941972733
1737286298.1481357,21163,1737286298,142690041,,0.03570222854614258,0.03436730057001114,221,0.3400000035762787,569.719970703125,-0.009671494364738464
1737286298.2464962,21164,1737286298,242766374,,0.031161896884441376,0.031150341033935547,221,0.3400000035762787,569.719970703125,0.0008486263104714453
1737286298.3465073,21165,1737286298,342576966,,0.02782851830124855,0.02755359187722206,221,0.3400000035762787,569.719970703125,-0.0039020513650029898
1737286298.445968,21166,1737286298,442872429,,0.007679621689021587,0.0020807438995689154,221,0.3400000035762787,569.719970703125,0.007392366882413626
1737286298.5452788,21167,1737286298,543053633,,0.008921710774302483,0.005799064878374338,221,0.3400000035762787,569.719970703125,0.006779953371733427
1737286298.645492,21168,1737286298,642703374,,0.030226191505789757,0.02421443909406662,221,0.3400000035762787,569.719970703125,0.018090978264808655
1737286298.7480528,21169,1737286298,742846874,,0.03334175422787666,0.027068426832556725,221,0.3400000035762787,569.72998046875,0.019467221572995186
1737286298.8468938,21170,1737286298,842700855,,0.017864752560853958,0.016186043620109558,221,0.3400000035762787,569.72998046875,0.007560510188341141
1737286298.9461665,21171,1737286298,942726225,,0.018017034977674484,0.017617778852581978,221,0.3400000035762787,569.72998046875,0.0037719246465712786
1737286299.0464656,21172,1737286299,42710281,,0.02428571507334709,0.018953556194901466,221,0.3400000035762787,569.72998046875,-0.015184161253273487
1737286299.1450586,21173,1737286299,142943688,,0.03151802718639374,0.03032325766980648,221,0.3400000035762787,569.72998046875,-0.00859570037573576
1737286299.2470405,21174,1737286299,242875299,,0.03859637305140495,0.03706439957022667,221,0.3400000035762787,569.72998046875,-0.010766175575554371
1737286299.3464532,21175,1737286299,342838707,,0.060234833508729935,0.059012576937675476,221,0.3400000035762787,569.719970703125,0.012072739191353321
1737286299.446616,21176,1737286299,443257595,,0.048482008278369904,0.04825884476304054,221,0.3400000035762787,569.719970703125,0.00464639300480485
1737286299.5484173,21177,1737286299,543577466,,0.04887694865465164,0.04799284785985947,220,0.3400000035762787,569.719970703125,0.009254314005374908
1737286299.645693,21178,1737286299,642800966,,0.02985764853656292,0.02967722900211811,220,0.3400000035762787,569.719970703125,-0.0032773641869425774
1737286299.7466223,21179,1737286299,742818503,,0.02429782599210739,0.024224750697612762,220,0.3400000035762787,569.719970703125,0.0018830454209819436
1737286299.8474755,21180,1737286299,843056706,,0.017055148258805275,0.014050547033548355,220,0.3400000035762787,569.719970703125,-0.009667483158409595
1737286299.9466481,21181,1737286299,942906669,,0.01796364225447178,0.01767338067293167,220,0.3400000035762787,569.72998046875,-0.0032162161078304052
1737286300.047404,21182,1737286300,42944076,,0.016916174441576004,0.013032183982431889,220,0.3400000035762787,569.72998046875,-0.010785135440528393
1737286300.1516523,21183,1737286300,144280373,,0.037984512746334076,0.03776725381612778,220,0.3400000035762787,569.72998046875,0.00405682809650898
1737286300.2486756,21184,1737286300,242830965,,0.029876545071601868,0.029876258224248886,220,0.3400000035762787,569.72998046875,0.00013091824075672776
1737286300.346108,21185,1737286300,342823539,,0.04486582428216934,0.04430157691240311,220,0.3400000035762787,569.72998046875,0.007093131076544523
1737286300.4480035,21186,1737286300,442885910,,0.048634834587574005,0.04841819033026695,220,0.3400000035762787,569.72998046875,0.004585428163409233
1737286300.5467455,21187,1737286300,542896280,,0.03961152583360672,0.03949260711669922,220,0.3400000035762787,569.72998046875,0.0030670692212879658
1737286300.6486497,21188,1737286300,643029595,,0.02311639115214348,0.021198313683271408,221,0.3400000035762787,569.72998046875,-0.009219490922987461
1737286300.7499344,21189,1737286300,743069613,,0.013831458985805511,0.0007747405907139182,221,0.3400000035762787,569.72998046875,-0.013809743337333202
1737286300.8484135,21190,1737286300,843042113,,0.016525626182556152,0.002662303624674678,221,0.3400000035762787,569.72998046875,-0.016309766098856926
1737286300.949564,21191,1737286300,943076317,,0.02068832889199257,0.020682230591773987,221,0.3400000035762787,569.72998046875,0.0005022556870244443
1737286301.047196,21192,1737286301,43079594,,0.022952895611524582,0.022939616814255714,221,0.3400000035762787,569.72998046875,-0.0007806311477907002
1737286301.146338,21193,1737286301,143262187,,0.012074586935341358,0.011734156869351864,221,0.3400000035762787,569.72998046875,0.0028469630051404238
1737286301.2478065,21194,1737286301,243238946,,0.028270123526453972,0.02424781583249569,221,0.3400000035762787,569.719970703125,-0.014534210786223412
1737286301.3461502,21195,1737286301,343494798,,0.02464238554239273,0.01729792356491089,221,0.3400000035762787,569.719970703125,-0.0175507552921772
1737286301.4477346,21196,1737286301,443185020,,0.01885616034269333,0.014682912267744541,221,0.3400000035762787,569.719970703125,-0.011830759234726429
1737286301.5487814,21197,1737286301,543182020,,0.031527891755104065,0.03142407163977623,221,0.3400000035762787,569.719970703125,-0.0025565268006175756
1737286301.648895,21198,1737286301,643084520,,0.038885753601789474,0.03657345846295357,221,0.3400000035762787,569.719970703125,0.013209243305027485
1737286301.7484984,21199,1737286301,743159427,,0.025648895651102066,0.02439786307513714,220,0.3400000035762787,569.719970703125,0.007912659086287022
1737286301.8447459,21200,1737286301,842898835,,0.027055423706769943,0.025019653141498566,220,0.3400000035762787,569.719970703125,0.01029625628143549
1737286301.94773,21201,1737286301,943409261,,0.010692676529288292,0.010091457515954971,220,0.3400000035762787,569.719970703125,-0.0035349419340491295
1737286302.0475485,21202,1737286302,43148575,,0.016455672681331635,0.01554043311625719,220,0.3400000035762787,569.719970703125,-0.005411474034190178
1737286302.1463468,21203,1737286302,143371168,,0.018583115190267563,0.01854097843170166,220,0.3400000035762787,569.719970703125,-0.0012506955536082387
1737286302.2454152,21204,1737286302,243311168,,0.02607611007988453,0.02268380858004093,220,0.3400000035762787,569.719970703125,-0.012861121445894241
1737286302.3457236,21205,1737286302,343474149,,0.023343054577708244,0.023147445172071457,220,0.3400000035762787,569.719970703125,-0.003015633672475815
1737286302.4461637,21206,1737286302,443427742,,0.028156351298093796,0.026791419833898544,220,0.3400000035762787,569.719970703125,-0.008660249412059784
1737286302.5476584,21207,1737286302,543472631,,0.019208747893571854,0.016268577426671982,220,0.3400000035762787,569.719970703125,0.01021319255232811
1737286302.646634,21208,1737286302,643191686,,0.01997310109436512,0.018982430920004845,220,0.3400000035762787,569.719970703125,0.006212254520505667
1737286302.7474613,21209,1737286302,743575816,,0.030200384557247162,0.024030953645706177,220,0.3400000035762787,569.7099609375,0.018291432410478592
1737286302.847286,21210,1737286302,843375556,,0.01892434060573578,0.017220646142959595,220,0.3400000035762787,569.7099609375,0.007847292348742485
1737286302.9459245,21211,1737286302,943319927,,0.02439628168940544,0.020997734740376472,220,0.3400000035762787,569.7099609375,0.012420695275068283
1737286303.0469434,21212,1737286303,43387130,,0.03268411383032799,0.028244100511074066,220,0.3400000035762787,569.719970703125,0.016447558999061584
1737286303.1466947,21213,1737286303,143400241,,0.03877435624599457,0.03877301514148712,220,0.3400000035762787,569.7099609375,-0.00032263871980831027
1737286303.2474923,21214,1737286303,243360297,,0.028319623321294785,0.028023358434438705,220,0.3400000035762787,569.7099609375,0.0040856474079191685
1737286303.3463862,21215,1737286303,342440834,,0.02465946041047573,0.02439267188310623,220,0.3400000035762787,569.7099609375,0.003617542330175638
1737286303.4457576,21216,1737286303,442381630,,0.044037364423274994,0.03711451217532158,220,0.3400000035762787,569.7099609375,0.02370237186551094
1737286303.5466144,21217,1737286303,543191167,,0.032207973301410675,0.02844923734664917,220,0.3400000035762787,569.719970703125,0.015099484473466873
1737286303.648769,21218,1737286303,642327130,,0.04910404235124588,0.040001943707466125,220,0.3400000035762787,569.719970703125,0.028478968888521194
1737286303.7487266,21219,1737286303,742327611,,0.03388969227671623,0.02986716665327549,220,0.3400000035762787,569.719970703125,0.016014475375413895
1737286303.846108,21220,1737286303,842350185,,0.027531346306204796,0.026209713891148567,220,0.3400000035762787,569.719970703125,0.008427688851952553
1737286303.944973,21221,1737286303,942352482,,0.03249587491154671,0.031757328659296036,220,0.3400000035762787,569.719970703125,0.006888700649142265
1737286304.045472,21222,1737286304,42676111,,0.027073461562395096,0.025064770132303238,220,0.3400000035762787,569.719970703125,-0.010233745910227299
1737286304.1504612,21223,1737286304,142416500,,0.021091477945446968,0.020840786397457123,219,0.3400000035762787,569.719970703125,-0.0032422314397990704
1737286304.2483535,21224,1737286304,242510667,,0.02113165147602558,0.01615511253476143,219,0.3400000035762787,569.719970703125,-0.01362200453877449
1737286304.3444138,21225,1737286304,342490074,,0.020027605816721916,0.01765444688498974,219,0.3400000035762787,569.719970703125,-0.009456505998969078
1737286304.445521,21226,1737286304,442572889,,0.018869327381253242,0.01869984343647957,220,0.3400000035762787,569.719970703125,0.002523373579606414
1737286304.545364,21227,1737286304,542553129,,0.018473397940397263,0.017283638939261436,220,0.3400000035762787,569.719970703125,-0.0065224445424973965
1737286304.6481845,21228,1737286304,642627555,,0.03623772785067558,0.036237627267837524,220,0.3400000035762787,569.719970703125,-8.651343523524702e-05
1737286304.7457979,21229,1737286304,742552592,,0.035173606127500534,0.03509459272027016,220,0.3400000035762787,569.72998046875,-0.002356314565986395
1737286304.8463285,21230,1737286304,842494092,,0.04794669151306152,0.047938067466020584,220,0.3400000035762787,569.72998046875,0.000909557449631393
1737286304.945178,21231,1737286304,942532296,,0.06211411580443382,0.06164023280143738,220,0.3400000035762787,569.72998046875,0.007658018264919519
1737286305.0461316,21232,1737286305,42654203,,0.05926433578133583,0.05835924670100212,220,0.3400000035762787,569.739990234375,0.010317937470972538
1737286305.144885,21233,1737286305,142499407,,0.06404409557580948,0.06319078058004379,220,0.3400000035762787,569.739990234375,0.010419798083603382
1737286305.2483282,21234,1737286305,242728055,,0.03947848826646805,0.038785018026828766,220,0.3400000035762787,569.739990234375,-0.007367066107690334
1737286305.34875,21235,1737286305,342528425,,0.033537860959768295,0.029909273609519005,221,0.3400000035762787,569.739990234375,-0.015173118561506271
1737286305.4491494,21236,1737286305,442749684,,0.02913946844637394,0.015056904405355453,220,0.3400000035762787,569.739990234375,-0.024947911500930786
1737286305.547418,21237,1737286305,542703481,,0.024149984121322632,0.016428694128990173,220,0.3400000035762787,569.739990234375,-0.017700839787721634
1737286305.6470513,21238,1737286305,642585518,,0.025748874992132187,0.018184565007686615,220,0.3400000035762787,569.739990234375,-0.018229816108942032
1737286305.748103,21239,1737286305,742792536,,0.03487167879939079,0.03397205099463463,220,0.3400000035762787,569.739990234375,-0.007869801484048367
1737286305.848455,21240,1737286305,842658888,,0.03302719444036484,0.029208408668637276,220,0.3400000035762787,569.739990234375,-0.015416362322866917
1737286305.9476697,21241,1737286305,942759814,,0.03152749687433243,0.031522925943136215,220,0.3400000035762787,569.739990234375,-0.000536716659553349
1737286306.0474694,21242,1737286306,42758258,,0.030515989288687706,0.03051079995930195,220,0.3400000035762787,569.739990234375,0.0005626044585369527
1737286306.148711,21243,1737286306,142678443,,0.027209622785449028,0.025554919615387917,220,0.3400000035762787,569.739990234375,-0.009343963116407394
1737286306.2463381,21244,1737286306,242814295,,0.02318483404815197,0.023155134171247482,220,0.3400000035762787,569.739990234375,-0.0011731513077393174
1737286306.3461878,21245,1737286306,342914628,,0.01659451238811016,0.010396989993751049,220,0.3400000035762787,569.739990234375,-0.012933694757521152
1737286306.4470515,21246,1737286306,442907184,,0.015202064998447895,0.00872742384672165,220,0.3400000035762787,569.72998046875,-0.012447284534573555
1737286306.545416,21247,1737286306,542706591,,0.012393426150083542,0.0059858956374228,220,0.3400000035762787,569.72998046875,-0.010852008126676083
1737286306.646611,21248,1737286306,643008295,,0.02476738765835762,0.01530483178794384,220,0.3400000035762787,569.72998046875,-0.019472690299153328
1737286306.7521539,21249,1737286306,743167258,,0.006374804303050041,0.005850941874086857,220,0.3400000035762787,569.72998046875,-0.002530732424929738
1737286306.846653,21250,1737286306,842789406,,0.030459756031632423,0.028510570526123047,220,0.3400000035762787,569.719970703125,-0.010721202939748764
1737286306.944347,21251,1737286306,942723776,,0.04790915548801422,0.044738877564668655,220,0.3400000035762787,569.719970703125,-0.017138252034783363
1737286307.0449317,21252,1737286307,43067924,,0.04079940915107727,0.03992324322462082,220,0.3400000035762787,569.719970703125,-0.008409895934164524
1737286307.145935,21253,1737286307,142954331,,0.03819878771901131,0.035086262971162796,220,0.3400000035762787,569.719970703125,-0.015103021636605263
1737286307.2463107,21254,1737286307,242970350,,0.029190292581915855,0.026855554431676865,220,0.3400000035762787,569.719970703125,-0.011439073830842972
1737286307.344906,21255,1737286307,342695628,,0.0155926663428545,0.015522385016083717,220,0.3400000035762787,569.719970703125,0.0014787870459258556
1737286307.4462156,21256,1737286307,443210628,,0.014995124191045761,0.012513520196080208,220,0.3400000035762787,569.719970703125,-0.008262298069894314
1737286307.546363,21257,1737286307,543814146,,0.012245090678334236,0.011477121151983738,220,0.3400000035762787,569.719970703125,-0.004268250893801451
1737286307.6465368,21258,1737286307,643231757,,0.011307061649858952,0.00994602870196104,220,0.3400000035762787,569.719970703125,0.005378303118050098
1737286307.7461803,21259,1737286307,743103146,,0.011086322367191315,0.009730900637805462,220,0.3400000035762787,569.72998046875,0.00531188677996397
1737286307.8493578,21260,1737286307,843131442,,0.02590196393430233,0.020156968384981155,220,0.3400000035762787,569.72998046875,0.01626678742468357
1737286307.9485416,21261,1737286307,943198646,,0.01590636558830738,0.015906160697340965,220,0.3400000035762787,569.72998046875,8.045176946325228e-05
1737286308.0498254,21262,1737286308,43117090,,0.022712083533406258,0.021413354203104973,220,0.3400000035762787,569.72998046875,0.007570140063762665
1737286308.1494367,21263,1737286308,142970998,,0.013337629847228527,0.013257651589810848,220,0.3400000035762787,569.739990234375,0.001458439277485013
1737286308.249188,21264,1737286308,243275257,,0.029499342665076256,0.02546473778784275,220,0.3400000035762787,569.739990234375,-0.014891553670167923
1737286308.3491905,21265,1737286308,342971164,,0.01965143345296383,0.016243916004896164,220,0.3400000035762787,569.739990234375,-0.011059567332267761
1737286308.4495466,21266,1737286308,443149720,,0.029994692653417587,0.01366167888045311,221,0.3400000035762787,569.739990234375,-0.02670281194150448
1737286308.5455334,21267,1737286308,542934997,,0.031468622386455536,0.02727069891989231,220,0.3400000035762787,569.739990234375,-0.01570296660065651
1737286308.646286,21268,1737286308,642314071,,0.028638584539294243,0.028592847287654877,220,0.3400000035762787,569.75,-0.001617888337932527
1737286308.7476356,21269,1737286308,743234886,,0.024553341791033745,0.024462787434458733,220,0.3400000035762787,569.75,0.002106783678755164
1737286308.8475072,21270,1737286308,843092127,,0.020843081176280975,0.02084285020828247,220,0.3400000035762787,569.75,9.795989171834663e-05
1737286308.9474947,21271,1737286308,943097516,,0.027374770492315292,0.013781086541712284,221,0.3400000035762787,569.75,-0.023652900010347366
1737286309.0466254,21272,1737286309,43111997,,0.015716899186372757,0.0030654508154839277,221,0.3400000035762787,569.75,-0.015415054745972157
1737286309.1477916,21273,1737286309,143125534,,0.025892114266753197,0.012069222517311573,221,0.3400000035762787,569.75,-0.022907104343175888
1737286309.244579,21274,1737286309,242230071,,0.018849540501832962,0.018523287028074265,221,0.3400000035762787,569.75,-0.003491846611723304
1737286309.3451183,21275,1737286309,342094349,,0.028519926592707634,0.017503876239061356,221,0.3400000035762787,569.75,-0.022516673430800438
1737286309.4455814,21276,1737286309,442583997,,0.04069836065173149,0.026530053466558456,221,0.3400000035762787,569.75,-0.030862806364893913
1737286309.5465124,21277,1737286309,542284608,,0.03469468280673027,0.015541451051831245,221,0.3400000035762787,569.75,-0.031019099056720734
1737286309.64574,21278,1737286309,642164145,,0.03690202906727791,0.02828785590827465,221,0.3400000035762787,569.75,-0.02369719371199608
1737286309.7478225,21279,1737286309,742207663,,0.028586069121956825,0.015371356159448624,221,0.3400000035762787,569.75,-0.02410154975950718
1737286309.846117,21280,1737286309,842522145,,0.0430302731692791,0.01086475234478712,222,0.3400000035762787,569.75,-0.041636060923337936
1737286309.945791,21281,1737286309,942726015,,0.04671817272901535,0.031245693564414978,222,0.3400000035762787,569.739990234375,-0.034731749445199966
1737286310.0452192,21282,1737286310,42546608,,0.03789297118782997,0.036193426698446274,222,0.3400000035762787,569.739990234375,-0.011221089400351048
1737286310.1457617,21283,1737286310,142302607,,0.0367606095969677,0.008766223676502705,222,0.3400000035762787,569.739990234375,-0.035700082778930664
1737286310.2446563,21284,1737286310,242244681,,0.03487243130803108,0.019570620730519295,222,0.3400000035762787,569.72998046875,-0.028863079845905304
1737286310.3450732,21285,1737286310,342155904,,0.052978865802288055,0.04089943692088127,222,0.3400000035762787,569.72998046875,-0.03367485851049423
1737286310.4469337,21286,1737286310,442307330,,0.06475860625505447,0.0646510049700737,222,0.3499999940395355,569.719970703125,-0.003731634933501482
1737286310.5467381,21287,1737286310,542337107,,0.050396062433719635,0.05024532973766327,222,0.3499999940395355,569.719970703125,-0.003894845023751259
1737286310.6459384,21288,1737286310,642758496,,0.03391575440764427,0.0312860943377018,221,0.3499999940395355,569.719970703125,-0.013094216585159302
1737286310.7459927,21289,1737286310,742480607,,0.03909112140536308,0.03658708184957504,221,0.3499999940395355,569.719970703125,-0.013765939511358738
1737286310.8467565,21290,1737286310,842713533,,0.04259346425533295,0.04136602208018303,221,0.3400000035762787,569.72998046875,-0.010151615366339684
1737286310.9475815,21291,1737286310,942385403,,0.0484926737844944,0.04828786104917526,221,0.3400000035762787,569.72998046875,-0.004452172201126814
1737286311.0456042,21292,1737286311,42628329,,0.05932333692908287,0.05817577242851257,221,0.3400000035762787,569.739990234375,0.011611973866820335
1737286311.1484466,21293,1737286311,142479014,,0.04788871482014656,0.04712296649813652,220,0.3400000035762787,569.739990234375,0.008529658429324627
1737286311.2457297,21294,1737286311,242354755,,0.04484853148460388,0.044799815863370895,220,0.3400000035762787,569.739990234375,-0.002089832676574588
1737286311.3479543,21295,1737286311,342336625,,0.02369486540555954,0.02031245455145836,220,0.3400000035762787,569.72998046875,-0.01220044307410717
1737286311.4510424,21296,1737286311,442451496,,0.025456462055444717,0.014311383478343487,220,0.3499999940395355,569.72998046875,-0.021052690222859383
1737286311.546268,21297,1737286311,543672255,,0.025507183745503426,0.004502724856138229,220,0.3499999940395355,569.72998046875,-0.025106608867645264
1737286311.6475759,21298,1737286311,642648662,,0.01537364162504673,0.008667915128171444,220,0.3499999940395355,569.719970703125,-0.01269709225744009
1737286311.748069,21299,1737286311,742845495,,0.02113088220357895,0.0037611324805766344,220,0.3499999940395355,569.719970703125,-0.020793462172150612
1737286311.8495266,21300,1737286311,842646699,,0.01853601075708866,0.01586254872381687,221,0.3499999940395355,569.719970703125,-0.009589748457074165
1737286311.9472218,21301,1737286311,942735088,,0.015081952325999737,0.01109556294977665,221,0.3400000035762787,569.719970703125,-0.01021536998450756
1737286312.046903,21302,1737286312,42649421,,0.03681425377726555,0.03680376708507538,221,0.3400000035762787,569.72998046875,-0.0008786640246398747
1737286312.1473713,21303,1737286312,142944106,,0.04346081614494324,0.0433635450899601,220,0.3400000035762787,569.72998046875,0.0029061161912977695
1737286312.2479796,21304,1737286312,242897273,,0.04550475999712944,0.04378793388605118,220,0.3400000035762787,569.72998046875,0.012381423264741898
1737286312.3474605,21305,1737286312,342779791,,0.03371856361627579,0.03367948904633522,220,0.3499999940395355,569.72998046875,0.0016228327294811606
1737286312.447521,21306,1737286312,442682125,,0.023384418338537216,0.023308545351028442,220,0.3400000035762787,569.72998046875,0.001882208976894617
1737286312.5479493,21307,1737286312,542710532,,0.02840518206357956,0.028312571346759796,220,0.3400000035762787,569.739990234375,0.002291855402290821
1737286312.6495168,21308,1737286312,642723699,,0.017368530854582787,0.010866416618227959,220,0.3499999940395355,569.739990234375,-0.013549422845244408
1737286312.7465076,21309,1737286312,742633643,,0.01928970217704773,0.01868126541376114,220,0.3400000035762787,569.739990234375,-0.004806562326848507
1737286312.848332,21310,1737286312,842926995,,0.02170662023127079,0.019969932734966278,220,0.3400000035762787,569.739990234375,-0.00850758794695139
1737286312.9464314,21311,1737286312,942688772,,0.022758029401302338,0.008312633261084557,220,0.3499999940395355,569.739990234375,-0.021185560151934624
1737286313.0471396,21312,1737286313,42626902,,0.015623447485268116,0.01381935179233551,220,0.3400000035762787,569.739990234375,-0.007288182619959116
1737286313.1466248,21313,1737286313,142913883,,0.01877349056303501,0.006303387228399515,220,0.3499999940395355,569.739990234375,-0.017683645710349083
1737286313.2478216,21314,1737286313,243163976,,0.030546674504876137,0.01908404566347599,220,0.3499999940395355,569.739990234375,-0.02385159395635128
1737286313.34625,21315,1737286313,342862106,,0.01143674086779356,0.008430622518062592,220,0.3400000035762787,569.739990234375,-0.007728107739239931
1737286313.4460967,21316,1737286313,442946291,,0.02483133040368557,0.01667763851583004,220,0.3400000035762787,569.75,-0.018397046253085136
1737286313.5476658,21317,1737286313,542881383,,0.020052142441272736,0.012186647392809391,220,0.3400000035762787,569.75,-0.015924006700515747
1737286313.644327,21318,1737286313,642482050,,0.015115245245397091,0.007057538256049156,220,0.3400000035762787,569.75,-0.01336644310504198
1737286313.74422,21319,1737286313,742542976,,0.03317994251847267,0.016055572777986526,219,0.3400000035762787,569.760009765625,-0.02903664857149124
1737286313.8435073,21320,1737286313,842465050,,0.0312756784260273,0.008903678506612778,219,0.3400000035762787,569.760009765625,-0.029981538653373718
1737286313.9441073,21321,1737286313,942532568,,0.048716869205236435,0.012755714356899261,219,0.3400000035762787,569.760009765625,-0.04701728746294975
1737286314.0436451,21322,1737286314,42609920,,0.054461464285850525,0.019817586988210678,219,0.3499999940395355,569.760009765625,-0.05072784423828125
1737286314.144618,21323,1737286314,142752883,,0.03294748440384865,0.0035045959521085024,219,0.3499999940395355,569.760009765625,-0.03276056423783302
1737286314.244265,21324,1737286314,242539216,,0.04460301250219345,0.0023118345998227596,219,0.3499999940395355,569.75,-0.044543057680130005
1737286314.3490083,21325,1737286314,343023790,,0.034162815660238266,0.006159983575344086,219,0.3499999940395355,569.75,-0.03360286355018616
1737286314.4475641,21326,1737286314,442913364,,0.017492899671196938,0.01016996894031763,219,0.3400000035762787,569.75,-0.014232824556529522
1737286314.5493624,21327,1737286314,542876012,,0.018610721454024315,0.009098784066736698,219,0.3400000035762787,569.75,-0.016234872862696648
