Time,header.seq,header.stamp.secs,header.stamp.nsecs,header.frame_id,coordinate_frame,type_mask,latitude,longitude,altitude,velocity.x,velocity.y,velocity.z,acceleration_or_force.x,acceleration_or_force.y,acceleration_or_force.z,yaw,yaw_rate
1737286264.3153222,1125,1737286254,346182976,,0,65016,33.6371087,72.9912741,567.6400146484375,0.0,0.0,-0.0,0.0,0.0,-0.0,1.5707963705062866,-0.0
1737286264.3155541,1126,1737286254,446184768,,0,65016,33.6371087,72.9912741,567.6400146484375,0.0,0.0,-0.0,0.0,0.0,-0.0,1.5707963705062866,-0.0
1737286264.3164246,1127,1737286254,543187840,,0,65016,33.6371087,72.9912741,567.6400146484375,0.0,0.0,-0.0,0.0,0.0,-0.0,1.5707963705062866,-0.0
1737286264.3180492,1128,1737286254,646189888,,0,65016,33.6371096,72.991274,567.6400146484375,0.0,0.0,-0.0,0.0,0.0,-0.0,1.5707963705062866,-0.0
1737286264.3184478,1129,1737286254,743191680,,0,65016,33.6371104,72.9912739,567.6300048828125,0.0,0.0,-0.0,0.0,0.0,-0.0,1.5707963705062866,-0.0
1737286264.3186047,1130,1737286254,846193728,,0,65016,33.6371104,72.9912739,567.6300048828125,0.0,0.0,-0.0,0.0,0.0,-0.0,1.5707963705062866,-0.0
1737286264.3191037,1131,1737286254,946197056,,0,65016,33.6371104,72.9912739,567.6300048828125,0.0,0.0,-0.0,0.0,0.0,-0.0,1.5707963705062866,-0.0
1737286264.320143,1132,1737286255,46198848,,0,65016,33.6371124,72.9912737,567.6199951171875,0.0,0.0,-0.0,0.0,0.0,-0.0,1.5707963705062866,-0.0
1737286264.3202527,1133,1737286255,143197312,,0,65016,33.6371124,72.9912737,567.6199951171875,0.0,0.0,-0.0,0.0,0.0,-0.0,1.5707963705062866,-0.0
1737286264.320582,1134,1737286255,246199360,,0,65016,33.6371124,72.9912737,567.6199951171875,0.0,0.0,-0.0,0.0,0.0,-0.0,1.5707963705062866,-0.0
1737286264.3211045,1135,1737286255,343202432,,0,65016,33.6371137,72.991274,567.6099853515625,0.0,0.0,-0.0,0.0,0.0,-0.0,1.5707963705062866,-0.0
1737286264.3218808,1136,1737286255,443204480,,0,65016,33.6371137,72.991274,567.6099853515625,0.0,0.0,-0.0,0.0,0.0,-0.0,1.5707963705062866,-0.0
1737286264.3221228,1137,1737286255,543206272,,0,65016,33.637115,72.9912745,567.6300048828125,0.0,0.0,-0.0,0.0,0.0,-0.0,1.5707963705062866,-0.0
1737286264.3223138,1138,1737286255,643208576,,0,65016,33.637115,72.9912745,567.6300048828125,0.0,0.0,-0.0,0.0,0.0,-0.0,1.5707963705062866,-0.0
1737286264.3224251,1139,1737286255,743210624,,0,65016,33.6371156,72.9912747,567.6300048828125,0.0,0.0,-0.0,0.0,0.0,-0.0,1.5707963705062866,-0.0
1737286264.3228505,1140,1737286255,843212672,,0,65016,33.6371171,72.9912747,567.6300048828125,0.0,0.0,-0.0,0.0,0.0,-0.0,1.5707963705062866,-0.0
1737286264.3235087,1141,1737286255,943216000,,0,65016,33.6371171,72.9912747,567.6300048828125,0.0,0.0,-0.0,0.0,0.0,-0.0,1.5707963705062866,-0.0
1737286264.3236217,1142,1737286256,46218304,,0,65016,33.6371178,72.9912745,567.6199951171875,0.0,0.0,-0.0,0.0,0.0,-0.0,1.5707963705062866,-0.0
1737286264.3237338,1143,1737286256,143221888,,0,65016,33.6371178,72.9912745,567.6199951171875,0.0,0.0,-0.0,0.0,0.0,-0.0,1.5707963705062866,-0.0
1737286264.3246887,1144,1737286256,243223936,,0,65016,33.6371184,72.9912743,567.5999755859375,0.0,0.0,-0.0,0.0,0.0,-0.0,1.5707963705062866,-0.0
1737286264.3249583,1145,1737286256,346225984,,0,65016,33.6371184,72.9912743,567.5999755859375,0.0,0.0,-0.0,0.0,0.0,-0.0,1.5707963705062866,-0.0
1737286264.3254325,1146,1737286256,443228288,,0,65016,33.6371184,72.9912743,567.5800170898438,0.0,0.0,-0.0,0.0,0.0,-0.0,1.5707963705062866,-0.0
1737286264.325579,1147,1737286256,546231872,,0,65016,33.6371184,72.9912743,567.5800170898438,0.0,0.0,-0.0,0.0,0.0,-0.0,1.5707963705062866,-0.0
1737286264.3259382,1148,1737286256,643234176,,0,65016,33.6371184,72.9912743,567.5800170898438,0.0,0.0,-0.0,0.0,0.0,-0.0,1.5707963705062866,-0.0
1737286264.3260946,1149,1737286256,746236480,,0,65016,33.6371184,72.9912743,567.5800170898438,0.0,0.0,-0.0,0.0,0.0,-0.0,1.5707963705062866,-0.0
1737286264.3261926,1150,1737286256,843238784,,0,65016,33.6371184,72.9912743,567.5800170898438,0.0,0.0,-0.0,0.0,0.0,-0.0,1.5707963705062866,-0.0
1737286264.326496,1151,1737286256,946240832,,0,65016,33.6371184,72.9912743,567.5800170898438,0.0,0.0,-0.0,0.0,0.0,-0.0,1.5707963705062866,-0.0
1737286264.3265662,1152,1737286257,43243136,,0,65016,33.6371219,72.9912748,567.5700073242188,0.0,0.0,-0.0,0.0,0.0,-0.0,1.5707963705062866,-0.0
1737286264.3266432,1153,1737286257,146245952,,0,65016,33.6371241,72.991275,567.5800170898438,0.0,0.0,-0.0,0.0,0.0,-0.0,1.5707963705062866,-0.0
1737286264.3266826,1154,1737286257,246248256,,0,65016,33.6371241,72.991275,567.5800170898438,0.0,0.0,-0.0,0.0,0.0,-0.0,1.5707963705062866,-0.0
1737286264.3267279,1155,1737286257,343250816,,0,65016,33.6371241,72.991275,567.5800170898438,0.0,0.0,-0.0,0.0,0.0,-0.0,1.5707963705062866,-0.0
1737286264.3267741,1156,1737286257,446253376,,0,65016,33.6371241,72.991275,567.5800170898438,0.0,0.0,-0.0,0.0,0.0,-0.0,1.5707963705062866,-0.0
1737286264.3268354,1157,1737286257,546255680,,0,65016,33.6371241,72.991275,567.5800170898438,0.0,0.0,-0.0,0.0,0.0,-0.0,1.5707963705062866,-0.0
1737286264.3268607,1158,1737286257,646258496,,0,65016,33.6371241,72.991275,567.5800170898438,0.0,0.0,-0.0,0.0,0.0,-0.0,1.5707963705062866,-0.0
1737286264.3269246,1159,1737286257,743260800,,0,65016,33.6371241,72.991275,567.5800170898438,0.0,0.0,-0.0,0.0,0.0,-0.0,1.5707963705062866,-0.0
1737286264.3271406,1160,1737286257,846263104,,0,65016,33.6371241,72.991275,567.5800170898438,0.0,0.0,-0.0,0.0,0.0,-0.0,1.5707963705062866,-0.0
1737286264.3271983,1161,1737286257,943264896,,0,65016,33.637128,72.9912752,567.5999755859375,0.0,0.0,-0.0,0.0,0.0,-0.0,1.5707963705062866,-0.0
1737286264.3272514,1162,1737286258,43267456,,0,65016,33.637128,72.9912752,567.5999755859375,0.0,0.0,-0.0,0.0,0.0,-0.0,1.5707963705062866,-0.0
1737286264.3273804,1163,1737286258,146269504,,0,65016,33.637128,72.9912752,567.5999755859375,0.0,0.0,-0.0,0.0,0.0,-0.0,1.5707963705062866,-0.0
1737286264.3344321,1164,1737286258,246271808,,0,65016,33.637128,72.9912752,567.5999755859375,0.0,0.0,-0.0,0.0,0.0,-0.0,1.5707963705062866,-0.0
1737286264.3350015,1165,1737286258,343273856,,0,65016,33.637128,72.9912752,567.5999755859375,0.0,0.0,-0.0,0.0,0.0,-0.0,1.5707963705062866,-0.0
1737286264.335116,1166,1737286258,443276416,,0,65016,33.637128,72.9912752,567.5999755859375,0.0,0.0,-0.0,0.0,0.0,-0.0,1.5707963705062866,-0.0
1737286264.3351457,1167,1737286258,546278464,,0,65016,33.637128,72.9912752,567.5999755859375,0.0,0.0,-0.0,0.0,0.0,-0.0,1.5707963705062866,-0.0
1737286264.33531,1168,1737286258,643281024,,0,65016,33.637128,72.9912752,567.5999755859375,0.0,0.0,-0.0,0.0,0.0,-0.0,1.5707963705062866,-0.0
1737286264.3357718,1169,1737286258,746283328,,0,65016,33.637128,72.9912752,567.5999755859375,0.0,0.0,-0.0,0.0,0.0,-0.0,1.5707963705062866,-0.0
1737286264.3359485,1170,1737286258,843286144,,0,65016,33.637128,72.9912752,567.5999755859375,0.0,0.0,-0.0,0.0,0.0,-0.0,1.5707963705062866,-0.0
1737286264.3366284,1171,1737286258,943288192,,0,65016,33.637128,72.9912752,567.5999755859375,0.0,0.0,-0.0,0.0,0.0,-0.0,1.5707963705062866,-0.0
1737286264.336853,1172,1737286259,43290496,,0,65016,33.637128,72.9912752,567.5999755859375,0.0,0.0,-0.0,0.0,0.0,-0.0,1.5707963705062866,-0.0
1737286264.3369098,1173,1737286259,146293056,,0,65016,33.637128,72.9912752,567.5999755859375,0.0,0.0,-0.0,0.0,0.0,-0.0,1.5707963705062866,-0.0
1737286264.3370748,1174,1737286259,246295872,,0,65016,33.637128,72.9912752,567.5999755859375,0.0,0.0,-0.0,0.0,0.0,-0.0,1.5707963705062866,-0.0
1737286264.3371036,1175,1737286259,346298432,,0,65016,33.637128,72.9912752,567.5999755859375,0.0,0.0,-0.0,0.0,0.0,-0.0,1.5707963705062866,-0.0
1737286264.3371725,1176,1737286259,443300992,,0,65016,33.637128,72.9912752,567.5999755859375,0.0,0.0,-0.0,0.0,0.0,-0.0,1.5707963705062866,-0.0
1737286264.3374462,1177,1737286259,543303040,,0,65016,33.637128,72.9912752,567.5999755859375,0.0,0.0,-0.0,0.0,0.0,-0.0,1.5707963705062866,-0.0
1737286264.3374794,1178,1737286259,643305856,,0,65016,33.637128,72.9912752,567.5999755859375,0.0,0.0,-0.0,0.0,0.0,-0.0,1.5707963705062866,-0.0
1737286264.337653,1179,1737286259,743308416,,0,65016,33.637128,72.9912752,567.5999755859375,0.0,0.0,-0.0,0.0,0.0,-0.0,1.5707963705062866,-0.0
1737286264.3377132,1180,1737286259,843310976,,0,65016,33.637128,72.9912752,567.5999755859375,0.0,0.0,-0.0,0.0,0.0,-0.0,1.5707963705062866,-0.0
1737286264.337802,1181,1737286259,943313792,,0,65016,33.637128,72.9912752,567.5999755859375,0.0,0.0,-0.0,0.0,0.0,-0.0,1.5707963705062866,-0.0
1737286264.3380415,1182,1737286260,46316608,,0,65016,33.637128,72.9912752,567.5999755859375,0.0,0.0,-0.0,0.0,0.0,-0.0,1.5707963705062866,-0.0
1737286264.3412611,1183,1737286260,146319424,,0,65016,33.637128,72.9912752,567.5999755859375,0.0,0.0,-0.0,0.0,0.0,-0.0,1.5707963705062866,-0.0
1737286264.3413203,1184,1737286260,246322240,,0,65016,33.637128,72.9912752,567.5999755859375,0.0,0.0,-0.0,0.0,0.0,-0.0,1.5707963705062866,-0.0
1737286264.341404,1185,1737286260,343325056,,0,65016,33.637128,72.9912752,567.5999755859375,0.0,0.0,-0.0,0.0,0.0,-0.0,1.5707963705062866,-0.0
1737286264.3419878,1186,1737286260,443327872,,0,65016,33.637128,72.9912752,567.5999755859375,0.0,0.0,-0.0,0.0,0.0,-0.0,1.5707963705062866,-0.0
1737286264.3420336,1187,1737286260,543330688,,0,65016,33.637128,72.9912752,567.5999755859375,0.0,0.0,-0.0,0.0,0.0,-0.0,1.5707963705062866,-0.0
1737286264.3420873,1188,1737286260,646333504,,0,65016,33.637128,72.9912752,567.5999755859375,0.0,0.0,-0.0,0.0,0.0,-0.0,1.5707963705062866,-0.0
1737286264.34212,1189,1737286260,743336320,,0,65016,33.637128,72.9912752,567.5999755859375,0.0,0.0,-0.0,0.0,0.0,-0.0,1.5707963705062866,-0.0
1737286264.3421657,1190,1737286260,846339392,,0,65016,33.637128,72.9912752,567.5999755859375,0.0,0.0,-0.0,0.0,0.0,-0.0,1.5707963705062866,-0.0
1737286264.342215,1191,1737286260,943342208,,0,65016,33.637128,72.9912752,567.5999755859375,0.0,0.0,-0.0,0.0,0.0,-0.0,1.5707963705062866,-0.0
1737286264.34224,1192,1737286261,43345024,,0,65016,33.637128,72.9912752,567.5999755859375,0.0,0.0,-0.0,0.0,0.0,-0.0,1.5707963705062866,-0.0
1737286264.3422573,1193,1737286261,146348096,,0,65016,33.637128,72.9912752,567.5999755859375,0.0,0.0,-0.0,0.0,0.0,-0.0,1.5707963705062866,-0.0
1737286264.3422997,1194,1737286261,246349632,,0,65016,33.637128,72.9912752,567.5999755859375,0.0,0.0,-0.0,0.0,0.0,-0.0,1.5707963705062866,-0.0
1737286264.344344,1195,1737286261,343350912,,0,65016,33.637128,72.9912752,567.5999755859375,0.0,0.0,-0.0,0.0,0.0,-0.0,1.5707963705062866,-0.0
1737286264.344506,1196,1737286261,443352704,,0,65016,33.637128,72.9912752,567.5999755859375,0.0,0.0,-0.0,0.0,0.0,-0.0,1.5707963705062866,-0.0
1737286264.3446255,1197,1737286261,546353728,,0,65016,33.637128,72.9912752,567.5999755859375,0.0,0.0,-0.0,0.0,0.0,-0.0,1.5707963705062866,-0.0
1737286264.3447983,1198,1737286261,643355008,,0,65016,33.637128,72.9912752,567.5999755859375,0.0,0.0,-0.0,0.0,0.0,-0.0,1.5707963705062866,-0.0
1737286264.3451393,1199,1737286261,746356288,,0,65016,33.637128,72.9912752,567.5999755859375,0.0,0.0,-0.0,0.0,0.0,-0.0,1.5707963705062866,-0.0
1737286264.3451946,1200,1737286261,846357824,,0,65016,33.637128,72.9912752,567.5999755859375,0.0,0.0,-0.0,0.0,0.0,-0.0,1.5707963705062866,-0.0
1737286264.3452175,1201,1737286261,946360640,,0,65016,33.637128,72.9912752,567.5999755859375,0.0,0.0,-0.0,0.0,0.0,-0.0,1.5707963705062866,-0.0
1737286264.3465655,1202,1737286262,46362176,,0,65016,33.637128,72.9912752,567.5999755859375,0.0,0.0,-0.0,0.0,0.0,-0.0,1.5707963705062866,-0.0
1737286264.3466318,1203,1737286262,143364736,,0,65016,33.637128,72.9912752,567.5999755859375,0.0,0.0,-0.0,0.0,0.0,-0.0,1.5707963705062866,-0.0
1737286264.3466718,1204,1737286262,243366016,,0,65016,33.637128,72.9912752,567.5999755859375,0.0,0.0,-0.0,0.0,0.0,-0.0,1.5707963705062866,-0.0
1737286264.346996,1205,1737286262,346368832,,0,65016,33.637128,72.9912752,567.5999755859375,0.0,0.0,-0.0,0.0,0.0,-0.0,1.5707963705062866,-0.0
1737286264.3498983,1206,1737286262,443370368,,0,65016,33.637128,72.9912752,567.5999755859375,0.0,0.0,-0.0,0.0,0.0,-0.0,1.5707963705062866,-0.0
1737286264.3525472,1207,1737286262,546372928,,0,65016,33.637128,72.9912752,567.5999755859375,0.0,0.0,-0.0,0.0,0.0,-0.0,1.5707963705062866,-0.0
1737286264.3525648,1208,1737286262,646374464,,0,65016,33.637128,72.9912752,567.5999755859375,0.0,0.0,-0.0,0.0,0.0,-0.0,1.5707963705062866,-0.0
1737286264.3525867,1209,1737286262,746377024,,0,65016,33.637128,72.9912752,567.5999755859375,0.0,0.0,-0.0,0.0,0.0,-0.0,1.5707963705062866,-0.0
1737286264.3526268,1210,1737286262,843378560,,0,65016,33.637128,72.9912752,567.5999755859375,0.0,0.0,-0.0,0.0,0.0,-0.0,1.5707963705062866,-0.0
1737286264.3527815,1211,1737286262,946379584,,0,65016,33.637129,72.9912752,567.6199951171875,0.0,0.0,-0.0,0.0,0.0,-0.0,1.5707963705062866,-0.0
1737286264.3530197,1212,1737286263,43379584,,0,65016,33.637207,72.9913069,567.4599609375,0.0,0.0,-0.0,0.0,0.0,-0.0,1.5707963705062866,-0.0
1737286264.3530574,1213,1737286263,143382656,,0,65016,33.6372131,72.9913094,567.469970703125,0.0,0.0,-0.0,0.0,0.0,-0.0,1.5707963705062866,-0.0
1737286264.3530922,1214,1737286263,246384448,,0,65016,33.6372131,72.9913094,567.469970703125,0.0,0.0,-0.0,0.0,0.0,-0.0,1.5707963705062866,-0.0
1737286264.353756,1215,1737286263,343385984,,0,65016,33.6372131,72.9913094,567.469970703125,0.0,0.0,-0.0,0.0,0.0,-0.0,1.5707963705062866,-0.0
1737286264.353838,1216,1737286263,446387776,,0,65016,33.6372192,72.9913098,567.47998046875,0.0,0.0,-0.0,0.0,0.0,-0.0,1.5707963705062866,-0.0
1737286264.3540823,1217,1737286263,543389568,,0,65016,33.6372192,72.9913098,567.47998046875,0.0,0.0,-0.0,0.0,0.0,-0.0,1.5707963705062866,-0.0
1737286264.354123,1218,1737286263,643391104,,0,65016,33.6372167,72.9913101,567.469970703125,0.0,0.0,-0.0,0.0,0.0,-0.0,1.5707963705062866,-0.0
1737286264.354554,1219,1737286263,746392640,,0,65016,33.6372169,72.9913104,567.47998046875,0.0,0.0,-0.0,0.0,0.0,-0.0,1.5707963705062866,-0.0
1737286264.3549335,1220,1737286263,843394432,,0,65016,33.6372184,72.9913105,567.489990234375,0.0,0.0,-0.0,0.0,0.0,-0.0,1.5707963705062866,-0.0
1737286264.359083,1221,1737286263,943396224,,0,65016,33.637221,72.9913104,567.510009765625,0.0,0.0,-0.0,0.0,0.0,-0.0,1.5707963705062866,-0.0
1737286264.3592408,1222,1737286264,43398016,,0,65016,33.6372233,72.99131,567.5399780273438,0.0,0.0,-0.0,0.0,0.0,-0.0,1.5707963705062866,-0.0
1737286264.359416,1223,1737286264,143399808,,0,65016,33.6372252,72.9913094,567.6300048828125,0.0,0.0,-0.0,0.0,0.0,-0.0,1.5707963705062866,-0.0
1737286264.359618,1224,1737286264,246401600,,0,65016,33.637225,72.9913097,567.6300048828125,0.0,0.0,-0.0,0.0,0.0,-0.0,1.5707963705062866,-0.0
1737286264.3597674,1225,1737286264,343403392,,0,65016,33.6372241,72.9913104,567.6799926757812,0.0,0.0,-0.0,0.0,0.0,-0.0,1.5707963705062866,-0.0
1737286264.4487228,1226,1737286264,446405184,,0,65016,33.6372224,72.9913111,567.719970703125,0.0,0.0,-0.0,0.0,0.0,-0.0,1.5707963705062866,-0.0
1737286264.5483265,1227,1737286264,546406720,,0,65016,33.637221,72.9913118,567.760009765625,0.0,0.0,-0.0,0.0,0.0,-0.0,1.5707963705062866,-0.0
1737286264.647109,1228,1737286264,643408512,,0,65016,33.6372197,72.9913123,567.7999877929688,0.0,0.0,-0.0,0.0,0.0,-0.0,1.5707963705062866,-0.0
1737286264.748627,1229,1737286264,743410304,,0,65016,33.6372197,72.9913123,567.7999877929688,0.0,0.0,-0.0,0.0,0.0,-0.0,1.5707963705062866,-0.0
1737286264.847684,1230,1737286264,846412352,,0,65016,33.6372192,72.9913127,567.8399658203125,0.0,0.0,-0.0,0.0,0.0,-0.0,1.5707963705062866,-0.0
1737286264.9474843,1231,1737286264,943415424,,0,65016,33.6372192,72.9913129,567.9400024414062,0.0,0.0,-0.0,0.0,0.0,-0.0,1.5707963705062866,-0.0
1737286265.047624,1232,1737286265,43417216,,0,65016,33.6372192,72.9913129,567.9400024414062,0.0,0.0,-0.0,0.0,0.0,-0.0,1.5707963705062866,-0.0
1737286265.1477003,1233,1737286265,143419008,,0,65016,33.6372189,72.9913129,567.989990234375,0.0,0.0,-0.0,0.0,0.0,-0.0,1.5707963705062866,-0.0
1737286265.2519236,1234,1737286265,243421056,,0,65016,33.6372187,72.9913125,568.1400146484375,0.0,0.0,-0.0,0.0,0.0,-0.0,1.5707963705062866,-0.0
1737286265.3513827,1235,1737286265,346423360,,0,65016,33.6372187,72.9913125,568.1400146484375,0.0,0.0,-0.0,0.0,0.0,-0.0,1.5707963705062866,-0.0
1737286265.4510152,1236,1737286265,443425664,,0,65016,33.6372183,72.9913125,568.219970703125,0.0,0.0,-0.0,0.0,0.0,-0.0,1.5707963705062866,-0.0
1737286265.549511,1237,1737286265,546427456,,0,65016,33.6372183,72.9913125,568.219970703125,0.0,0.0,-0.0,0.0,0.0,-0.0,1.5707963705062866,-0.0
1737286265.649905,1238,1737286265,643429504,,0,65016,33.6372184,72.9913121,568.2699584960938,0.0,0.0,-0.0,0.0,0.0,-0.0,1.5707963705062866,-0.0
1737286265.75187,1239,1737286265,746431552,,0,65016,33.6372187,72.9913117,568.3099975585938,0.0,0.0,-0.0,0.0,0.0,-0.0,1.5707963705062866,-0.0
1737286265.8496785,1240,1737286265,843434112,,0,65016,33.6372185,72.9913114,568.3499755859375,0.0,0.0,-0.0,0.0,0.0,-0.0,1.5707963705062866,-0.0
1737286265.9501584,1241,1737286265,943436160,,0,65016,33.6372184,72.9913104,568.4299926757812,0.0,0.0,-0.0,0.0,0.0,-0.0,1.5707963705062866,-0.0
1737286266.0502365,1242,1737286266,43438464,,0,65016,33.6372184,72.9913104,568.4299926757812,0.0,0.0,-0.0,0.0,0.0,-0.0,1.5707963705062866,-0.0
1737286266.1506908,1243,1737286266,143440256,,0,65016,33.6372184,72.9913094,568.47998046875,0.0,0.0,-0.0,0.0,0.0,-0.0,1.5707963705062866,-0.0
1737286266.248655,1244,1737286266,243442560,,0,65016,33.6372184,72.9913094,568.47998046875,0.0,0.0,-0.0,0.0,0.0,-0.0,1.5707963705062866,-0.0
1737286266.3492138,1245,1737286266,346444352,,0,65016,33.6372183,72.9913075,568.5700073242188,0.0,0.0,-0.0,0.0,0.0,-0.0,1.5707963705062866,-0.0
1737286266.449711,1246,1737286266,446446400,,0,65016,33.6372183,72.9913075,568.5700073242188,0.0,0.0,-0.0,0.0,0.0,-0.0,1.5707963705062866,-0.0
1737286266.5508273,1247,1737286266,546448192,,0,65016,33.6372184,72.9913054,568.6599731445312,0.0,0.0,-0.0,0.0,0.0,-0.0,1.5707963705062866,-0.0
1737286266.654149,1248,1737286266,643450496,,0,65016,33.6372187,72.9913044,568.719970703125,0.0,0.0,-0.0,0.0,0.0,-0.0,1.5707963705062866,-0.0
1737286266.750089,1249,1737286266,746452544,,0,65016,33.6372188,72.9913044,568.719970703125,0.0,0.0,-0.0,0.0,0.0,-0.0,1.5707963705062866,-0.0
1737286266.8486326,1250,1737286266,843454848,,0,65016,33.6372189,72.9913023,568.8399658203125,0.0,0.0,-0.0,0.0,0.0,-0.0,1.5707963705062866,-0.0
1737286266.948704,1251,1737286266,943457152,,0,65016,33.6372189,72.9913023,568.8399658203125,0.0,0.0,-0.0,0.0,0.0,-0.0,1.5707963705062866,-0.0
1737286267.0481887,1252,1737286267,43459968,,0,65016,33.6372192,72.9912998,568.97998046875,0.0,0.0,-0.0,0.0,0.0,-0.0,1.5707963705062866,-0.0
1737286267.1896753,1253,1737286267,144462016,,0,65016,33.6372194,72.9912986,569.0499877929688,0.0,0.0,-0.0,0.0,0.0,-0.0,1.5707963705062866,-0.0
1737286267.2502432,1254,1737286267,246464320,,0,65016,33.6372192,72.9912966,569.1599731445312,0.0,0.0,-0.0,0.0,0.0,-0.0,1.5707963705062866,-0.0
1737286267.3477561,1255,1737286267,343466624,,0,65016,33.6372192,72.9912966,569.1599731445312,0.0,0.0,-0.0,0.0,0.0,-0.0,1.5707963705062866,-0.0
1737286267.4526289,1256,1737286267,446468928,,0,65016,33.637219,72.9912956,569.2099609375,0.0,0.0,-0.0,0.0,0.0,-0.0,1.5707963705062866,-0.0
1737286267.5498602,1257,1737286267,543470976,,0,65016,33.6372189,72.9912945,569.260009765625,0.0,0.0,-0.0,0.0,0.0,-0.0,1.5707963705062866,-0.0
1737286267.6512911,1258,1737286267,646473280,,0,65016,33.6372189,72.9912933,569.2999877929688,0.0,0.0,-0.0,0.0,0.0,-0.0,1.5707963705062866,-0.0
1737286267.7515876,1259,1737286267,743475584,,0,65016,33.637219,72.9912914,569.3900146484375,0.0,0.0,-0.0,0.0,0.0,-0.0,1.5707963705062866,-0.0
1737286267.849695,1260,1737286267,843478144,,0,65016,33.637219,72.9912914,569.4400024414062,0.0,0.0,-0.0,0.0,0.0,-0.0,1.5707963705062866,-0.0
1737286267.9568279,1261,1737286267,943479936,,0,65016,33.6372192,72.9912903,569.4400024414062,0.0,0.0,-0.0,0.0,0.0,-0.0,1.5707963705062866,-0.0
1737286268.050366,1262,1737286268,43482496,,0,65016,33.6372192,72.9912903,569.4400024414062,0.0,0.0,-0.0,0.0,0.0,-0.0,1.5707963705062866,-0.0
1737286268.149729,1263,1737286268,146478656,,0,65016,33.6372192,72.9912903,569.4400024414062,0.0,0.0,-0.0,0.0,0.0,-0.0,1.5707963705062866,-0.0
1737286268.248753,1264,1737286268,243481216,,0,65016,33.6372187,72.9912873,569.5999755859375,0.0,0.0,-0.0,0.0,0.0,-0.0,1.5707963705062866,-0.0
1737286268.349526,1265,1737286268,343483520,,0,65016,33.6372187,72.9912873,569.5999755859375,0.0,0.0,-0.0,0.0,0.0,-0.0,1.5707963705062866,-0.0
1737286268.4539278,1266,1737286268,443486336,,0,65016,33.6372184,72.9912866,569.6400146484375,0.0,0.0,-0.0,0.0,0.0,-0.0,1.5707963705062866,-0.0
1737286268.548819,1267,1737286268,546488896,,0,65016,33.6372184,72.9912866,569.6400146484375,0.0,0.0,-0.0,0.0,0.0,-0.0,1.5707963705062866,-0.0
1737286268.6534343,1268,1737286268,643488640,,0,65016,33.6372177,72.9912849,569.72998046875,0.0,0.0,-0.0,0.0,0.0,-0.0,1.5707963705062866,-0.0
1737286268.7497926,1269,1737286268,746491200,,0,65016,33.6372177,72.9912849,569.72998046875,0.0,0.0,-0.0,0.0,0.0,-0.0,1.5707963705062866,-0.0
1737286268.8482785,1270,1737286268,843492224,,0,65016,33.6372177,72.9912849,569.72998046875,0.0,0.0,-0.0,0.0,0.0,-0.0,1.5707963705062866,-0.0
1737286268.9499626,1271,1737286268,946494528,,0,65016,33.6372177,72.9912849,569.72998046875,0.0,0.0,-0.0,0.0,0.0,-0.0,1.5707963705062866,-0.0
1737286269.0496476,1272,1737286269,43495808,,0,65016,33.6372177,72.9912849,569.72998046875,0.0,0.0,-0.0,0.0,0.0,-0.0,1.5707963705062866,-0.0
1737286269.1506186,1273,1737286269,143498112,,0,65016,33.6372177,72.9912849,569.72998046875,0.0,0.0,-0.0,0.0,0.0,-0.0,1.5707963705062866,-0.0
1737286269.2505617,1274,1737286269,246499136,,0,65016,33.6372177,72.9912849,569.72998046875,0.0,0.0,-0.0,0.0,0.0,-0.0,1.5707963705062866,-0.0
1737286269.3501964,1275,1737286269,346501696,,0,65016,33.6372177,72.9912849,569.72998046875,0.0,0.0,-0.0,0.0,0.0,-0.0,1.5707963705062866,-0.0
1737286269.4498591,1276,1737286269,443502976,,0,65016,33.6372177,72.9912849,569.72998046875,0.0,0.0,-0.0,0.0,0.0,-0.0,1.5707963705062866,-0.0
1737286269.5500364,1277,1737286269,546505536,,0,65016,33.6372177,72.9912849,569.72998046875,0.0,0.0,-0.0,0.0,0.0,-0.0,1.5707963705062866,-0.0
1737286269.6498163,1278,1737286269,643506816,,0,65016,33.6372177,72.9912849,569.72998046875,0.0,0.0,-0.0,0.0,0.0,-0.0,1.5707963705062866,-0.0
1737286269.7508383,1279,1737286269,746509376,,0,65016,33.6372177,72.9912849,569.72998046875,0.0,0.0,-0.0,0.0,0.0,-0.0,1.5707963705062866,-0.0
1737286269.8494506,1280,1737286269,843510656,,0,65016,33.6372177,72.9912849,569.72998046875,0.0,0.0,-0.0,0.0,0.0,-0.0,1.5707963705062866,-0.0
1737286269.9558456,1281,1737286269,946513472,,0,65016,33.6372177,72.9912849,569.72998046875,0.0,0.0,-0.0,0.0,0.0,-0.0,1.5707963705062866,-0.0
1737286270.0496159,1282,1737286270,43514752,,0,65016,33.6372177,72.9912849,569.72998046875,0.0,0.0,-0.0,0.0,0.0,-0.0,1.5707963705062866,-0.0
1737286270.1501691,1283,1737286270,146517568,,0,65016,33.6372177,72.9912849,569.72998046875,0.0,0.0,-0.0,0.0,0.0,-0.0,1.5707963705062866,-0.0
1737286270.2500596,1284,1737286270,243518848,,0,65016,33.6372177,72.9912849,569.72998046875,0.0,0.0,-0.0,0.0,0.0,-0.0,1.5707963705062866,-0.0
1737286270.349874,1285,1737286270,346521664,,0,65016,33.6372177,72.9912849,569.72998046875,0.0,0.0,-0.0,0.0,0.0,-0.0,1.5707963705062866,-0.0
1737286270.44957,1286,1737286270,443523200,,0,65016,33.6372177,72.9912849,569.72998046875,0.0,0.0,-0.0,0.0,0.0,-0.0,1.5707963705062866,-0.0
1737286270.5494883,1287,1737286270,546525760,,0,65016,33.6372177,72.9912849,569.72998046875,0.0,0.0,-0.0,0.0,0.0,-0.0,1.5707963705062866,-0.0
1737286270.6495876,1288,1737286270,643527040,,0,65016,33.6372177,72.9912849,569.72998046875,0.0,0.0,-0.0,0.0,0.0,-0.0,1.5707963705062866,-0.0
1737286270.7496362,1289,1737286270,746529856,,0,65016,33.6372177,72.9912849,569.72998046875,0.0,0.0,-0.0,0.0,0.0,-0.0,1.5707963705062866,-0.0
1737286270.8543692,1290,1737286270,846531136,,0,65016,33.6372177,72.9912849,569.72998046875,0.0,0.0,-0.0,0.0,0.0,-0.0,1.5707963705062866,-0.0
1737286270.9544039,1291,1737286270,943533952,,0,65016,33.6372177,72.9912849,569.72998046875,0.0,0.0,-0.0,0.0,0.0,-0.0,1.5707963705062866,-0.0
1737286271.0510516,1292,1737286271,43535232,,0,65016,33.6372177,72.9912849,569.72998046875,0.0,0.0,-0.0,0.0,0.0,-0.0,1.5707963705062866,-0.0
1737286271.150189,1293,1737286271,143538304,,0,65016,33.6372177,72.9912849,569.72998046875,0.0,0.0,-0.0,0.0,0.0,-0.0,1.5707963705062866,-0.0
1737286271.2489488,1294,1737286271,243539584,,0,65016,33.6372177,72.9912849,569.72998046875,0.0,0.0,-0.0,0.0,0.0,-0.0,1.5707963705062866,-0.0
1737286271.349679,1295,1737286271,343542400,,0,65016,33.6372177,72.9912849,569.72998046875,0.0,0.0,-0.0,0.0,0.0,-0.0,1.5707963705062866,-0.0
1737286271.4497454,1296,1737286271,443544192,,0,65016,33.6372177,72.9912849,569.72998046875,0.0,0.0,-0.0,0.0,0.0,-0.0,1.5707963705062866,-0.0
1737286271.5497565,1297,1737286271,543546496,,0,65016,33.6372177,72.9912849,569.72998046875,0.0,0.0,-0.0,0.0,0.0,-0.0,1.5707963705062866,-0.0
1737286271.6497958,1298,1737286271,646547776,,0,65016,33.6372177,72.9912849,569.72998046875,0.0,0.0,-0.0,0.0,0.0,-0.0,1.5707963705062866,-0.0
1737286271.756028,1299,1737286271,743550592,,0,65016,33.6372177,72.9912849,569.72998046875,0.0,0.0,-0.0,0.0,0.0,-0.0,1.5707963705062866,-0.0
1737286271.8532314,1300,1737286271,846552128,,0,65016,33.6372177,72.9912849,569.72998046875,0.0,0.0,-0.0,0.0,0.0,-0.0,1.5707963705062866,-0.0
1737286271.9522612,1301,1737286271,946553664,,0,65016,33.6372177,72.9912849,569.72998046875,0.0,0.0,-0.0,0.0,0.0,-0.0,1.5707963705062866,-0.0
1737286272.0504742,1302,1737286272,43555200,,0,65016,33.6372177,72.9912849,569.72998046875,0.0,0.0,-0.0,0.0,0.0,-0.0,1.5707963705062866,-0.0
1737286272.1496181,1303,1737286272,143558272,,0,65016,33.6372177,72.9912849,569.72998046875,0.0,0.0,-0.0,0.0,0.0,-0.0,1.5707963705062866,-0.0
1737286272.2502959,1304,1737286272,246559808,,0,65016,33.6372177,72.9912849,569.72998046875,0.0,0.0,-0.0,0.0,0.0,-0.0,1.5707963705062866,-0.0
1737286272.3497286,1305,1737286272,343561344,,0,65016,33.6372177,72.9912849,569.72998046875,0.0,0.0,-0.0,0.0,0.0,-0.0,1.5707963705062866,-0.0
1737286272.4517944,1306,1737286272,446563136,,0,65016,33.6372177,72.9912849,569.72998046875,0.0,0.0,-0.0,0.0,0.0,-0.0,1.5707963705062866,-0.0
1737286272.549982,1307,1737286272,546564160,,0,65016,33.6372177,72.9912849,569.72998046875,0.0,0.0,-0.0,0.0,0.0,-0.0,1.5707963705062866,-0.0
1737286272.6501658,1308,1737286272,643565952,,0,65016,33.6372177,72.9912849,569.72998046875,0.0,0.0,-0.0,0.0,0.0,-0.0,1.5707963705062866,-0.0
1737286272.750329,1309,1737286272,743567232,,0,65016,33.6372177,72.9912849,569.72998046875,0.0,0.0,-0.0,0.0,0.0,-0.0,1.5707963705062866,-0.0
1737286272.8498259,1310,1737286272,846569024,,0,65016,33.6372177,72.9912849,569.72998046875,0.0,0.0,-0.0,0.0,0.0,-0.0,1.5707963705062866,-0.0
1737286272.9492269,1311,1737286272,943570304,,0,65016,33.6372177,72.9912849,569.72998046875,0.0,0.0,-0.0,0.0,0.0,-0.0,1.5707963705062866,-0.0
1737286273.0498853,1312,1737286273,43572096,,0,65016,33.6372177,72.9912849,569.72998046875,0.0,0.0,-0.0,0.0,0.0,-0.0,1.5707963705062866,-0.0
1737286273.1501586,1313,1737286273,143567744,,0,65016,33.6372177,72.9912849,569.72998046875,0.0,0.0,-0.0,0.0,0.0,-0.0,1.5707963705062866,-0.0
1737286273.2486043,1314,1737286273,243569536,,0,65016,33.6372177,72.9912849,569.72998046875,0.0,0.0,-0.0,0.0,0.0,-0.0,1.5707963705062866,-0.0
1737286273.3508654,1315,1737286273,346571328,,0,65016,33.6372177,72.9912849,569.72998046875,0.0,0.0,-0.0,0.0,0.0,-0.0,1.5707963705062866,-0.0
1737286273.451274,1316,1737286273,446573120,,0,65016,33.6372177,72.9912849,569.72998046875,0.0,0.0,-0.0,0.0,0.0,-0.0,1.5707963705062866,-0.0
1737286273.550659,1317,1737286273,543574912,,0,65016,33.6372177,72.9912849,569.72998046875,0.0,0.0,-0.0,0.0,0.0,-0.0,1.5707963705062866,-0.0
1737286273.6506867,1318,1737286273,643576704,,0,65016,33.6372177,72.9912849,569.72998046875,0.0,0.0,-0.0,0.0,0.0,-0.0,1.5707963705062866,-0.0
1737286273.7504852,1319,1737286273,743578496,,0,65016,33.6372177,72.9912849,569.72998046875,0.0,0.0,-0.0,0.0,0.0,-0.0,1.5707963705062866,-0.0
1737286273.8500273,1320,1737286273,846580288,,0,65016,33.6372177,72.9912849,569.72998046875,0.0,0.0,-0.0,0.0,0.0,-0.0,1.5707963705062866,-0.0
1737286273.951133,1321,1737286273,946582080,,0,65016,33.6372177,72.9912849,569.72998046875,0.0,0.0,-0.0,0.0,0.0,-0.0,1.5707963705062866,-0.0
1737286274.0498695,1322,1737286274,43584384,,0,65016,33.6372177,72.9912849,569.72998046875,0.0,0.0,-0.0,0.0,0.0,-0.0,1.5707963705062866,-0.0
1737286274.1505518,1323,1737286274,146586432,,0,65016,33.6372177,72.9912849,569.72998046875,0.0,0.0,-0.0,0.0,0.0,-0.0,1.5707963705062866,-0.0
1737286274.249758,1324,1737286274,243588736,,0,65016,33.6372177,72.9912849,569.72998046875,0.0,0.0,-0.0,0.0,0.0,-0.0,1.5707963705062866,-0.0
1737286274.3494916,1325,1737286274,343590528,,0,65016,33.6372177,72.9912849,569.72998046875,0.0,0.0,-0.0,0.0,0.0,-0.0,1.5707963705062866,-0.0
1737286274.449073,1326,1737286274,443592576,,0,65016,33.6372177,72.9912849,569.72998046875,0.0,0.0,-0.0,0.0,0.0,-0.0,1.5707963705062866,-0.0
1737286274.548739,1327,1737286274,543594624,,0,65016,33.6372177,72.9912849,569.72998046875,0.0,0.0,-0.0,0.0,0.0,-0.0,1.5707963705062866,-0.0
1737286274.6494062,1328,1737286274,643596672,,0,65016,33.6372177,72.9912849,569.72998046875,0.0,0.0,-0.0,0.0,0.0,-0.0,1.5707963705062866,-0.0
1737286274.7501748,1329,1737286274,743598720,,0,65016,33.6372177,72.9912849,569.72998046875,0.0,0.0,-0.0,0.0,0.0,-0.0,1.5707963705062866,-0.0
1737286274.8502808,1330,1737286274,843600768,,0,65016,33.6372177,72.9912849,569.72998046875,0.0,0.0,-0.0,0.0,0.0,-0.0,1.5707963705062866,-0.0
1737286274.9498696,1331,1737286274,946602816,,0,65016,33.6372177,72.9912849,569.72998046875,0.0,0.0,-0.0,0.0,0.0,-0.0,1.5707963705062866,-0.0
1737286275.0495038,1332,1737286275,46604864,,0,65016,33.6372177,72.9912849,569.72998046875,0.0,0.0,-0.0,0.0,0.0,-0.0,1.5707963705062866,-0.0
1737286275.1492605,1333,1737286275,143606912,,0,65016,33.6372177,72.9912849,569.72998046875,0.0,0.0,-0.0,0.0,0.0,-0.0,1.5707963705062866,-0.0
1737286275.2495303,1334,1737286275,243609216,,0,65016,33.6372177,72.9912849,569.72998046875,0.0,0.0,-0.0,0.0,0.0,-0.0,1.5707963705062866,-0.0
1737286275.349612,1335,1737286275,346611008,,0,65016,33.6372177,72.9912849,569.72998046875,0.0,0.0,-0.0,0.0,0.0,-0.0,1.5707963705062866,-0.0
1737286275.4498625,1336,1737286275,446613056,,0,65016,33.6372177,72.9912849,569.72998046875,0.0,0.0,-0.0,0.0,0.0,-0.0,1.5707963705062866,-0.0
1737286275.5497003,1337,1737286275,546614848,,0,65016,33.6372177,72.9912849,569.72998046875,0.0,0.0,-0.0,0.0,0.0,-0.0,1.5707963705062866,-0.0
1737286275.6492383,1338,1737286275,643616896,,0,65016,33.6372177,72.9912849,569.72998046875,0.0,0.0,-0.0,0.0,0.0,-0.0,1.5707963705062866,-0.0
1737286275.7489266,1339,1737286275,743618688,,0,65016,33.6372177,72.9912849,569.72998046875,0.0,0.0,-0.0,0.0,0.0,-0.0,1.5707963705062866,-0.0
1737286275.8501642,1340,1737286275,846620736,,0,65016,33.6372177,72.9912849,569.72998046875,0.0,0.0,-0.0,0.0,0.0,-0.0,1.5707963705062866,-0.0
1737286275.9539678,1341,1737286275,943623040,,0,65016,33.6372177,72.9912849,569.72998046875,0.0,0.0,-0.0,0.0,0.0,-0.0,1.5707963705062866,-0.0
1737286276.0494394,1342,1737286276,43625344,,0,65016,33.6372177,72.9912849,569.72998046875,0.0,0.0,-0.0,0.0,0.0,-0.0,1.5707963705062866,-0.0
1737286276.14907,1343,1737286276,143627136,,0,65016,33.6372177,72.9912849,569.72998046875,0.0,0.0,-0.0,0.0,0.0,-0.0,1.5707963705062866,-0.0
1737286276.249936,1344,1737286276,246627904,,0,65016,33.6372177,72.9912849,569.72998046875,0.0,0.0,-0.0,0.0,0.0,-0.0,1.5707963705062866,-0.0
1737286276.3499556,1345,1737286276,343629952,,0,65016,33.6372177,72.9912849,569.72998046875,0.0,0.0,-0.0,0.0,0.0,-0.0,1.5707963705062866,-0.0
1737286276.4507318,1346,1737286276,443630720,,0,65016,33.6372177,72.9912849,569.72998046875,0.0,0.0,-0.0,0.0,0.0,-0.0,1.5707963705062866,-0.0
1737286276.550181,1347,1737286276,543632768,,0,65016,33.6372177,72.9912849,569.72998046875,0.0,0.0,-0.0,0.0,0.0,-0.0,1.5707963705062866,-0.0
1737286276.6497736,1348,1737286276,643633536,,0,65016,33.6372177,72.9912849,569.72998046875,0.0,0.0,-0.0,0.0,0.0,-0.0,1.5707963705062866,-0.0
1737286276.7498922,1349,1737286276,743635840,,0,65016,33.6372177,72.9912849,569.72998046875,0.0,0.0,-0.0,0.0,0.0,-0.0,1.5707963705062866,-0.0
1737286276.8485978,1350,1737286276,843636864,,0,65016,33.6372177,72.9912849,569.72998046875,0.0,0.0,-0.0,0.0,0.0,-0.0,1.5707963705062866,-0.0
1737286276.955649,1351,1737286276,946638912,,0,65016,33.6372177,72.9912849,569.72998046875,0.0,0.0,-0.0,0.0,0.0,-0.0,1.5707963705062866,-0.0
1737286277.049542,1352,1737286277,46639680,,0,65016,33.6372177,72.9912849,569.72998046875,0.0,0.0,-0.0,0.0,0.0,-0.0,1.5707963705062866,-0.0
1737286277.150665,1353,1737286277,143641984,,0,65016,33.6372177,72.9912849,569.72998046875,0.0,0.0,-0.0,0.0,0.0,-0.0,1.5707963705062866,-0.0
1737286277.2501497,1354,1737286277,246643008,,0,65016,33.6372177,72.9912849,569.72998046875,0.0,0.0,-0.0,0.0,0.0,-0.0,1.5707963705062866,-0.0
1737286277.357611,1355,1737286277,343645312,,0,65016,33.6372177,72.9912849,569.72998046875,0.0,0.0,-0.0,0.0,0.0,-0.0,1.5707963705062866,-0.0
1737286277.4501324,1356,1737286277,446646336,,0,65016,33.6372177,72.9912849,569.72998046875,0.0,0.0,-0.0,0.0,0.0,-0.0,1.5707963705062866,-0.0
1737286277.550041,1357,1737286277,546648384,,0,65016,33.6372177,72.9912849,569.72998046875,0.0,0.0,-0.0,0.0,0.0,-0.0,1.5707963705062866,-0.0
1737286277.6504407,1358,1737286277,643649408,,0,65016,33.6372177,72.9912849,569.72998046875,0.0,0.0,-0.0,0.0,0.0,-0.0,1.5707963705062866,-0.0
1737286277.7502587,1359,1737286277,743651712,,0,65016,33.6372177,72.9912849,569.72998046875,0.0,0.0,-0.0,0.0,0.0,-0.0,1.5707963705062866,-0.0
1737286277.850331,1360,1737286277,843652992,,0,65016,33.6372177,72.9912849,569.72998046875,0.0,0.0,-0.0,0.0,0.0,-0.0,1.5707963705062866,-0.0
1737286277.9484255,1361,1737286277,943655040,,0,65016,33.6372177,72.9912849,569.72998046875,0.0,0.0,-0.0,0.0,0.0,-0.0,1.5707963705062866,-0.0
1737286278.055511,1362,1737286278,46656064,,0,65016,33.6372177,72.9912849,569.72998046875,0.0,0.0,-0.0,0.0,0.0,-0.0,1.5707963705062866,-0.0
1737286278.1487308,1363,1737286278,146658368,,0,65016,33.6372177,72.9912849,569.72998046875,0.0,0.0,-0.0,0.0,0.0,-0.0,1.5707963705062866,-0.0
1737286278.2489786,1364,1737286278,246659648,,0,65016,33.6372177,72.9912849,569.72998046875,0.0,0.0,-0.0,0.0,0.0,-0.0,1.5707963705062866,-0.0
1737286278.3485115,1365,1737286278,343662208,,0,65016,33.6372177,72.9912849,569.72998046875,0.0,0.0,-0.0,0.0,0.0,-0.0,1.5707963705062866,-0.0
1737286278.4496887,1366,1737286278,446663488,,0,65016,33.6372177,72.9912849,569.72998046875,0.0,0.0,-0.0,0.0,0.0,-0.0,1.5707963705062866,-0.0
1737286278.54994,1367,1737286278,543666304,,0,65016,33.6372177,72.9912849,569.72998046875,0.0,0.0,-0.0,0.0,0.0,-0.0,1.5707963705062866,-0.0
1737286278.650184,1368,1737286278,646667328,,0,65016,33.6372177,72.9912849,569.72998046875,0.0,0.0,-0.0,0.0,0.0,-0.0,1.5707963705062866,-0.0
1737286278.749511,1369,1737286278,743669888,,0,65016,33.6372177,72.9912849,569.72998046875,0.0,0.0,-0.0,0.0,0.0,-0.0,1.5707963705062866,-0.0
1737286278.8498285,1370,1737286278,846671168,,0,65016,33.6372177,72.9912849,569.72998046875,0.0,0.0,-0.0,0.0,0.0,-0.0,1.5707963705062866,-0.0
1737286278.9500444,1371,1737286278,946673984,,0,65016,33.6372177,72.9912849,569.72998046875,0.0,0.0,-0.0,0.0,0.0,-0.0,1.5707963705062866,-0.0
1737286279.0500922,1372,1737286279,46675520,,0,65016,33.6372177,72.9912849,569.72998046875,0.0,0.0,-0.0,0.0,0.0,-0.0,1.5707963705062866,-0.0
1737286279.1496222,1373,1737286279,146678336,,0,65016,33.6372177,72.9912849,569.72998046875,0.0,0.0,-0.0,0.0,0.0,-0.0,1.5707963705062866,-0.0
1737286279.2499478,1374,1737286279,246679872,,0,65016,33.6372177,72.9912849,569.72998046875,0.0,0.0,-0.0,0.0,0.0,-0.0,1.5707963705062866,-0.0
1737286279.349007,1375,1737286279,343681408,,0,65016,33.6372177,72.9912849,569.72998046875,0.0,0.0,-0.0,0.0,0.0,-0.0,1.5707963705062866,-0.0
1737286279.44917,1376,1737286279,443682944,,0,65016,33.6372177,72.9912849,569.72998046875,0.0,0.0,-0.0,0.0,0.0,-0.0,1.5707963705062866,-0.0
1737286279.549141,1377,1737286279,543684224,,0,65016,33.6372177,72.9912849,569.72998046875,0.0,0.0,-0.0,0.0,0.0,-0.0,1.5707963705062866,-0.0
1737286279.6490533,1378,1737286279,643686016,,0,65016,33.6372177,72.9912849,569.72998046875,0.0,0.0,-0.0,0.0,0.0,-0.0,1.5707963705062866,-0.0
1737286279.7491503,1379,1737286279,746687552,,0,65016,33.6372177,72.9912849,569.72998046875,0.0,0.0,-0.0,0.0,0.0,-0.0,1.5707963705062866,-0.0
1737286279.8499699,1380,1737286279,843689088,,0,65016,33.6372177,72.9912849,569.72998046875,0.0,0.0,-0.0,0.0,0.0,-0.0,1.5707963705062866,-0.0
1737286279.949678,1381,1737286279,943690624,,0,65016,33.6372177,72.9912849,569.72998046875,0.0,0.0,-0.0,0.0,0.0,-0.0,1.5707963705062866,-0.0
1737286280.0496526,1382,1737286280,46692416,,0,65016,33.6372177,72.9912849,569.72998046875,0.0,0.0,-0.0,0.0,0.0,-0.0,1.5707963705062866,-0.0
1737286280.156403,1383,1737286280,143694208,,0,65016,33.6372177,72.9912849,569.72998046875,0.0,0.0,-0.0,0.0,0.0,-0.0,1.5707963705062866,-0.0
1737286280.2524004,1384,1737286280,246695488,,0,65016,33.6372177,72.9912849,569.72998046875,0.0,0.0,-0.0,0.0,0.0,-0.0,1.5707963705062866,-0.0
1737286280.354271,1385,1737286280,346696768,,0,65016,33.6372177,72.9912849,569.72998046875,0.0,0.0,-0.0,0.0,0.0,-0.0,1.5707963705062866,-0.0
1737286280.449607,1386,1737286280,446698048,,0,65016,33.6372177,72.9912849,569.72998046875,0.0,0.0,-0.0,0.0,0.0,-0.0,1.5707963705062866,-0.0
1737286280.5550795,1387,1737286280,546699328,,0,65016,33.6372177,72.9912849,569.72998046875,0.0,0.0,-0.0,0.0,0.0,-0.0,1.5707963705062866,-0.0
1737286280.650245,1388,1737286280,646700608,,0,65016,33.6372177,72.9912849,569.72998046875,0.0,0.0,-0.0,0.0,0.0,-0.0,1.5707963705062866,-0.0
1737286280.75008,1389,1737286280,743701888,,0,65016,33.6372177,72.9912849,569.72998046875,0.0,0.0,-0.0,0.0,0.0,-0.0,1.5707963705062866,-0.0
1737286280.850402,1390,1737286280,843703424,,0,65016,33.6372177,72.9912849,569.72998046875,0.0,0.0,-0.0,0.0,0.0,-0.0,1.5707963705062866,-0.0
1737286280.9501097,1391,1737286280,943704704,,0,65016,33.6372177,72.9912849,569.72998046875,0.0,0.0,-0.0,0.0,0.0,-0.0,1.5707963705062866,-0.0
1737286281.0495958,1392,1737286281,46705984,,0,65016,33.6372177,72.9912849,569.72998046875,0.0,0.0,-0.0,0.0,0.0,-0.0,1.5707963705062866,-0.0
1737286281.1498055,1393,1737286281,143701120,,0,65016,33.6372177,72.9912849,569.72998046875,0.0,0.0,-0.0,0.0,0.0,-0.0,1.5707963705062866,-0.0
1737286281.2499974,1394,1737286281,246702912,,0,65016,33.6372177,72.9912849,569.72998046875,0.0,0.0,-0.0,0.0,0.0,-0.0,1.5707963705062866,-0.0
1737286281.3498626,1395,1737286281,343704192,,0,65016,33.6372177,72.9912849,569.72998046875,0.0,0.0,-0.0,0.0,0.0,-0.0,1.5707963705062866,-0.0
1737286281.4502754,1396,1737286281,443705728,,0,65016,33.6372177,72.9912849,569.72998046875,0.0,0.0,-0.0,0.0,0.0,-0.0,1.5707963705062866,-0.0
1737286281.5530853,1397,1737286281,543707264,,0,65016,33.6372177,72.9912849,569.72998046875,0.0,0.0,-0.0,0.0,0.0,-0.0,1.5707963705062866,-0.0
1737286281.649217,1398,1737286281,643708800,,0,65016,33.6372177,72.9912849,569.72998046875,0.0,0.0,-0.0,0.0,0.0,-0.0,1.5707963705062866,-0.0
1737286281.7506323,1399,1737286281,743710336,,0,65016,33.6372177,72.9912849,569.72998046875,0.0,0.0,-0.0,0.0,0.0,-0.0,1.5707963705062866,-0.0
1737286281.850149,1400,1737286281,843711872,,0,65016,33.6372177,72.9912849,569.72998046875,0.0,0.0,-0.0,0.0,0.0,-0.0,1.5707963705062866,-0.0
1737286281.949433,1401,1737286281,943713152,,0,65016,33.6372177,72.9912849,569.72998046875,0.0,0.0,-0.0,0.0,0.0,-0.0,1.5707963705062866,-0.0
1737286282.0496716,1402,1737286282,43714688,,0,65016,33.6372177,72.9912849,569.72998046875,0.0,0.0,-0.0,0.0,0.0,-0.0,1.5707963705062866,-0.0
1737286282.1498468,1403,1737286282,146715968,,0,65016,33.6372177,72.9912849,569.72998046875,0.0,0.0,-0.0,0.0,0.0,-0.0,1.5707963705062866,-0.0
1737286282.2500343,1404,1737286282,246717248,,0,65016,33.6372177,72.9912849,569.72998046875,0.0,0.0,-0.0,0.0,0.0,-0.0,1.5707963705062866,-0.0
1737286282.35263,1405,1737286282,343718272,,0,65016,33.6372177,72.9912849,569.72998046875,0.0,0.0,-0.0,0.0,0.0,-0.0,1.5707963705062866,-0.0
1737286282.4525566,1406,1737286282,443719808,,0,65016,33.6372177,72.9912849,569.72998046875,0.0,0.0,-0.0,0.0,0.0,-0.0,1.5707963705062866,-0.0
1737286282.554038,1407,1737286282,543721088,,0,65016,33.6372177,72.9912849,569.72998046875,0.0,0.0,-0.0,0.0,0.0,-0.0,1.5707963705062866,-0.0
1737286282.649191,1408,1737286282,643722624,,0,65016,33.6372177,72.9912849,569.72998046875,0.0,0.0,-0.0,0.0,0.0,-0.0,1.5707963705062866,-0.0
1737286282.7481642,1409,1737286282,746723904,,0,65016,33.6372177,72.9912849,569.72998046875,0.0,0.0,-0.0,0.0,0.0,-0.0,1.5707963705062866,-0.0
1737286282.8495433,1410,1737286282,846725440,,0,65016,33.6372177,72.9912849,569.72998046875,0.0,0.0,-0.0,0.0,0.0,-0.0,1.5707963705062866,-0.0
1737286282.9497452,1411,1737286282,946726464,,0,65016,33.6372177,72.9912849,569.72998046875,0.0,0.0,-0.0,0.0,0.0,-0.0,1.5707963705062866,-0.0
1737286283.049036,1412,1737286283,43728256,,0,65016,33.6372177,72.9912849,569.72998046875,0.0,0.0,-0.0,0.0,0.0,-0.0,1.5707963705062866,-0.0
1737286283.1497614,1413,1737286283,146730048,,0,65016,33.6372177,72.9912849,569.72998046875,0.0,0.0,-0.0,0.0,0.0,-0.0,1.5707963705062866,-0.0
1737286283.2496922,1414,1737286283,243731840,,0,65016,33.6372177,72.9912849,569.72998046875,0.0,0.0,-0.0,0.0,0.0,-0.0,1.5707963705062866,-0.0
1737286283.350257,1415,1737286283,346733632,,0,65016,33.6372177,72.9912849,569.72998046875,0.0,0.0,-0.0,0.0,0.0,-0.0,1.5707963705062866,-0.0
1737286283.4480789,1416,1737286283,443735424,,0,65016,33.6372177,72.9912849,569.72998046875,0.0,0.0,-0.0,0.0,0.0,-0.0,1.5707963705062866,-0.0
1737286283.5485795,1417,1737286283,543736960,,0,65016,33.6372177,72.9912849,569.72998046875,0.0,0.0,-0.0,0.0,0.0,-0.0,1.5707963705062866,-0.0
1737286283.6481502,1418,1737286283,643737472,,0,65016,33.6372177,72.9912849,569.72998046875,0.0,0.0,-0.0,0.0,0.0,-0.0,1.5707963705062866,-0.0
1737286283.7484705,1419,1737286283,743739264,,0,65016,33.6372177,72.9912849,569.72998046875,0.0,0.0,-0.0,0.0,0.0,-0.0,1.5707963705062866,-0.0
1737286283.8487537,1420,1737286283,843739520,,0,65016,33.6372177,72.9912849,569.72998046875,0.0,0.0,-0.0,0.0,0.0,-0.0,1.5707963705062866,-0.0
1737286283.954037,1421,1737286283,943741056,,0,65016,33.6372177,72.9912849,569.72998046875,0.0,0.0,-0.0,0.0,0.0,-0.0,1.5707963705062866,-0.0
1737286284.0547354,1422,1737286284,43741312,,0,65016,33.6372177,72.9912849,569.72998046875,0.0,0.0,-0.0,0.0,0.0,-0.0,1.5707963705062866,-0.0
1737286284.151464,1423,1737286284,143743104,,0,65016,33.6372177,72.9912849,569.72998046875,0.0,0.0,-0.0,0.0,0.0,-0.0,1.5707963705062866,-0.0
1737286284.2492456,1424,1737286284,246743616,,0,65016,33.6372177,72.9912849,569.72998046875,0.0,0.0,-0.0,0.0,0.0,-0.0,1.5707963705062866,-0.0
1737286284.3494864,1425,1737286284,343745408,,0,65016,33.6372177,72.9912849,569.72998046875,0.0,0.0,-0.0,0.0,0.0,-0.0,1.5707963705062866,-0.0
1737286284.4490983,1426,1737286284,446745920,,0,65016,33.6372177,72.9912849,569.72998046875,0.0,0.0,-0.0,0.0,0.0,-0.0,1.5707963705062866,-0.0
1737286284.5492256,1427,1737286284,546747712,,0,65016,33.6372177,72.9912849,569.72998046875,0.0,0.0,-0.0,0.0,0.0,-0.0,1.5707963705062866,-0.0
1737286284.649786,1428,1737286284,643748224,,0,65016,33.6372177,72.9912849,569.72998046875,0.0,0.0,-0.0,0.0,0.0,-0.0,1.5707963705062866,-0.0
1737286284.7493863,1429,1737286284,743750016,,0,65016,33.6372177,72.9912849,569.72998046875,0.0,0.0,-0.0,0.0,0.0,-0.0,1.5707963705062866,-0.0
1737286284.850216,1430,1737286284,843750528,,0,65016,33.6372177,72.9912849,569.72998046875,0.0,0.0,-0.0,0.0,0.0,-0.0,1.5707963705062866,-0.0
1737286284.9503436,1431,1737286284,943752320,,0,65016,33.6372177,72.9912849,569.72998046875,0.0,0.0,-0.0,0.0,0.0,-0.0,1.5707963705062866,-0.0
1737286285.050611,1432,1737286285,43753088,,0,65016,33.6372177,72.9912849,569.72998046875,0.0,0.0,-0.0,0.0,0.0,-0.0,1.5707963705062866,-0.0
1737286285.1501205,1433,1737286285,143755392,,0,65016,33.6372177,72.9912849,569.72998046875,0.0,0.0,-0.0,0.0,0.0,-0.0,1.5707963705062866,-0.0
1737286285.2497182,1434,1737286285,243756160,,0,65016,33.6372177,72.9912849,569.72998046875,0.0,0.0,-0.0,0.0,0.0,-0.0,1.5707963705062866,-0.0
1737286285.3498428,1435,1737286285,343758464,,0,65016,33.6372177,72.9912849,569.72998046875,0.0,0.0,-0.0,0.0,0.0,-0.0,1.5707963705062866,-0.0
1737286285.4508264,1436,1737286285,446759232,,0,65016,33.6372177,72.9912849,569.72998046875,0.0,0.0,-0.0,0.0,0.0,-0.0,1.5707963705062866,-0.0
1737286285.5501597,1437,1737286285,543761280,,0,65016,33.6372177,72.9912849,569.72998046875,0.0,0.0,-0.0,0.0,0.0,-0.0,1.5707963705062866,-0.0
1737286285.6502037,1438,1737286285,646762048,,0,65016,33.6372177,72.9912849,569.72998046875,0.0,0.0,-0.0,0.0,0.0,-0.0,1.5707963705062866,-0.0
1737286285.7592897,1439,1737286285,746764096,,0,65016,33.6372177,72.9912849,569.72998046875,0.0,0.0,-0.0,0.0,0.0,-0.0,1.5707963705062866,-0.0
1737286285.853767,1440,1737286285,846764864,,0,65016,33.6372177,72.9912849,569.72998046875,0.0,0.0,-0.0,0.0,0.0,-0.0,1.5707963705062866,-0.0
1737286285.9498718,1441,1737286285,943767168,,0,65016,33.6372177,72.9912849,569.72998046875,0.0,0.0,-0.0,0.0,0.0,-0.0,1.5707963705062866,-0.0
1737286286.0485563,1442,1737286286,43767936,,0,65016,33.6372177,72.9912849,569.72998046875,0.0,0.0,-0.0,0.0,0.0,-0.0,1.5707963705062866,-0.0
1737286286.1491914,1443,1737286286,143769984,,0,65016,33.6372177,72.9912849,569.72998046875,0.0,0.0,-0.0,0.0,0.0,-0.0,1.5707963705062866,-0.0
1737286286.2505996,1444,1737286286,243771008,,0,65016,33.6372177,72.9912849,569.72998046875,0.0,0.0,-0.0,0.0,0.0,-0.0,1.5707963705062866,-0.0
1737286286.3500254,1445,1737286286,346773312,,0,65016,33.6372177,72.9912849,569.72998046875,0.0,0.0,-0.0,0.0,0.0,-0.0,1.5707963705062866,-0.0
1737286286.4507406,1446,1737286286,446774080,,0,65016,33.6372177,72.9912849,569.72998046875,0.0,0.0,-0.0,0.0,0.0,-0.0,1.5707963705062866,-0.0
1737286286.5502589,1447,1737286286,543776384,,0,65016,33.6372177,72.9912849,569.72998046875,0.0,0.0,-0.0,0.0,0.0,-0.0,1.5707963705062866,-0.0
1737286286.649894,1448,1737286286,643777408,,0,65016,33.6372177,72.9912849,569.72998046875,0.0,0.0,-0.0,0.0,0.0,-0.0,1.5707963705062866,-0.0
1737286286.7506132,1449,1737286286,746778176,,0,65016,33.6372177,72.9912849,569.72998046875,0.0,0.0,-0.0,0.0,0.0,-0.0,1.5707963705062866,-0.0
1737286286.8496776,1450,1737286286,843779200,,0,65016,33.6372177,72.9912849,569.72998046875,0.0,0.0,-0.0,0.0,0.0,-0.0,1.5707963705062866,-0.0
1737286286.9497914,1451,1737286286,943781248,,0,65016,33.6372177,72.9912849,569.72998046875,0.0,0.0,-0.0,0.0,0.0,-0.0,1.5707963705062866,-0.0
1737286287.0504808,1452,1737286287,43782016,,0,65016,33.6372177,72.9912849,569.72998046875,0.0,0.0,-0.0,0.0,0.0,-0.0,1.5707963705062866,-0.0
1737286287.15017,1453,1737286287,143784320,,0,65016,33.6372177,72.9912849,569.72998046875,0.0,0.0,-0.0,0.0,0.0,-0.0,1.5707963705062866,-0.0
1737286287.2502022,1454,1737286287,246785088,,0,65016,33.6372177,72.9912849,569.72998046875,0.0,0.0,-0.0,0.0,0.0,-0.0,1.5707963705062866,-0.0
1737286287.3545444,1455,1737286287,346787392,,0,65016,33.6372177,72.9912849,569.72998046875,0.0,0.0,-0.0,0.0,0.0,-0.0,1.5707963705062866,-0.0
1737286287.447795,1456,1737286287,443788160,,0,65016,33.6372177,72.9912849,569.72998046875,0.0,0.0,-0.0,0.0,0.0,-0.0,1.5707963705062866,-0.0
1737286287.5527341,1457,1737286287,546788928,,0,65016,33.6372177,72.9912849,569.72998046875,0.0,0.0,-0.0,0.0,0.0,-0.0,1.5707963705062866,-0.0
1737286287.650511,1458,1737286287,643789696,,0,65016,33.6372177,72.9912849,569.72998046875,0.0,0.0,-0.0,0.0,0.0,-0.0,1.5707963705062866,-0.0
1737286287.7506127,1459,1737286287,743790720,,0,65016,33.6372177,72.9912849,569.72998046875,0.0,0.0,-0.0,0.0,0.0,-0.0,1.5707963705062866,-0.0
1737286287.8505695,1460,1737286287,843791744,,0,65016,33.6372177,72.9912849,569.72998046875,0.0,0.0,-0.0,0.0,0.0,-0.0,1.5707963705062866,-0.0
1737286287.9504757,1461,1737286287,943792000,,0,65016,33.6372177,72.9912849,569.72998046875,0.0,0.0,-0.0,0.0,0.0,-0.0,1.5707963705062866,-0.0
1737286288.050333,1462,1737286288,43793024,,0,65016,33.6372177,72.9912849,569.72998046875,0.0,0.0,-0.0,0.0,0.0,-0.0,1.5707963705062866,-0.0
1737286288.1501148,1463,1737286288,143794048,,0,65016,33.6372177,72.9912849,569.72998046875,0.0,0.0,-0.0,0.0,0.0,-0.0,1.5707963705062866,-0.0
1737286288.2498136,1464,1737286288,246795328,,0,65016,33.6372177,72.9912849,569.72998046875,0.0,0.0,-0.0,0.0,0.0,-0.0,1.5707963705062866,-0.0
1737286288.3499694,1465,1737286288,343796096,,0,65016,33.6372177,72.9912849,569.72998046875,0.0,0.0,-0.0,0.0,0.0,-0.0,1.5707963705062866,-0.0
1737286288.450736,1466,1737286288,446797120,,0,65016,33.6372177,72.9912849,569.72998046875,0.0,0.0,-0.0,0.0,0.0,-0.0,1.5707963705062866,-0.0
1737286288.5504851,1467,1737286288,546797888,,0,65016,33.6372177,72.9912849,569.72998046875,0.0,0.0,-0.0,0.0,0.0,-0.0,1.5707963705062866,-0.0
1737286288.6497786,1468,1737286288,643799168,,0,65016,33.6372177,72.9912849,569.72998046875,0.0,0.0,-0.0,0.0,0.0,-0.0,1.5707963705062866,-0.0
1737286288.7496893,1469,1737286288,743799936,,0,65016,33.6372177,72.9912849,569.72998046875,0.0,0.0,-0.0,0.0,0.0,-0.0,1.5707963705062866,-0.0
1737286288.8494468,1470,1737286288,846800960,,0,65016,33.6372177,72.9912849,569.72998046875,0.0,0.0,-0.0,0.0,0.0,-0.0,1.5707963705062866,-0.0
1737286288.9489648,1471,1737286288,946802240,,0,65016,33.6372177,72.9912849,569.72998046875,0.0,0.0,-0.0,0.0,0.0,-0.0,1.5707963705062866,-0.0
1737286289.0483303,1472,1737286289,43803520,,0,65016,33.6372177,72.9912849,569.72998046875,0.0,0.0,-0.0,0.0,0.0,-0.0,1.5707963705062866,-0.0
1737286289.154272,1473,1737286289,146804544,,0,65016,33.6372177,72.9912849,569.72998046875,0.0,0.0,-0.0,0.0,0.0,-0.0,1.5707963705062866,-0.0
1737286289.25421,1474,1737286289,246805824,,0,65016,33.6372177,72.9912849,569.72998046875,0.0,0.0,-0.0,0.0,0.0,-0.0,1.5707963705062866,-0.0
1737286289.3500764,1475,1737286289,346806848,,0,65016,33.6372177,72.9912849,569.72998046875,0.0,0.0,-0.0,0.0,0.0,-0.0,1.5707963705062866,-0.0
1737286289.4490614,1476,1737286289,443808128,,0,65016,33.6372177,72.9912849,569.72998046875,0.0,0.0,-0.0,0.0,0.0,-0.0,1.5707963705062866,-0.0
1737286289.5501072,1477,1737286289,543809152,,0,65016,33.6372177,72.9912849,569.72998046875,0.0,0.0,-0.0,0.0,0.0,-0.0,1.5707963705062866,-0.0
1737286289.6549704,1478,1737286289,646810432,,0,65016,33.6372177,72.9912849,569.72998046875,0.0,0.0,-0.0,0.0,0.0,-0.0,1.5707963705062866,-0.0
1737286289.7544348,1479,1737286289,746811712,,0,65016,33.6372177,72.9912849,569.72998046875,0.0,0.0,-0.0,0.0,0.0,-0.0,1.5707963705062866,-0.0
1737286289.8504684,1480,1737286289,846812992,,0,65016,33.6372177,72.9912849,569.72998046875,0.0,0.0,-0.0,0.0,0.0,-0.0,1.5707963705062866,-0.0
1737286289.9492116,1481,1737286289,943814528,,0,65016,33.6372177,72.9912849,569.72998046875,0.0,0.0,-0.0,0.0,0.0,-0.0,1.5707963705062866,-0.0
1737286290.048619,1482,1737286290,43815808,,0,65016,33.6372177,72.9912849,569.72998046875,0.0,0.0,-0.0,0.0,0.0,-0.0,1.5707963705062866,-0.0
1737286290.1485393,1483,1737286290,143817088,,0,65016,33.6372177,72.9912849,569.72998046875,0.0,0.0,-0.0,0.0,0.0,-0.0,1.5707963705062866,-0.0
1737286290.2488508,1484,1737286290,246818624,,0,65016,33.6372177,72.9912849,569.72998046875,0.0,0.0,-0.0,0.0,0.0,-0.0,1.5707963705062866,-0.0
1737286290.3487334,1485,1737286290,346820160,,0,65016,33.6372177,72.9912849,569.72998046875,0.0,0.0,-0.0,0.0,0.0,-0.0,1.5707963705062866,-0.0
1737286290.4480917,1486,1737286290,443821696,,0,65016,33.6372177,72.9912849,569.72998046875,0.0,0.0,-0.0,0.0,0.0,-0.0,1.5707963705062866,-0.0
1737286290.548742,1487,1737286290,543822976,,0,65016,33.6372177,72.9912849,569.72998046875,0.0,0.0,-0.0,0.0,0.0,-0.0,1.5707963705062866,-0.0
1737286290.6493077,1488,1737286290,646823232,,0,65016,33.6372177,72.9912849,569.72998046875,0.0,0.0,-0.0,0.0,0.0,-0.0,1.5707963705062866,-0.0
1737286290.7487319,1489,1737286290,746825024,,0,65016,33.6372177,72.9912849,569.72998046875,0.0,0.0,-0.0,0.0,0.0,-0.0,1.5707963705062866,-0.0
1737286290.8477495,1490,1737286290,843825280,,0,65016,33.6372177,72.9912849,569.72998046875,0.0,0.0,-0.0,0.0,0.0,-0.0,1.5707963705062866,-0.0
1737286290.9473813,1491,1737286290,943826816,,0,65016,33.6372177,72.9912849,569.72998046875,0.0,0.0,-0.0,0.0,0.0,-0.0,1.5707963705062866,-0.0
1737286291.0518503,1492,1737286291,43827072,,0,65016,33.6372177,72.9912849,569.72998046875,0.0,0.0,-0.0,0.0,0.0,-0.0,1.5707963705062866,-0.0
1737286291.1496606,1493,1737286291,143828864,,0,65016,33.6372177,72.9912849,569.72998046875,0.0,0.0,-0.0,0.0,0.0,-0.0,1.5707963705062866,-0.0
1737286291.2507622,1494,1737286291,246829120,,0,65016,33.6372177,72.9912849,569.72998046875,0.0,0.0,-0.0,0.0,0.0,-0.0,1.5707963705062866,-0.0
1737286291.350232,1495,1737286291,343830912,,0,65016,33.6372177,72.9912849,569.72998046875,0.0,0.0,-0.0,0.0,0.0,-0.0,1.5707963705062866,-0.0
1737286291.4506414,1496,1737286291,446831168,,0,65016,33.6372177,72.9912849,569.72998046875,0.0,0.0,-0.0,0.0,0.0,-0.0,1.5707963705062866,-0.0
1737286291.5507317,1497,1737286291,546832960,,0,65016,33.6372177,72.9912849,569.72998046875,0.0,0.0,-0.0,0.0,0.0,-0.0,1.5707963705062866,-0.0
1737286291.6503885,1498,1737286291,643833216,,0,65016,33.6372177,72.9912849,569.72998046875,0.0,0.0,-0.0,0.0,0.0,-0.0,1.5707963705062866,-0.0
1737286291.7509658,1499,1737286291,746834752,,0,65016,33.6372177,72.9912849,569.72998046875,0.0,0.0,-0.0,0.0,0.0,-0.0,1.5707963705062866,-0.0
1737286291.8508651,1500,1737286291,843835264,,0,65016,33.6372177,72.9912849,569.72998046875,0.0,0.0,-0.0,0.0,0.0,-0.0,1.5707963705062866,-0.0
1737286291.9504783,1501,1737286291,946836800,,0,65016,33.6372177,72.9912849,569.72998046875,0.0,0.0,-0.0,0.0,0.0,-0.0,1.5707963705062866,-0.0
1737286292.0503094,1502,1737286292,43837056,,0,65016,33.6372177,72.9912849,569.72998046875,0.0,0.0,-0.0,0.0,0.0,-0.0,1.5707963705062866,-0.0
1737286292.151682,1503,1737286292,143838592,,0,65016,33.6372177,72.9912849,569.72998046875,0.0,0.0,-0.0,0.0,0.0,-0.0,1.5707963705062866,-0.0
1737286292.2520556,1504,1737286292,243839104,,0,65016,33.6372177,72.9912849,569.72998046875,0.0,0.0,-0.0,0.0,0.0,-0.0,1.5707963705062866,-0.0
1737286292.3539367,1505,1737286292,343840640,,0,65016,33.6372177,72.9912849,569.72998046875,0.0,0.0,-0.0,0.0,0.0,-0.0,1.5707963705062866,-0.0
1737286292.4533257,1506,1737286292,443840896,,0,65016,33.6372177,72.9912849,569.72998046875,0.0,0.0,-0.0,0.0,0.0,-0.0,1.5707963705062866,-0.0
1737286292.5493839,1507,1737286292,546842688,,0,65016,33.6372177,72.9912849,569.72998046875,0.0,0.0,-0.0,0.0,0.0,-0.0,1.5707963705062866,-0.0
1737286292.6502707,1508,1737286292,643843200,,0,65016,33.6372177,72.9912849,569.72998046875,0.0,0.0,-0.0,0.0,0.0,-0.0,1.5707963705062866,-0.0
1737286292.7508945,1509,1737286292,746844736,,0,65016,33.6372177,72.9912849,569.72998046875,0.0,0.0,-0.0,0.0,0.0,-0.0,1.5707963705062866,-0.0
1737286292.8505006,1510,1737286292,846845504,,0,65016,33.6372177,72.9912849,569.72998046875,0.0,0.0,-0.0,0.0,0.0,-0.0,1.5707963705062866,-0.0
1737286292.9510605,1511,1737286292,943846784,,0,65016,33.6372177,72.9912849,569.72998046875,0.0,0.0,-0.0,0.0,0.0,-0.0,1.5707963705062866,-0.0
1737286293.0501523,1512,1737286293,43847296,,0,65016,33.6372177,72.9912849,569.72998046875,0.0,0.0,-0.0,0.0,0.0,-0.0,1.5707963705062866,-0.0
1737286293.1501129,1513,1737286293,143849088,,0,65016,33.6372177,72.9912849,569.72998046875,0.0,0.0,-0.0,0.0,0.0,-0.0,1.5707963705062866,-0.0
1737286293.2504284,1514,1737286293,243849856,,0,65016,33.6372177,72.9912849,569.72998046875,0.0,0.0,-0.0,0.0,0.0,-0.0,1.5707963705062866,-0.0
1737286293.3506463,1515,1737286293,346851904,,0,65016,33.6372177,72.9912849,569.72998046875,0.0,0.0,-0.0,0.0,0.0,-0.0,1.5707963705062866,-0.0
1737286293.450713,1516,1737286293,446852928,,0,65016,33.6372177,72.9912849,569.72998046875,0.0,0.0,-0.0,0.0,0.0,-0.0,1.5707963705062866,-0.0
1737286293.5499616,1517,1737286293,543854976,,0,65016,33.6372177,72.9912849,569.72998046875,0.0,0.0,-0.0,0.0,0.0,-0.0,1.5707963705062866,-0.0
1737286293.6504521,1518,1737286293,643855744,,0,65016,33.6372177,72.9912849,569.72998046875,0.0,0.0,-0.0,0.0,0.0,-0.0,1.5707963705062866,-0.0
1737286293.7495465,1519,1737286293,743857792,,0,65016,33.6372177,72.9912849,569.72998046875,0.0,0.0,-0.0,0.0,0.0,-0.0,1.5707963705062866,-0.0
1737286293.8495266,1520,1737286293,846858560,,0,65016,33.6372177,72.9912849,569.72998046875,0.0,0.0,-0.0,0.0,0.0,-0.0,1.5707963705062866,-0.0
1737286293.9490378,1521,1737286293,943859584,,0,65016,33.6372177,72.9912849,569.72998046875,0.0,0.0,-0.0,0.0,0.0,-0.0,1.5707963705062866,-0.0
1737286294.0495179,1522,1737286294,43860608,,0,65016,33.6372177,72.9912849,569.72998046875,0.0,0.0,-0.0,0.0,0.0,-0.0,1.5707963705062866,-0.0
1737286294.1489985,1523,1737286294,143862912,,0,65016,33.6372177,72.9912849,569.72998046875,0.0,0.0,-0.0,0.0,0.0,-0.0,1.5707963705062866,-0.0
1737286294.2494829,1524,1737286294,246863936,,0,65016,33.6372177,72.9912849,569.72998046875,0.0,0.0,-0.0,0.0,0.0,-0.0,1.5707963705062866,-0.0
1737286294.3492787,1525,1737286294,343864960,,0,65016,33.6372177,72.9912849,569.72998046875,0.0,0.0,-0.0,0.0,0.0,-0.0,1.5707963705062866,-0.0
1737286294.4489992,1526,1737286294,446865472,,0,65016,33.6372177,72.9912849,569.72998046875,0.0,0.0,-0.0,0.0,0.0,-0.0,1.5707963705062866,-0.0
1737286294.5490139,1527,1737286294,543866240,,0,65016,33.6372177,72.9912849,569.72998046875,0.0,0.0,-0.0,0.0,0.0,-0.0,1.5707963705062866,-0.0
1737286294.649309,1528,1737286294,643867008,,0,65016,33.6372177,72.9912849,569.72998046875,0.0,0.0,-0.0,0.0,0.0,-0.0,1.5707963705062866,-0.0
1737286294.7500477,1529,1737286294,743867520,,0,65016,33.6372177,72.9912849,569.72998046875,0.0,0.0,-0.0,0.0,0.0,-0.0,1.5707963705062866,-0.0
1737286294.8501413,1530,1737286294,843868288,,0,65016,33.6372177,72.9912849,569.72998046875,0.0,0.0,-0.0,0.0,0.0,-0.0,1.5707963705062866,-0.0
1737286294.949617,1531,1737286294,946868800,,0,65016,33.6372177,72.9912849,569.72998046875,0.0,0.0,-0.0,0.0,0.0,-0.0,1.5707963705062866,-0.0
1737286295.0508866,1532,1737286295,46869568,,0,65016,33.6372177,72.9912849,569.72998046875,0.0,0.0,-0.0,0.0,0.0,-0.0,1.5707963705062866,-0.0
1737286295.1555872,1533,1737286295,143870080,,0,65016,33.6372177,72.9912849,569.72998046875,0.0,0.0,-0.0,0.0,0.0,-0.0,1.5707963705062866,-0.0
1737286295.2511418,1534,1737286295,243871104,,0,65016,33.6372177,72.9912849,569.72998046875,0.0,0.0,-0.0,0.0,0.0,-0.0,1.5707963705062866,-0.0
1737286295.3494492,1535,1737286295,343871616,,0,65016,33.6372177,72.9912849,569.72998046875,0.0,0.0,-0.0,0.0,0.0,-0.0,1.5707963705062866,-0.0
1737286295.450552,1536,1737286295,443872640,,0,65016,33.6372177,72.9912849,569.72998046875,0.0,0.0,-0.0,0.0,0.0,-0.0,1.5707963705062866,-0.0
1737286295.5513234,1537,1737286295,543872896,,0,65016,33.6372177,72.9912849,569.72998046875,0.0,0.0,-0.0,0.0,0.0,-0.0,1.5707963705062866,-0.0
1737286295.650698,1538,1737286295,646873664,,0,65016,33.6372177,72.9912849,569.72998046875,0.0,0.0,-0.0,0.0,0.0,-0.0,1.5707963705062866,-0.0
1737286295.750164,1539,1737286295,746874176,,0,65016,33.6372177,72.9912849,569.72998046875,0.0,0.0,-0.0,0.0,0.0,-0.0,1.5707963705062866,-0.0
1737286295.8516426,1540,1737286295,846875200,,0,65016,33.6372177,72.9912849,569.72998046875,0.0,0.0,-0.0,0.0,0.0,-0.0,1.5707963705062866,-0.0
1737286295.950758,1541,1737286295,946875712,,0,65016,33.6372177,72.9912849,569.72998046875,0.0,0.0,-0.0,0.0,0.0,-0.0,1.5707963705062866,-0.0
1737286296.0498135,1542,1737286296,46876480,,0,65016,33.6372177,72.9912849,569.72998046875,0.0,0.0,-0.0,0.0,0.0,-0.0,1.5707963705062866,-0.0
1737286296.1499624,1543,1737286296,146876992,,0,65016,33.6372177,72.9912849,569.72998046875,0.0,0.0,-0.0,0.0,0.0,-0.0,1.5707963705062866,-0.0
1737286296.2499099,1544,1737286296,246878016,,0,65016,33.6372177,72.9912849,569.72998046875,0.0,0.0,-0.0,0.0,0.0,-0.0,1.5707963705062866,-0.0
1737286296.3500102,1545,1737286296,343879040,,0,65016,33.6372177,72.9912849,569.72998046875,0.0,0.0,-0.0,0.0,0.0,-0.0,1.5707963705062866,-0.0
1737286296.4502387,1546,1737286296,443880064,,0,65016,33.6372177,72.9912849,569.72998046875,0.0,0.0,-0.0,0.0,0.0,-0.0,1.5707963705062866,-0.0
1737286296.5493193,1547,1737286296,543880576,,0,65016,33.6372177,72.9912849,569.72998046875,0.0,0.0,-0.0,0.0,0.0,-0.0,1.5707963705062866,-0.0
1737286296.6493871,1548,1737286296,643881856,,0,65016,33.6372177,72.9912849,569.72998046875,0.0,0.0,-0.0,0.0,0.0,-0.0,1.5707963705062866,-0.0
1737286296.7495277,1549,1737286296,743882624,,0,65016,33.6372177,72.9912849,569.72998046875,0.0,0.0,-0.0,0.0,0.0,-0.0,1.5707963705062866,-0.0
1737286296.850236,1550,1737286296,846883392,,0,65016,33.6372177,72.9912849,569.72998046875,0.0,0.0,-0.0,0.0,0.0,-0.0,1.5707963705062866,-0.0
1737286296.9516737,1551,1737286296,943883904,,0,65016,33.6372177,72.9912849,569.72998046875,0.0,0.0,-0.0,0.0,0.0,-0.0,1.5707963705062866,-0.0
1737286297.0497987,1552,1737286297,46888768,,0,65016,33.6372177,72.9912849,569.72998046875,0.0,0.0,-0.0,0.0,0.0,-0.0,1.5707963705062866,-0.0
1737286297.149967,1553,1737286297,143889280,,0,65016,33.6372177,72.9912849,569.72998046875,0.0,0.0,-0.0,0.0,0.0,-0.0,1.5707963705062866,-0.0
1737286297.2513165,1554,1737286297,243890560,,0,65016,33.6372177,72.9912849,569.72998046875,0.0,0.0,-0.0,0.0,0.0,-0.0,1.5707963705062866,-0.0
1737286297.3494477,1555,1737286297,343891328,,0,65016,33.6372177,72.9912849,569.72998046875,0.0,0.0,-0.0,0.0,0.0,-0.0,1.5707963705062866,-0.0
1737286297.4498556,1556,1737286297,443892608,,0,65016,33.6372177,72.9912849,569.72998046875,0.0,0.0,-0.0,0.0,0.0,-0.0,1.5707963705062866,-0.0
1737286297.5496593,1557,1737286297,543893376,,0,65016,33.6372177,72.9912849,569.72998046875,0.0,0.0,-0.0,0.0,0.0,-0.0,1.5707963705062866,-0.0
1737286297.6501608,1558,1737286297,646894400,,0,65016,33.6372177,72.9912849,569.72998046875,0.0,0.0,-0.0,0.0,0.0,-0.0,1.5707963705062866,-0.0
1737286297.749641,1559,1737286297,746895424,,0,65016,33.6372177,72.9912849,569.72998046875,0.0,0.0,-0.0,0.0,0.0,-0.0,1.5707963705062866,-0.0
1737286297.8493624,1560,1737286297,843896448,,0,65016,33.6372177,72.9912849,569.72998046875,0.0,0.0,-0.0,0.0,0.0,-0.0,1.5707963705062866,-0.0
1737286297.9490557,1561,1737286297,943896960,,0,65016,33.6372177,72.9912849,569.72998046875,0.0,0.0,-0.0,0.0,0.0,-0.0,1.5707963705062866,-0.0
1737286298.0501456,1562,1737286298,43896704,,0,65016,33.6372177,72.9912849,569.72998046875,0.0,0.0,-0.0,0.0,0.0,-0.0,1.5707963705062866,-0.0
1737286298.1503456,1563,1737286298,146898240,,0,65016,33.6372177,72.9912849,569.72998046875,0.0,0.0,-0.0,0.0,0.0,-0.0,1.5707963705062866,-0.0
1737286298.2494023,1564,1737286298,243897984,,0,65016,33.6372177,72.9912849,569.72998046875,0.0,0.0,-0.0,0.0,0.0,-0.0,1.5707963705062866,-0.0
1737286298.3493023,1565,1737286298,343899008,,0,65016,33.6372177,72.9912849,569.72998046875,0.0,0.0,-0.0,0.0,0.0,-0.0,1.5707963705062866,-0.0
1737286298.4496017,1566,1737286298,443898496,,0,65016,33.6372177,72.9912849,569.72998046875,0.0,0.0,-0.0,0.0,0.0,-0.0,1.5707963705062866,-0.0
1737286298.5497787,1567,1737286298,543899520,,0,65016,33.6372177,72.9912849,569.72998046875,0.0,0.0,-0.0,0.0,0.0,-0.0,1.5707963705062866,-0.0
1737286298.6498241,1568,1737286298,646899520,,0,65016,33.6372177,72.9912849,569.72998046875,0.0,0.0,-0.0,0.0,0.0,-0.0,1.5707963705062866,-0.0
1737286298.7488246,1569,1737286298,743900800,,0,65016,33.6372177,72.9912849,569.72998046875,0.0,0.0,-0.0,0.0,0.0,-0.0,1.5707963705062866,-0.0
1737286298.8494024,1570,1737286298,846900800,,0,65016,33.6372177,72.9912849,569.72998046875,0.0,0.0,-0.0,0.0,0.0,-0.0,1.5707963705062866,-0.0
1737286298.9493823,1571,1737286298,943902080,,0,65016,33.6372177,72.9912849,569.72998046875,0.0,0.0,-0.0,0.0,0.0,-0.0,1.5707963705062866,-0.0
1737286299.0491707,1572,1737286299,43902080,,0,65016,33.6372177,72.9912849,569.72998046875,0.0,0.0,-0.0,0.0,0.0,-0.0,1.5707963705062866,-0.0
1737286299.1524057,1573,1737286299,146903104,,0,65016,33.6372177,72.9912849,569.72998046875,0.0,0.0,-0.0,0.0,0.0,-0.0,1.5707963705062866,-0.0
1737286299.249479,1574,1737286299,246903104,,0,65016,33.6372177,72.9912849,569.72998046875,0.0,0.0,-0.0,0.0,0.0,-0.0,1.5707963705062866,-0.0
1737286299.3486426,1575,1737286299,343904640,,0,65016,33.6372177,72.9912849,569.72998046875,0.0,0.0,-0.0,0.0,0.0,-0.0,1.5707963705062866,-0.0
1737286299.448994,1576,1737286299,443904640,,0,65016,33.6372177,72.9912849,569.72998046875,0.0,0.0,-0.0,0.0,0.0,-0.0,1.5707963705062866,-0.0
1737286299.5499098,1577,1737286299,543905920,,0,65016,33.6372177,72.9912849,569.72998046875,0.0,0.0,-0.0,0.0,0.0,-0.0,1.5707963705062866,-0.0
1737286299.6498,1578,1737286299,646905920,,0,65016,33.6372177,72.9912849,569.72998046875,0.0,0.0,-0.0,0.0,0.0,-0.0,1.5707963705062866,-0.0
1737286299.7493734,1579,1737286299,746906944,,0,65016,33.6372177,72.9912849,569.72998046875,0.0,0.0,-0.0,0.0,0.0,-0.0,1.5707963705062866,-0.0
1737286299.849305,1580,1737286299,843906944,,0,65016,33.6372177,72.9912849,569.72998046875,0.0,0.0,-0.0,0.0,0.0,-0.0,1.5707963705062866,-0.0
1737286299.9492407,1581,1737286299,943908736,,0,65016,33.6372177,72.9912849,569.72998046875,0.0,0.0,-0.0,0.0,0.0,-0.0,1.5707963705062866,-0.0
1737286300.049115,1582,1737286300,43908736,,0,65016,33.6372177,72.9912849,569.72998046875,0.0,0.0,-0.0,0.0,0.0,-0.0,1.5707963705062866,-0.0
1737286300.1518557,1583,1737286300,146910272,,0,65016,33.6372177,72.9912849,569.72998046875,0.0,0.0,-0.0,0.0,0.0,-0.0,1.5707963705062866,-0.0
1737286300.250315,1584,1737286300,243910528,,0,65016,33.6372177,72.9912849,569.72998046875,0.0,0.0,-0.0,0.0,0.0,-0.0,1.5707963705062866,-0.0
1737286300.3488858,1585,1737286300,343912320,,0,65016,33.6372177,72.9912849,569.72998046875,0.0,0.0,-0.0,0.0,0.0,-0.0,1.5707963705062866,-0.0
1737286300.4500241,1586,1737286300,446912320,,0,65016,33.6372177,72.9912849,569.72998046875,0.0,0.0,-0.0,0.0,0.0,-0.0,1.5707963705062866,-0.0
1737286300.5490787,1587,1737286300,543913856,,0,65016,33.6372177,72.9912849,569.72998046875,0.0,0.0,-0.0,0.0,0.0,-0.0,1.5707963705062866,-0.0
1737286300.6541042,1588,1737286300,646913856,,0,65016,33.6372177,72.9912849,569.72998046875,0.0,0.0,-0.0,0.0,0.0,-0.0,1.5707963705062866,-0.0
1737286300.7520356,1589,1737286300,746915648,,0,65016,33.6372177,72.9912849,569.72998046875,0.0,0.0,-0.0,0.0,0.0,-0.0,1.5707963705062866,-0.0
1737286300.8504186,1590,1737286300,843915904,,0,65016,33.6372177,72.9912849,569.72998046875,0.0,0.0,-0.0,0.0,0.0,-0.0,1.5707963705062866,-0.0
1737286300.951749,1591,1737286300,943917696,,0,65016,33.6372177,72.9912849,569.72998046875,0.0,0.0,-0.0,0.0,0.0,-0.0,1.5707963705062866,-0.0
1737286301.0485663,1592,1737286301,43917952,,0,65016,33.6372177,72.9912849,569.72998046875,0.0,0.0,-0.0,0.0,0.0,-0.0,1.5707963705062866,-0.0
1737286301.1493382,1593,1737286301,143918208,,0,65016,33.6372177,72.9912849,569.72998046875,0.0,0.0,-0.0,0.0,0.0,-0.0,1.5707963705062866,-0.0
1737286301.250273,1594,1737286301,246918464,,0,65016,33.6372177,72.9912849,569.72998046875,0.0,0.0,-0.0,0.0,0.0,-0.0,1.5707963705062866,-0.0
1737286301.34954,1595,1737286301,346918720,,0,65016,33.6372177,72.9912849,569.72998046875,0.0,0.0,-0.0,0.0,0.0,-0.0,1.5707963705062866,-0.0
1737286301.4503222,1596,1737286301,443919232,,0,65016,33.6372177,72.9912849,569.72998046875,0.0,0.0,-0.0,0.0,0.0,-0.0,1.5707963705062866,-0.0
1737286301.551692,1597,1737286301,546920512,,0,65016,33.6372177,72.9912849,569.72998046875,0.0,0.0,-0.0,0.0,0.0,-0.0,1.5707963705062866,-0.0
1737286301.6503403,1598,1737286301,643920768,,0,65016,33.6372177,72.9912849,569.72998046875,0.0,0.0,-0.0,0.0,0.0,-0.0,1.5707963705062866,-0.0
1737286301.7506497,1599,1737286301,746921024,,0,65016,33.6372177,72.9912849,569.72998046875,0.0,0.0,-0.0,0.0,0.0,-0.0,1.5707963705062866,-0.0
1737286301.8472424,1600,1737286301,843921280,,0,65016,33.6372177,72.9912849,569.72998046875,0.0,0.0,-0.0,0.0,0.0,-0.0,1.5707963705062866,-0.0
1737286301.9497674,1601,1737286301,943922048,,0,65016,33.6372177,72.9912849,569.72998046875,0.0,0.0,-0.0,0.0,0.0,-0.0,1.5707963705062866,-0.0
1737286302.0494213,1602,1737286302,43922560,,0,65016,33.6372177,72.9912849,569.72998046875,0.0,0.0,-0.0,0.0,0.0,-0.0,1.5707963705062866,-0.0
1737286302.1499133,1603,1737286302,143923328,,0,65016,33.6372177,72.9912849,569.72998046875,0.0,0.0,-0.0,0.0,0.0,-0.0,1.5707963705062866,-0.0
1737286302.2506979,1604,1737286302,246923840,,0,65016,33.6372177,72.9912849,569.72998046875,0.0,0.0,-0.0,0.0,0.0,-0.0,1.5707963705062866,-0.0
1737286302.3501287,1605,1737286302,346924352,,0,65016,33.6372177,72.9912849,569.72998046875,0.0,0.0,-0.0,0.0,0.0,-0.0,1.5707963705062866,-0.0
1737286302.4505439,1606,1737286302,446924864,,0,65016,33.6372177,72.9912849,569.72998046875,0.0,0.0,-0.0,0.0,0.0,-0.0,1.5707963705062866,-0.0
1737286302.550682,1607,1737286302,543925376,,0,65016,33.6372177,72.9912849,569.72998046875,0.0,0.0,-0.0,0.0,0.0,-0.0,1.5707963705062866,-0.0
1737286302.6502888,1608,1737286302,643926400,,0,65016,33.6372177,72.9912849,569.72998046875,0.0,0.0,-0.0,0.0,0.0,-0.0,1.5707963705062866,-0.0
1737286302.7510445,1609,1737286302,743926912,,0,65016,33.6372177,72.9912849,569.72998046875,0.0,0.0,-0.0,0.0,0.0,-0.0,1.5707963705062866,-0.0
1737286302.8505924,1610,1737286302,843927424,,0,65016,33.6372177,72.9912849,569.72998046875,0.0,0.0,-0.0,0.0,0.0,-0.0,1.5707963705062866,-0.0
1737286302.950378,1611,1737286302,943927424,,0,65016,33.6372177,72.9912849,569.72998046875,0.0,0.0,-0.0,0.0,0.0,-0.0,1.5707963705062866,-0.0
1737286303.049876,1612,1737286303,46928448,,0,65016,33.6372177,72.9912849,569.72998046875,0.0,0.0,-0.0,0.0,0.0,-0.0,1.5707963705062866,-0.0
1737286303.1504657,1613,1737286303,146928704,,0,65016,33.6372177,72.9912849,569.72998046875,0.0,0.0,-0.0,0.0,0.0,-0.0,1.5707963705062866,-0.0
1737286303.2498555,1614,1737286303,243929728,,0,65016,33.6372177,72.9912849,569.72998046875,0.0,0.0,-0.0,0.0,0.0,-0.0,1.5707963705062866,-0.0
1737286303.3487535,1615,1737286303,343930496,,0,65016,33.6372177,72.9912849,569.72998046875,0.0,0.0,-0.0,0.0,0.0,-0.0,1.5707963705062866,-0.0
1737286303.4498384,1616,1737286303,446931264,,0,65016,33.6372177,72.9912849,569.72998046875,0.0,0.0,-0.0,0.0,0.0,-0.0,1.5707963705062866,-0.0
1737286303.5510662,1617,1737286303,546932032,,0,65016,33.6372177,72.9912849,569.72998046875,0.0,0.0,-0.0,0.0,0.0,-0.0,1.5707963705062866,-0.0
1737286303.6554158,1618,1737286303,643932800,,0,65016,33.6372177,72.9912849,569.72998046875,0.0,0.0,-0.0,0.0,0.0,-0.0,1.5707963705062866,-0.0
1737286303.7541227,1619,1737286303,746933568,,0,65016,33.6372177,72.9912849,569.72998046875,0.0,0.0,-0.0,0.0,0.0,-0.0,1.5707963705062866,-0.0
1737286303.8479073,1620,1737286303,843934336,,0,65016,33.6372177,72.9912849,569.72998046875,0.0,0.0,-0.0,0.0,0.0,-0.0,1.5707963705062866,-0.0
1737286303.9483843,1621,1737286303,943935360,,0,65016,33.6372177,72.9912849,569.72998046875,0.0,0.0,-0.0,0.0,0.0,-0.0,1.5707963705062866,-0.0
1737286304.0482895,1622,1737286304,43936640,,0,65016,33.6372177,72.9912849,569.72998046875,0.0,0.0,-0.0,0.0,0.0,-0.0,1.5707963705062866,-0.0
1737286304.1510675,1623,1737286304,143937664,,0,65016,33.6372177,72.9912849,569.72998046875,0.0,0.0,-0.0,0.0,0.0,-0.0,1.5707963705062866,-0.0
1737286304.2496562,1624,1737286304,243938432,,0,65016,33.6372177,72.9912849,569.72998046875,0.0,0.0,-0.0,0.0,0.0,-0.0,1.5707963705062866,-0.0
1737286304.3509576,1625,1737286304,346939200,,0,65016,33.6372177,72.9912849,569.72998046875,0.0,0.0,-0.0,0.0,0.0,-0.0,1.5707963705062866,-0.0
1737286304.449744,1626,1737286304,446940224,,0,65016,33.6372177,72.9912849,569.72998046875,0.0,0.0,-0.0,0.0,0.0,-0.0,1.5707963705062866,-0.0
1737286304.549453,1627,1737286304,546941248,,0,65016,33.6372177,72.9912849,569.72998046875,0.0,0.0,-0.0,0.0,0.0,-0.0,1.5707963705062866,-0.0
1737286304.649909,1628,1737286304,643942528,,0,65016,33.6372177,72.9912849,569.72998046875,0.0,0.0,-0.0,0.0,0.0,-0.0,1.5707963705062866,-0.0
1737286304.7500129,1629,1737286304,746943552,,0,65016,33.6372177,72.9912849,569.72998046875,0.0,0.0,-0.0,0.0,0.0,-0.0,1.5707963705062866,-0.0
1737286304.8498337,1630,1737286304,843945088,,0,65016,33.6372177,72.9912849,569.72998046875,0.0,0.0,-0.0,0.0,0.0,-0.0,1.5707963705062866,-0.0
1737286304.9504328,1631,1737286304,946945856,,0,65016,33.6372177,72.9912849,569.72998046875,0.0,0.0,-0.0,0.0,0.0,-0.0,1.5707963705062866,-0.0
1737286305.0498686,1632,1737286305,46947136,,0,65016,33.6372177,72.9912849,569.72998046875,0.0,0.0,-0.0,0.0,0.0,-0.0,1.5707963705062866,-0.0
1737286305.1496964,1633,1737286305,143945600,,0,65016,33.6372177,72.9912849,569.72998046875,0.0,0.0,-0.0,0.0,0.0,-0.0,1.5707963705062866,-0.0
1737286305.2500737,1634,1737286305,243944832,,0,65016,33.6372177,72.9912849,569.72998046875,0.0,0.0,-0.0,0.0,0.0,-0.0,1.5707963705062866,-0.0
1737286305.3503654,1635,1737286305,343943552,,0,65016,33.6372177,72.9912849,569.72998046875,0.0,0.0,-0.0,0.0,0.0,-0.0,1.5707963705062866,-0.0
1737286305.450629,1636,1737286305,443942784,,0,65016,33.6372177,72.9912849,569.72998046875,0.0,0.0,-0.0,0.0,0.0,-0.0,1.5707963705062866,-0.0
1737286305.5490277,1637,1737286305,543942272,,0,65016,33.6372177,72.9912849,569.72998046875,0.0,0.0,-0.0,0.0,0.0,-0.0,1.5707963705062866,-0.0
1737286305.6507988,1638,1737286305,643941760,,0,65016,33.6372177,72.9912849,569.72998046875,0.0,0.0,-0.0,0.0,0.0,-0.0,1.5707963705062866,-0.0
1737286305.749393,1639,1737286305,743941248,,0,65016,33.6372177,72.9912849,569.72998046875,0.0,0.0,-0.0,0.0,0.0,-0.0,1.5707963705062866,-0.0
1737286305.8495343,1640,1737286305,843940992,,0,65016,33.6372177,72.9912849,569.72998046875,0.0,0.0,-0.0,0.0,0.0,-0.0,1.5707963705062866,-0.0
1737286305.9497843,1641,1737286305,943939968,,0,65016,33.6372177,72.9912849,569.72998046875,0.0,0.0,-0.0,0.0,0.0,-0.0,1.5707963705062866,-0.0
1737286306.0496142,1642,1737286306,43939712,,0,65016,33.6372177,72.9912849,569.72998046875,0.0,0.0,-0.0,0.0,0.0,-0.0,1.5707963705062866,-0.0
1737286306.1493206,1643,1737286306,143939200,,0,65016,33.6372177,72.9912849,569.72998046875,0.0,0.0,-0.0,0.0,0.0,-0.0,1.5707963705062866,-0.0
1737286306.2491674,1644,1737286306,243938944,,0,65016,33.6372177,72.9912849,569.72998046875,0.0,0.0,-0.0,0.0,0.0,-0.0,1.5707963705062866,-0.0
1737286306.3484595,1645,1737286306,343938432,,0,65016,33.6372177,72.9912849,569.72998046875,0.0,0.0,-0.0,0.0,0.0,-0.0,1.5707963705062866,-0.0
1737286306.4491162,1646,1737286306,443938432,,0,65016,33.6372177,72.9912849,569.72998046875,0.0,0.0,-0.0,0.0,0.0,-0.0,1.5707963705062866,-0.0
1737286306.547473,1647,1737286306,543937920,,0,65016,33.6372177,72.9912849,569.72998046875,0.0,0.0,-0.0,0.0,0.0,-0.0,1.5707963705062866,-0.0
1737286306.6495306,1648,1737286306,643937664,,0,65016,33.6372177,72.9912849,569.72998046875,0.0,0.0,-0.0,0.0,0.0,-0.0,1.5707963705062866,-0.0
1737286306.7531729,1649,1737286306,743937152,,0,65016,33.6372177,72.9912849,569.72998046875,0.0,0.0,-0.0,0.0,0.0,-0.0,1.5707963705062866,-0.0
1737286306.84803,1650,1737286306,843936896,,0,65016,33.6372177,72.9912849,569.72998046875,0.0,0.0,-0.0,0.0,0.0,-0.0,1.5707963705062866,-0.0
1737286306.9482012,1651,1737286306,943936384,,0,65016,33.6372177,72.9912849,569.72998046875,0.0,0.0,-0.0,0.0,0.0,-0.0,1.5707963705062866,-0.0
1737286307.0487258,1652,1737286307,43936384,,0,65016,33.6372177,72.9912849,569.72998046875,0.0,0.0,-0.0,0.0,0.0,-0.0,1.5707963705062866,-0.0
1737286307.1493714,1653,1737286307,143935616,,0,65016,33.6372177,72.9912849,569.72998046875,0.0,0.0,-0.0,0.0,0.0,-0.0,1.5707963705062866,-0.0
1737286307.248994,1654,1737286307,243935616,,0,65016,33.6372177,72.9912849,569.72998046875,0.0,0.0,-0.0,0.0,0.0,-0.0,1.5707963705062866,-0.0
1737286307.3492439,1655,1737286307,343935360,,0,65016,33.6372177,72.9912849,569.72998046875,0.0,0.0,-0.0,0.0,0.0,-0.0,1.5707963705062866,-0.0
1737286307.4494088,1656,1737286307,443935616,,0,65016,33.6372177,72.9912849,569.72998046875,0.0,0.0,-0.0,0.0,0.0,-0.0,1.5707963705062866,-0.0
1737286307.5498734,1657,1737286307,543935360,,0,65016,33.6372177,72.9912849,569.72998046875,0.0,0.0,-0.0,0.0,0.0,-0.0,1.5707963705062866,-0.0
1737286307.649164,1658,1737286307,643935360,,0,65016,33.6372177,72.9912849,569.72998046875,0.0,0.0,-0.0,0.0,0.0,-0.0,1.5707963705062866,-0.0
1737286307.7497604,1659,1737286307,743935360,,0,65016,33.6372177,72.9912849,569.72998046875,0.0,0.0,-0.0,0.0,0.0,-0.0,1.5707963705062866,-0.0
1737286307.850111,1660,1737286307,843935360,,0,65016,33.6372177,72.9912849,569.72998046875,0.0,0.0,-0.0,0.0,0.0,-0.0,1.5707963705062866,-0.0
1737286307.9506438,1661,1737286307,943934848,,0,65016,33.6372177,72.9912849,569.72998046875,0.0,0.0,-0.0,0.0,0.0,-0.0,1.5707963705062866,-0.0
1737286308.0506315,1662,1737286308,43934848,,0,65016,33.6372177,72.9912849,569.72998046875,0.0,0.0,-0.0,0.0,0.0,-0.0,1.5707963705062866,-0.0
1737286308.1512856,1663,1737286308,143934848,,0,65016,33.6372177,72.9912849,569.72998046875,0.0,0.0,-0.0,0.0,0.0,-0.0,1.5707963705062866,-0.0
1737286308.2507958,1664,1737286308,243935360,,0,65016,33.6372177,72.9912849,569.72998046875,0.0,0.0,-0.0,0.0,0.0,-0.0,1.5707963705062866,-0.0
1737286308.3511593,1665,1737286308,343935360,,0,65016,33.6372177,72.9912849,569.72998046875,0.0,0.0,-0.0,0.0,0.0,-0.0,1.5707963705062866,-0.0
1737286308.450887,1666,1737286308,443936128,,0,65016,33.6372177,72.9912849,569.72998046875,0.0,0.0,-0.0,0.0,0.0,-0.0,1.5707963705062866,-0.0
1737286308.5502827,1667,1737286308,543935616,,0,65016,33.6372177,72.9912849,569.72998046875,0.0,0.0,-0.0,0.0,0.0,-0.0,1.5707963705062866,-0.0
1737286308.6500201,1668,1737286308,643935872,,0,65016,33.6372177,72.9912849,569.72998046875,0.0,0.0,-0.0,0.0,0.0,-0.0,1.5707963705062866,-0.0
1737286308.754553,1669,1737286308,743935872,,0,65016,33.6372177,72.9912849,569.72998046875,0.0,0.0,-0.0,0.0,0.0,-0.0,1.5707963705062866,-0.0
1737286308.8493366,1670,1737286308,843936128,,0,65016,33.6372177,72.9912849,569.72998046875,0.0,0.0,-0.0,0.0,0.0,-0.0,1.5707963705062866,-0.0
1737286308.9493792,1671,1737286308,943936384,,0,65016,33.6372177,72.9912849,569.72998046875,0.0,0.0,-0.0,0.0,0.0,-0.0,1.5707963705062866,-0.0
1737286309.0496323,1672,1737286309,43936640,,0,65016,33.6372177,72.9912849,569.72998046875,0.0,0.0,-0.0,0.0,0.0,-0.0,1.5707963705062866,-0.0
1737286309.149458,1673,1737286309,143936896,,0,65016,33.6372177,72.9912849,569.72998046875,0.0,0.0,-0.0,0.0,0.0,-0.0,1.5707963705062866,-0.0
1737286309.2488716,1674,1737286309,243937408,,0,65016,33.6372177,72.9912849,569.72998046875,0.0,0.0,-0.0,0.0,0.0,-0.0,1.5707963705062866,-0.0
1737286309.3488212,1675,1737286309,343937408,,0,65016,33.6372177,72.9912849,569.72998046875,0.0,0.0,-0.0,0.0,0.0,-0.0,1.5707963705062866,-0.0
1737286309.4491308,1676,1737286309,443937920,,0,65016,33.6372177,72.9912849,569.72998046875,0.0,0.0,-0.0,0.0,0.0,-0.0,1.5707963705062866,-0.0
1737286309.549085,1677,1737286309,543937664,,0,65016,33.6372177,72.9912849,569.72998046875,0.0,0.0,-0.0,0.0,0.0,-0.0,1.5707963705062866,-0.0
1737286309.6491501,1678,1737286309,643937920,,0,65016,33.6372177,72.9912849,569.72998046875,0.0,0.0,-0.0,0.0,0.0,-0.0,1.5707963705062866,-0.0
1737286309.7492142,1679,1737286309,743937664,,0,65016,33.6372177,72.9912849,569.72998046875,0.0,0.0,-0.0,0.0,0.0,-0.0,1.5707963705062866,-0.0
1737286309.8492842,1680,1737286309,846938176,,0,65016,33.6372177,72.9912849,569.72998046875,0.0,0.0,-0.0,0.0,0.0,-0.0,1.5707963705062866,-0.0
1737286309.9492342,1681,1737286309,943937920,,0,65016,33.6372177,72.9912849,569.72998046875,0.0,0.0,-0.0,0.0,0.0,-0.0,1.5707963705062866,-0.0
1737286310.0496128,1682,1737286310,43938688,,0,65016,33.6372177,72.9912849,569.72998046875,0.0,0.0,-0.0,0.0,0.0,-0.0,1.5707963705062866,-0.0
1737286310.1500974,1683,1737286310,143938432,,0,65016,33.6372177,72.9912849,569.72998046875,0.0,0.0,-0.0,0.0,0.0,-0.0,1.5707963705062866,-0.0
1737286310.2494445,1684,1737286310,243938944,,0,65016,33.6372177,72.9912849,569.72998046875,0.0,0.0,-0.0,0.0,0.0,-0.0,1.5707963705062866,-0.0
1737286310.34954,1685,1737286310,346938688,,0,65016,33.6372177,72.9912849,569.72998046875,0.0,0.0,-0.0,0.0,0.0,-0.0,1.5707963705062866,-0.0
1737286310.4490354,1686,1737286310,443939200,,0,65016,33.6372177,72.9912849,569.72998046875,0.0,0.0,-0.0,0.0,0.0,-0.0,1.5707963705062866,-0.0
1737286310.54887,1687,1737286310,543939200,,0,65016,33.6372177,72.9912849,569.72998046875,0.0,0.0,-0.0,0.0,0.0,-0.0,1.5707963705062866,-0.0
1737286310.6492164,1688,1737286310,643939968,,0,65016,33.6372177,72.9912849,569.72998046875,0.0,0.0,-0.0,0.0,0.0,-0.0,1.5707963705062866,-0.0
1737286310.7491164,1689,1737286310,743939968,,0,65016,33.6372177,72.9912849,569.72998046875,0.0,0.0,-0.0,0.0,0.0,-0.0,1.5707963705062866,-0.0
1737286310.8488812,1690,1737286310,843940736,,0,65016,33.6372177,72.9912849,569.72998046875,0.0,0.0,-0.0,0.0,0.0,-0.0,1.5707963705062866,-0.0
1737286310.9499123,1691,1737286310,943939200,,0,65016,33.6372177,72.9912849,569.72998046875,0.0,0.0,-0.0,0.0,0.0,-0.0,1.5707963705062866,-0.0
1737286311.0498123,1692,1737286311,43938432,,0,65016,33.6372177,72.9912849,569.72998046875,0.0,0.0,-0.0,0.0,0.0,-0.0,1.5707963705062866,-0.0
1737286311.1501997,1693,1737286311,143938688,,0,65016,33.6372177,72.9912849,569.72998046875,0.0,0.0,-0.0,0.0,0.0,-0.0,1.5707963705062866,-0.0
1737286311.247833,1694,1737286311,243937920,,0,65016,33.6372177,72.9912849,569.72998046875,0.0,0.0,-0.0,0.0,0.0,-0.0,1.5707963705062866,-0.0
1737286311.3497934,1695,1737286311,343936384,,0,65016,33.6372177,72.9912849,569.72998046875,0.0,0.0,-0.0,0.0,0.0,-0.0,1.5707963705062866,-0.0
1737286311.4561472,1696,1737286311,443935872,,0,65016,33.6372177,72.9912849,569.72998046875,0.0,0.0,-0.0,0.0,0.0,-0.0,1.5707963705062866,-0.0
1737286311.5488958,1697,1737286311,543935360,,0,65016,33.6372177,72.9912849,569.72998046875,0.0,0.0,-0.0,0.0,0.0,-0.0,1.5707963705062866,-0.0
1737286311.6491544,1698,1737286311,643934592,,0,65016,33.6372177,72.9912849,569.72998046875,0.0,0.0,-0.0,0.0,0.0,-0.0,1.5707963705062866,-0.0
1737286311.7496412,1699,1737286311,743933568,,0,65016,33.6372177,72.9912849,569.72998046875,0.0,0.0,-0.0,0.0,0.0,-0.0,1.5707963705062866,-0.0
1737286311.8506207,1700,1737286311,843932800,,0,65016,33.6372177,72.9912849,569.72998046875,0.0,0.0,-0.0,0.0,0.0,-0.0,1.5707963705062866,-0.0
1737286311.9490392,1701,1737286311,943931520,,0,65016,33.6372177,72.9912849,569.72998046875,0.0,0.0,-0.0,0.0,0.0,-0.0,1.5707963705062866,-0.0
1737286312.0490491,1702,1737286312,43930752,,0,65016,33.6372177,72.9912849,569.72998046875,0.0,0.0,-0.0,0.0,0.0,-0.0,1.5707963705062866,-0.0
1737286312.14921,1703,1737286312,143929728,,0,65016,33.6372177,72.9912849,569.72998046875,0.0,0.0,-0.0,0.0,0.0,-0.0,1.5707963705062866,-0.0
1737286312.249797,1704,1737286312,243929216,,0,65016,33.6372177,72.9912849,569.72998046875,0.0,0.0,-0.0,0.0,0.0,-0.0,1.5707963705062866,-0.0
1737286312.349573,1705,1737286312,343928192,,0,65016,33.6372177,72.9912849,569.72998046875,0.0,0.0,-0.0,0.0,0.0,-0.0,1.5707963705062866,-0.0
1737286312.4498017,1706,1737286312,443927424,,0,65016,33.6372177,72.9912849,569.72998046875,0.0,0.0,-0.0,0.0,0.0,-0.0,1.5707963705062866,-0.0
1737286312.5503423,1707,1737286312,543926656,,0,65016,33.6372177,72.9912849,569.72998046875,0.0,0.0,-0.0,0.0,0.0,-0.0,1.5707963705062866,-0.0
1737286312.6502779,1708,1737286312,643925888,,0,65016,33.6372177,72.9912849,569.72998046875,0.0,0.0,-0.0,0.0,0.0,-0.0,1.5707963705062866,-0.0
1737286312.758519,1709,1737286312,743925120,,0,65016,33.6372177,72.9912849,569.72998046875,0.0,0.0,-0.0,0.0,0.0,-0.0,1.5707963705062866,-0.0
1737286312.8501859,1710,1737286312,843924608,,0,65016,33.6372177,72.9912849,569.72998046875,0.0,0.0,-0.0,0.0,0.0,-0.0,1.5707963705062866,-0.0
1737286312.9548357,1711,1737286312,943923072,,0,65016,33.6372177,72.9912849,569.72998046875,0.0,0.0,-0.0,0.0,0.0,-0.0,1.5707963705062866,-0.0
1737286313.05448,1712,1737286313,43922560,,0,65016,33.6372177,72.9912849,569.72998046875,0.0,0.0,-0.0,0.0,0.0,-0.0,1.5707963705062866,-0.0
1737286313.1495905,1713,1737286313,146921536,,0,65016,33.6372177,72.9912849,569.72998046875,0.0,0.0,-0.0,0.0,0.0,-0.0,1.5707963705062866,-0.0
1737286313.2491424,1714,1737286313,243921280,,0,65016,33.6372177,72.9912849,569.72998046875,0.0,0.0,-0.0,0.0,0.0,-0.0,1.5707963705062866,-0.0
1737286313.3482964,1715,1737286313,343920768,,0,65016,33.6372177,72.9912849,569.72998046875,0.0,0.0,-0.0,0.0,0.0,-0.0,1.5707963705062866,-0.0
1737286313.4484503,1716,1737286313,443920512,,0,65016,33.6372177,72.9912849,569.72998046875,0.0,0.0,-0.0,0.0,0.0,-0.0,1.5707963705062866,-0.0
1737286313.5487628,1717,1737286313,543924096,,0,65016,33.6372177,72.9912849,569.72998046875,0.0,0.0,-0.0,0.0,0.0,-0.0,1.5707963705062866,-0.0
1737286313.6458287,1718,1737286313,643923840,,0,65016,33.6372177,72.9912849,569.72998046875,0.0,0.0,-0.0,0.0,0.0,-0.0,1.5707963705062866,-0.0
1737286313.7458012,1719,1737286313,743922304,,0,65016,33.6372177,72.9912849,569.72998046875,0.0,0.0,-0.0,0.0,0.0,-0.0,1.5707963705062866,-0.0
1737286313.8457425,1720,1737286313,843921536,,0,65016,33.6372177,72.9912849,569.72998046875,0.0,0.0,-0.0,0.0,0.0,-0.0,1.5707963705062866,-0.0
1737286313.945667,1721,1737286313,943920256,,0,65016,33.6372177,72.9912849,569.72998046875,0.0,0.0,-0.0,0.0,0.0,-0.0,1.5707963705062866,-0.0
1737286314.0457468,1722,1737286314,43919488,,0,65016,33.6372177,72.9912849,569.72998046875,0.0,0.0,-0.0,0.0,0.0,-0.0,1.5707963705062866,-0.0
1737286314.1460333,1723,1737286314,143918464,,0,65016,33.6372177,72.9912849,569.72998046875,0.0,0.0,-0.0,0.0,0.0,-0.0,1.5707963705062866,-0.0
1737286314.24616,1724,1737286314,243917952,,0,65016,33.6372177,72.9912849,569.72998046875,0.0,0.0,-0.0,0.0,0.0,-0.0,1.5707963705062866,-0.0
1737286314.35127,1725,1737286314,343916672,,0,65016,33.6372177,72.9912849,569.72998046875,0.0,0.0,-0.0,0.0,0.0,-0.0,1.5707963705062866,-0.0
1737286314.4504743,1726,1737286314,443916416,,0,65016,33.6372177,72.9912849,569.72998046875,0.0,0.0,-0.0,0.0,0.0,-0.0,1.5707963705062866,-0.0
1737286314.55009,1727,1737286314,543915392,,0,65016,33.6372177,72.9912849,569.72998046875,0.0,0.0,-0.0,0.0,0.0,-0.0,1.5707963705062866,-0.0
