Time,header.seq,header.stamp.secs,header.stamp.nsecs,header.frame_id,voltage,temperature,current,charge,capacity,design_capacity,percentage,power_supply_status,power_supply_health,power_supply_technology,present,location,serial_number
1737286264.3197381,20731,1737286254,646859881,,0.0,0.0,-23.049999237060547,nan,nan,nan,0.0,2,0,0,True,id0,
1737286264.3198307,20732,1737286254,744199141,,0.0,0.0,-23.06999969482422,nan,nan,nan,0.0,2,0,0,True,id0,
1737286264.3201187,20733,1737286254,846764696,,0.0,0.0,-23.059999465942383,nan,nan,nan,0.0,2,0,0,True,id0,
1737286264.320148,20734,1737286254,946766751,,0.0,0.0,-23.100000381469727,nan,nan,nan,0.0,2,0,0,True,id0,
1737286264.3202994,20735,1737286255,46742696,,0.0,0.0,-23.18000030517578,nan,nan,nan,0.0,2,0,0,True,id0,
1737286264.3206925,20736,1737286255,146591214,,0.0,0.0,-23.170000076293945,nan,nan,nan,0.0,2,0,0,True,id0,
1737286264.3217897,20737,1737286255,247142529,,0.0,0.0,-23.219999313354492,nan,nan,nan,0.0,2,0,0,True,id0,
1737286264.3218508,20738,1737286255,344201770,,0.0,0.0,-23.149999618530273,nan,nan,nan,0.0,2,0,0,True,id0,
1737286264.3226192,20739,1737286255,446639510,,0.0,0.0,-23.399999618530273,nan,nan,nan,0.0,2,0,0,True,id0,
1737286264.3229146,20740,1737286255,546658381,,0.0,0.0,-23.06999969482422,nan,nan,nan,0.0,2,0,0,True,id0,
1737286264.3235426,20741,1737286255,646664584,,0.0,0.0,-23.3700008392334,nan,nan,nan,0.0,2,0,0,True,id0,
1737286264.3235722,20742,1737286255,746679807,,0.0,0.0,-23.34000015258789,nan,nan,nan,0.0,2,0,0,True,id0,
1737286264.3238254,20743,1737286255,846707325,,0.0,0.0,-23.18000030517578,nan,nan,nan,0.0,2,0,0,True,id0,
1737286264.3248105,20744,1737286255,944602232,,0.0,0.0,-23.1299991607666,nan,nan,nan,0.0,2,0,0,True,id0,
1737286264.3249147,20745,1737286256,47493936,,0.0,0.0,-23.329999923706055,nan,nan,nan,0.0,2,0,0,True,id0,
1737286264.3249428,20746,1737286256,144585843,,0.0,0.0,-23.299999237060547,nan,nan,nan,0.0,2,0,0,True,id0,
1737286264.3251352,20747,1737286256,246829473,,0.0,0.0,-23.25,nan,nan,nan,0.0,2,0,0,True,id0,
1737286264.32529,20748,1737286256,347250047,,0.0,0.0,-23.25,nan,nan,nan,0.0,2,0,0,True,id0,
1737286264.3257039,20749,1737286256,446825380,,0.0,0.0,-23.260000228881836,nan,nan,nan,0.0,2,0,0,True,id0,
1737286264.3264117,20750,1737286256,547125010,,0.0,0.0,-23.299999237060547,nan,nan,nan,0.0,2,0,0,True,id0,
1737286264.3268888,20751,1737286256,644414899,,0.0,0.0,-23.350000381469727,nan,nan,nan,0.0,2,0,0,True,id0,
1737286264.3269196,20752,1737286256,747420269,,0.0,0.0,-23.299999237060547,nan,nan,nan,0.0,2,0,0,True,id0,
1737286264.326978,20753,1737286256,846841121,,0.0,0.0,-23.290000915527344,nan,nan,nan,0.0,2,0,0,True,id0,
1737286264.327082,20754,1737286256,947053176,,0.0,0.0,-23.25,nan,nan,nan,0.0,2,0,0,True,id0,
1737286264.3362048,20755,1737286257,46897713,,0.0,0.0,-23.200000762939453,nan,nan,nan,0.0,2,0,0,True,id0,
1737286264.3365571,20756,1737286257,147005954,,0.0,0.0,-23.25,nan,nan,nan,0.0,2,0,0,True,id0,
1737286264.336667,20757,1737286257,247159991,,0.0,0.0,-23.18000030517578,nan,nan,nan,0.0,2,0,0,True,id0,
1737286264.3371427,20758,1737286257,346903398,,0.0,0.0,-23.170000076293945,nan,nan,nan,0.0,2,0,0,True,id0,
1737286264.337221,20759,1737286257,447131306,,0.0,0.0,-23.1200008392334,nan,nan,nan,0.0,2,0,0,True,id0,
1737286264.3414822,20760,1737286257,547113528,,0.0,0.0,-23.06999969482422,nan,nan,nan,0.0,2,0,0,True,id0,
1737286264.3417692,20761,1737286257,647166435,,0.0,0.0,-23.229999542236328,nan,nan,nan,0.0,2,0,0,True,id0,
1737286264.3489494,20762,1737286257,744672916,,0.0,0.0,-23.170000076293945,nan,nan,nan,0.0,2,0,0,True,id0,
1737286264.3499532,20763,1737286257,847141398,,0.0,0.0,-23.200000762939453,nan,nan,nan,0.0,2,0,0,True,id0,
1737286264.3502898,20764,1737286257,945984027,,0.0,0.0,-23.15999984741211,nan,nan,nan,0.0,2,0,0,True,id0,
1737286264.3541784,20765,1737286258,45987139,,0.0,0.0,-23.1299991607666,nan,nan,nan,0.0,2,0,0,True,id0,
1737286264.354445,20766,1737286258,147439268,,0.0,0.0,-23.049999237060547,nan,nan,nan,0.0,2,0,0,True,id0,
1737286264.3544986,20767,1737286258,247201842,,0.0,0.0,-23.110000610351562,nan,nan,nan,0.0,2,0,0,True,id0,
1737286264.3545775,20768,1737286258,345323972,,0.0,0.0,-23.100000381469727,nan,nan,nan,0.0,2,0,0,True,id0,
1737286264.3546262,20769,1737286258,446051453,,0.0,0.0,-23.09000015258789,nan,nan,nan,0.0,2,0,0,True,id0,
1737286264.354704,20770,1737286258,546283694,,0.0,0.0,-23.06999969482422,nan,nan,nan,0.0,2,0,0,True,id0,
1737286264.3547862,20771,1737286258,644805249,,0.0,0.0,-23.09000015258789,nan,nan,nan,0.0,2,0,0,True,0.0,id0,
1737286264.3573935,20772,1737286258,746316583,,0.0,0.0,-23.059999465942383,nan,nan,nan,0.0,2,0,0,True,id0,
1737286264.3575706,20773,1737286258,847696638,,0.0,0.0,-23.040000915527344,nan,nan,nan,0.0,2,0,0,True,id0,
1737286264.3576424,20774,1737286258,946068953,,0.0,0.0,-23.09000015258789,nan,nan,nan,0.0,2,0,0,True,id0,
1737286264.3576777,20775,1737286259,45086934,,0.0,0.0,-23.1299991607666,nan,nan,nan,0.0,2,0,0,True,id0,
1737286264.3577428,20776,1737286259,146285453,,0.0,0.0,-23.110000610351562,nan,nan,nan,0.0,2,0,0,True,id0,
1737286264.3583353,20777,1737286259,246310379,,0.0,0.0,-23.1200008392334,nan,nan,nan,0.0,2,0,0,True,id0,
1737286264.3583968,20778,1737286259,346335916,,0.0,0.0,-23.1200008392334,nan,nan,nan,0.0,2,0,0,True,id0,
1737286264.3585536,20779,1737286259,446199453,,0.0,0.0,-23.209999084472656,nan,nan,nan,0.0,2,0,0,True,id0,
1737286264.3585753,20780,1737286259,546231675,,0.0,0.0,-23.229999542236328,nan,nan,nan,0.0,2,0,0,True,id0,
1737286264.358596,20781,1737286259,646219693,,0.0,0.0,-23.229999542236328,nan,nan,nan,0.0,2,0,0,True,id0,
1737286264.3586352,20782,1737286259,745442138,,0.0,0.0,-23.260000228881836,nan,nan,nan,0.0,2,0,0,True,id0,
1737286264.3588045,20783,1737286259,845684786,,0.0,0.0,-23.31999969482422,nan,nan,nan,0.0,2,0,0,True,id0,
1737286264.3588428,20784,1737286259,945356749,,0.0,0.0,-23.350000381469727,nan,nan,nan,0.0,2,0,0,True,id0,
1737286264.3588817,20785,1737286260,46420841,,0.0,0.0,-23.280000686645508,nan,nan,nan,0.0,2,0,0,True,id0,
1737286264.3589852,20786,1737286260,146454452,,0.0,0.0,-23.299999237060547,nan,nan,nan,0.0,2,0,0,True,id0,
1737286264.3595533,20787,1737286260,246532026,,0.0,0.0,-23.290000915527344,nan,nan,nan,0.0,2,0,0,True,id0,
1737286264.3595989,20788,1737286260,346374304,,0.0,0.0,-23.280000686645508,nan,nan,nan,0.0,2,0,0,True,id0,
1737286264.3596437,20789,1737286260,446360100,,0.0,0.0,-23.299999237060547,nan,nan,nan,0.0,2,0,0,True,id0,
1737286264.3597257,20790,1737286260,545651730,,0.0,0.0,-23.360000610351562,nan,nan,nan,0.0,2,0,0,True,id0,
1737286264.3597457,20791,1737286260,646505415,,0.0,0.0,-23.280000686645508,nan,nan,nan,0.0,2,0,0,True,id0,
1737286264.3598065,20792,1737286260,746436341,,0.0,0.0,-23.219999313354492,nan,nan,nan,0.0,2,0,0,True,id0,
1737286264.359849,20793,1737286260,846982785,,0.0,0.0,-23.229999542236328,nan,nan,nan,0.0,2,0,0,True,id0,
1737286264.3598979,20794,1737286260,945579044,,0.0,0.0,-23.200000762939453,nan,nan,nan,0.0,2,0,0,True,id0,
1737286264.359914,20795,1737286261,46445563,,0.0,0.0,-23.219999313354492,nan,nan,nan,0.0,2,0,0,True,id0,
1737286264.3599951,20796,1737286261,146575155,,0.0,0.0,-23.219999313354492,nan,nan,nan,0.0,2,0,0,True,id0,
1737286264.3600166,20797,1737286261,246690007,,0.0,0.0,-23.190000534057617,nan,nan,nan,0.0,2,0,0,True,id0,
1737286264.360056,20798,1737286261,346470544,,0.0,0.0,-23.1299991607666,nan,nan,nan,0.0,2,0,0,True,id0,
1737286264.360141,20799,1737286261,446506599,,0.0,0.0,-23.1200008392334,nan,nan,nan,0.0,2,0,0,True,id0,
1737286264.3601825,20800,1737286261,546672748,,0.0,0.0,-23.139999389648438,nan,nan,nan,0.0,2,0,0,True,id0,
1737286264.3602388,20801,1737286261,646532118,,0.0,0.0,-23.1200008392334,nan,nan,nan,0.0,2,0,0,True,id0,
1737286264.36027,20802,1737286261,746706173,,0.0,0.0,-23.110000610351562,nan,nan,nan,0.0,2,0,0,True,id0,
1737286264.360287,20803,1737286261,847157284,,0.0,0.0,-23.100000381469727,nan,nan,nan,0.0,2,0,0,True,id0,
1737286264.3603263,20804,1737286261,946732062,,0.0,0.0,-23.110000610351562,nan,nan,nan,0.0,2,0,0,True,id0,
1737286264.3603709,20805,1737286262,46710062,,0.0,0.0,-23.09000015258789,nan,nan,nan,0.0,2,0,0,True,id0,
1737286264.360437,20806,1737286262,146595395,,0.0,0.0,-23.020000457763672,nan,nan,nan,0.0,2,0,0,True,id0,
1737286264.3604977,20807,1737286262,246624136,,0.0,0.0,-23.040000915527344,nan,nan,nan,0.0,2,0,0,True,id0,
1737286264.360538,20808,1737286262,346792636,,0.0,0.0,-23.06999969482422,nan,nan,nan,0.0,2,0,0,True,id0,
1737286264.3605764,20809,1737286262,448940691,,0.0,0.0,-23.0,nan,nan,nan,0.0,2,0,0,True,id0,
1737286264.3606136,20810,1737286262,547134877,,0.0,0.0,-22.93000030517578,nan,nan,nan,0.0,2,0,0,True,id0,
1737286264.3606703,20811,1737286262,646823488,,0.0,0.0,-22.889999389648438,nan,nan,nan,0.0,2,0,0,True,id0,
1737286264.3606913,20812,1737286262,746935580,,0.0,0.0,-22.850000381469727,nan,nan,nan,0.0,2,0,0,True,id0,
1737286264.3607333,20813,1737286262,846696006,,0.0,0.0,-22.8799991607666,nan,nan,nan,0.0,2,0,0,True,id0,
1737286264.3607779,20814,1737286262,946900339,,0.0,0.0,-22.8700008392334,nan,nan,nan,0.0,2,0,0,True,id0,
1737286264.3608224,20815,1737286263,46771080,,0.0,0.0,-22.84000015258789,nan,nan,nan,0.0,2,0,0,True,id0,
1737286264.3608654,20816,1737286263,144628635,,0.0,0.0,-22.860000610351562,nan,nan,nan,0.0,2,0,0,True,id0,
1737286264.360906,20817,1737286263,247105098,,0.0,0.0,-22.8700008392334,nan,nan,nan,0.0,2,0,0,True,id0,
1737286264.3609686,20818,1737286263,346818376,,0.0,0.0,-22.84000015258789,nan,nan,nan,0.0,2,0,0,True,id0,
1737286264.3610094,20819,1737286263,446897098,,0.0,0.0,-22.8799991607666,nan,nan,nan,0.0,2,0,0,True,id0,
1737286264.3610487,20820,1737286263,546746524,,0.0,0.0,-22.81999969482422,nan,nan,nan,0.0,2,0,0,True,id0,
1737286264.3610702,20821,1737286263,644341135,,0.0,0.0,-22.770000457763672,nan,nan,nan,0.0,2,0,0,True,id0,
1737286264.361121,20822,1737286263,747583357,,0.0,0.0,-22.799999237060547,nan,nan,nan,0.0,2,0,0,True,id0,
1737286264.361166,20823,1737286263,845009894,,0.0,0.0,-22.790000915527344,nan,nan,nan,0.0,2,0,0,True,id0,
1737286264.3612158,20824,1737286263,946846024,,0.0,0.0,-22.700000762939453,nan,nan,nan,0.0,2,0,0,True,id0,
1737286264.3612366,20825,1737286264,44694950,,0.0,0.0,-22.6299991607666,nan,nan,nan,0.0,2,0,0,True,id0,
1737286264.361277,20826,1737286264,146969783,,0.0,0.0,-22.65999984741211,nan,nan,nan,0.0,2,0,0,True,id0,
1737286264.361334,20827,1737286264,247021950,,0.0,0.0,-22.709999084472656,nan,nan,nan,0.0,2,0,0,True,id0,
1737286264.3613744,20828,1737286264,346909690,,0.0,0.0,-22.690000534057617,nan,nan,nan,0.0,2,0,0,True,id0,
1737286264.4488287,20829,1737286264,447208987,,0.0,0.0,-22.670000076293945,nan,nan,nan,0.0,2,0,0,True,id0,
1737286264.5483456,20830,1737286264,547096598,,0.0,0.0,-22.65999984741211,nan,nan,nan,0.0,2,0,0,True,id0,
1737286264.647164,20831,1737286264,644501375,,0.0,0.0,-22.770000457763672,nan,nan,nan,0.0,2,0,0,True,id0,
1737286264.748707,20832,1737286264,744545560,,0.0,0.0,-22.75,nan,nan,nan,0.0,2,0,0,True,id0,
1737286264.8477118,20833,1737286264,847064801,,0.0,0.0,-22.829999923706055,nan,nan,nan,0.0,2,0,0,True,id0,
1737286264.9475288,20834,1737286264,944423820,,0.0,0.0,-22.8700008392334,nan,nan,nan,0.0,2,0,0,True,id0,
1737286265.04786,20835,1737286265,46985394,,0.0,0.0,-22.889999389648438,nan,nan,nan,0.0,2,0,0,True,id0,
1737286265.1481996,20836,1737286265,147080782,,0.0,0.0,-22.860000610351562,nan,nan,nan,0.0,2,0,0,True,id0,
1737286265.2526577,20837,1737286265,247035819,,0.0,0.0,-22.75,nan,nan,nan,0.0,2,0,0,True,id0,
1737286265.3515933,20838,1737286265,346232079,,0.0,0.0,-22.799999237060547,nan,nan,nan,0.0,2,0,0,True,id0,
1737286265.4515283,20839,1737286265,446084023,,0.0,0.0,-22.860000610351562,nan,nan,nan,0.0,2,0,0,True,id0,
1737286265.5496142,20840,1737286265,546598356,,0.0,0.0,-22.84000015258789,nan,nan,nan,0.0,2,0,0,True,id0,
1737286265.6506636,20841,1737286265,646524449,,0.0,0.0,-22.81999969482422,nan,nan,nan,0.0,2,0,0,True,id0,
1737286265.7520833,20842,1737286265,747369967,,0.0,0.0,-22.829999923706055,nan,nan,nan,0.0,2,0,0,True,id0,
1737286265.8497877,20843,1737286265,844986893,,0.0,0.0,-22.8700008392334,nan,nan,nan,0.0,2,0,0,True,id0,
1737286265.9510257,20844,1737286265,946479171,,0.0,0.0,-22.84000015258789,nan,nan,nan,0.0,2,0,0,True,id0,
1737286266.0504305,20845,1737286266,46165023,,0.0,0.0,-22.809999465942383,nan,nan,nan,0.0,2,0,0,True,id0,
1737286266.15109,20846,1737286266,146185023,,0.0,0.0,-22.809999465942383,nan,nan,nan,0.0,2,0,0,True,id0,
1737286266.24937,20847,1737286266,246206634,,0.0,0.0,-22.790000915527344,nan,nan,nan,0.0,2,0,0,True,id0,
1737286266.3493178,20848,1737286266,346343985,,0.0,0.0,-22.709999084472656,nan,nan,nan,0.0,2,0,0,True,id0,
1737286266.449814,20849,1737286266,446423189,,0.0,0.0,-22.739999771118164,nan,nan,nan,0.0,2,0,0,True,id0,
1737286266.5509298,20850,1737286266,546686504,,0.0,0.0,-22.700000762939453,nan,nan,nan,0.0,2,0,0,True,id0,
1737286266.654666,20851,1737286266,646803078,,0.0,0.0,-22.719999313354492,nan,nan,nan,0.0,2,0,0,True,id0,
1737286266.7502759,20852,1737286266,746534596,,0.0,0.0,-22.760000228881836,nan,nan,nan,0.0,2,0,0,True,id0,
1737286266.8492503,20853,1737286266,846330615,,0.0,0.0,-22.790000915527344,nan,nan,nan,0.0,2,0,0,True,id0,
1737286266.9497936,20854,1737286266,946295967,,0.0,0.0,-22.799999237060547,nan,nan,nan,0.0,2,0,0,True,id0,
1737286267.048732,20855,1737286267,46383707,,0.0,0.0,-22.790000915527344,nan,nan,nan,0.0,2,0,0,True,id0,
1737286267.1898272,20856,1737286267,147390541,,0.0,0.0,-22.829999923706055,nan,nan,nan,0.0,2,0,0,True,id0,
1737286267.2506115,20857,1737286267,247568392,,0.0,0.0,-22.81999969482422,nan,nan,nan,0.0,2,0,0,True,id0,
1737286267.3483648,20858,1737286267,346889596,,0.0,0.0,-22.850000381469727,nan,nan,nan,0.0,2,0,0,True,id0,
1737286267.4527545,20859,1737286267,447266707,,0.0,0.0,-22.860000610351562,nan,nan,nan,0.0,2,0,0,True,id0,
1737286267.5500658,20860,1737286267,547434559,,0.0,0.0,-22.84000015258789,nan,nan,nan,0.0,2,0,0,True,id0,
1737286267.6515021,20861,1737286267,646725485,,0.0,0.0,-22.8700008392334,nan,nan,nan,0.0,2,0,0,True,id0,
1737286267.7517762,20862,1737286267,744986836,,0.0,0.0,-22.899999618530273,nan,nan,nan,0.0,2,0,0,True,id0,
1737286267.8499062,20863,1737286267,845399633,,0.0,0.0,-22.8799991607666,nan,nan,nan,0.0,2,0,0,True,id0,
1737286267.9570289,20864,1737286267,945358559,,0.0,0.0,-22.90999984741211,nan,nan,nan,0.0,2,0,0,True,id0,
1737286268.0506437,20865,1737286268,46479503,,0.0,0.0,-22.940000534057617,nan,nan,nan,0.0,2,0,0,True,id0,
1737286268.14992,20866,1737286268,147221355,,0.0,0.0,-22.950000762939453,nan,nan,nan,0.0,2,0,0,True,id0,
1737286268.2488468,20867,1737286268,246469262,,0.0,0.0,-22.950000762939453,nan,nan,nan,0.0,2,0,0,True,id0,
1737286268.3496659,20868,1737286268,346891781,,0.0,0.0,-22.899999618530273,nan,nan,nan,0.0,2,0,0,True,id0,
1737286268.4540236,20869,1737286268,450244280,,0.0,0.0,-22.809999465942383,nan,nan,nan,0.0,2,0,0,True,id0,
1737286268.5489244,20870,1737286268,546693003,,0.0,0.0,-22.860000610351562,nan,nan,nan,0.0,2,0,0,True,id0,
1737286268.6535335,20871,1737286268,644499891,,0.0,0.0,-22.860000610351562,nan,nan,nan,0.0,2,0,0,True,id0,
1737286268.7498837,20872,1737286268,746680095,,0.0,0.0,-22.8799991607666,nan,nan,nan,0.0,2,0,0,True,id0,
1737286268.8483794,20873,1737286268,844228299,,0.0,0.0,-22.84000015258789,nan,nan,nan,0.0,2,0,0,True,id0,
1737286268.950072,20874,1737286268,946791558,,0.0,0.0,-22.899999618530273,nan,nan,nan,0.0,2,0,0,True,id0,
1737286269.0497336,20875,1737286269,46654354,,0.0,0.0,-23.0,nan,nan,nan,0.0,2,0,0,True,id0,
1737286269.1512315,20876,1737286269,146640021,,0.0,0.0,-22.959999084472656,nan,nan,nan,0.0,2,0,0,True,id0,
1737286269.2507627,20877,1737286269,246891113,,0.0,0.0,-23.040000915527344,nan,nan,nan,0.0,2,0,0,True,id0,
1737286269.3504,20878,1737286269,346846095,,0.0,0.0,-23.049999237060547,nan,nan,nan,0.0,2,0,0,True,id0,
1737286269.4499538,20879,1737286269,444411391,,0.0,0.0,-23.06999969482422,nan,nan,nan,0.0,2,0,0,True,id0,
1737286269.5501537,20880,1737286269,546934539,,0.0,0.0,-23.059999465942383,nan,nan,nan,0.0,2,0,0,True,id0,
1737286269.6504092,20881,1737286269,646708058,,0.0,0.0,-23.030000686645508,nan,nan,nan,0.0,2,0,0,True,id0,
1737286269.7510467,20882,1737286269,746970187,,0.0,0.0,-22.989999771118164,nan,nan,nan,0.0,2,0,0,True,id0,
1737286269.8499203,20883,1737286269,846736169,,0.0,0.0,-22.979999542236328,nan,nan,nan,0.0,2,0,0,True,id0,
1737286269.9559498,20884,1737286269,946890928,,0.0,0.0,-22.93000030517578,nan,nan,nan,0.0,2,0,0,True,id0,
1737286270.0501065,20885,1737286270,46779020,,0.0,0.0,-22.8700008392334,nan,nan,nan,0.0,2,0,0,True,id0,
1737286270.1503708,20886,1737286270,147775446,,0.0,0.0,-22.780000686645508,nan,nan,nan,0.0,2,0,0,True,id0,
1737286270.250257,20887,1737286270,246966909,,0.0,0.0,-22.729999542236328,nan,nan,nan,0.0,2,0,0,True,id0,
1737286270.3499825,20888,1737286270,347590131,,0.0,0.0,-22.719999313354492,nan,nan,nan,0.0,2,0,0,True,id0,
1737286270.4498796,20889,1737286270,446983057,,0.0,0.0,-22.670000076293945,nan,nan,nan,0.0,2,0,0,True,id0,
1737286270.549692,20890,1737286270,547233909,,0.0,0.0,-22.700000762939453,nan,nan,nan,0.0,2,0,0,True,id0,
1737286270.6497846,20891,1737286270,644962575,,0.0,0.0,-22.690000534057617,nan,nan,nan,0.0,2,0,0,True,id0,
1737286270.7498689,20892,1737286270,747221927,,0.0,0.0,-22.770000457763672,nan,nan,nan,0.0,2,0,0,True,id0,
1737286270.8546016,20893,1737286270,847013353,,0.0,0.0,-22.729999542236328,nan,nan,nan,0.0,2,0,0,True,id0,
1737286270.9546456,20894,1737286270,944502094,,0.0,0.0,-22.760000228881836,nan,nan,nan,0.0,2,0,0,True,id0,
1737286271.0514395,20895,1737286271,46901297,,0.0,0.0,-22.93000030517578,nan,nan,nan,0.0,2,0,0,True,id0,
1737286271.1503904,20896,1737286271,146940760,,0.0,0.0,-22.950000762939453,nan,nan,nan,0.0,2,0,0,True,id0,
1737286271.2490618,20897,1737286271,244510668,,0.0,0.0,-22.959999084472656,nan,nan,nan,0.0,2,0,0,True,id0,
1737286271.349883,20898,1737286271,346985557,,0.0,0.0,-22.850000381469727,nan,nan,nan,0.0,2,0,0,True,id0,
1737286271.4500508,20899,1737286271,446970908,,0.0,0.0,-22.81999969482422,nan,nan,nan,0.0,2,0,0,True,id0,
1737286271.549878,20900,1737286271,544964890,,0.0,0.0,-22.84000015258789,nan,nan,nan,0.0,2,0,0,True,id0,
1737286271.6499875,20901,1737286271,647247353,,0.0,0.0,-22.809999465942383,nan,nan,nan,0.0,2,0,0,True,id0,
1737286271.756266,20902,1737286271,747134779,,0.0,0.0,-22.850000381469727,nan,nan,nan,0.0,2,0,0,True,id0,
1737286271.8533127,20903,1737286271,847145056,,0.0,0.0,-22.860000610351562,nan,nan,nan,0.0,2,0,0,True,id0,
1737286271.9524608,20904,1737286271,947218890,,0.0,0.0,-22.84000015258789,nan,nan,nan,0.0,2,0,0,True,id0,
1737286272.0507643,20905,1737286272,46031315,,0.0,0.0,-22.790000915527344,nan,nan,nan,0.0,2,0,0,True,id0,
1737286272.1499372,20906,1737286272,145493167,,0.0,0.0,-22.8700008392334,nan,nan,nan,0.0,2,0,0,True,id0,
1737286272.2503986,20907,1737286272,247213908,,0.0,0.0,-22.889999389648438,nan,nan,nan,0.0,2,0,0,True,id0,
1737286272.3499236,20908,1737286272,347098000,,0.0,0.0,-22.90999984741211,nan,nan,nan,0.0,2,0,0,True,id0,
1737286272.4519014,20909,1737286272,447852945,,0.0,0.0,-22.90999984741211,nan,nan,nan,0.0,2,0,0,True,id0,
1737286272.55006,20910,1737286272,546202148,,0.0,0.0,-22.920000076293945,nan,nan,nan,0.0,2,0,0,True,id0,
1737286272.6505365,20911,1737286272,646114963,,0.0,0.0,-22.899999618530273,nan,nan,nan,0.0,2,0,0,True,id0,
1737286272.7504482,20912,1737286272,746150759,,0.0,0.0,-22.950000762939453,nan,nan,nan,0.0,2,0,0,True,id0,
1737286272.849931,20913,1737286272,846377926,,0.0,0.0,-22.950000762939453,nan,nan,nan,0.0,2,0,0,True,id0,
1737286272.9498339,20914,1737286272,947213222,,0.0,0.0,-22.989999771118164,nan,nan,nan,0.0,2,0,0,True,id0,
1737286273.049995,20915,1737286273,45624315,,0.0,0.0,-22.989999771118164,nan,nan,nan,0.0,2,0,0,True,0.0,id0,
1737286273.150358,20916,1737286273,145148704,,0.0,0.0,-22.989999771118164,nan,nan,nan,0.0,2,0,0,True,id0,
1737286273.2487502,20917,1737286273,246183759,,0.0,0.0,-23.020000457763672,nan,nan,nan,0.0,2,0,0,True,id0,
1737286273.3510675,20918,1737286273,346468703,,0.0,0.0,-23.0,nan,nan,nan,0.0,2,0,0,True,id0,
1737286273.451479,20919,1737286273,446424315,,0.0,0.0,-23.06999969482422,nan,nan,nan,0.0,2,0,0,True,id0,
1737286273.551048,20920,1737286273,546255037,,0.0,0.0,-22.989999771118164,nan,nan,nan,0.0,2,0,0,True,id0,
1737286273.651286,20921,1737286273,646346796,,0.0,0.0,-22.989999771118164,nan,nan,nan,0.0,2,0,0,True,id0,
1737286273.7513788,20922,1737286273,746304666,,0.0,0.0,-22.899999618530273,nan,nan,nan,0.0,2,0,0,True,id0,
1737286273.8502288,20923,1737286273,846698537,,0.0,0.0,-22.90999984741211,nan,nan,nan,0.0,2,0,0,True,id0,
1737286273.9513347,20924,1737286273,946480462,,0.0,0.0,-22.93000030517578,nan,nan,nan,0.0,2,0,0,True,id0,
1737286274.0500615,20925,1737286274,46348610,,0.0,0.0,-22.860000610351562,nan,nan,nan,0.0,2,0,0,True,id0,
1737286274.1507552,20926,1737286274,146809536,,0.0,0.0,-22.889999389648438,nan,nan,nan,0.0,2,0,0,True,id0,
1737286274.2498446,20927,1737286274,246576518,,0.0,0.0,-22.860000610351562,nan,nan,nan,0.0,2,0,0,True,id0,
1737286274.3496811,20928,1737286274,345246388,,0.0,0.0,-22.920000076293945,nan,nan,nan,0.0,2,0,0,True,id0,
1737286274.4491794,20929,1737286274,446419258,,0.0,0.0,-22.850000381469727,nan,nan,nan,0.0,2,0,0,True,id0,
1737286274.549258,20930,1737286274,546455055,,0.0,0.0,-22.850000381469727,nan,nan,nan,0.0,2,0,0,True,id0,
1737286274.6496084,20931,1737286274,645916314,,0.0,0.0,-22.8799991607666,nan,nan,nan,0.0,2,0,0,True,id0,
1737286274.7507334,20932,1737286274,746456351,,0.0,0.0,-22.90999984741211,nan,nan,nan,0.0,2,0,0,True,id0,
1737286274.8507159,20933,1737286274,845032666,,0.0,0.0,-22.889999389648438,nan,nan,nan,0.0,2,0,0,True,id0,
1737286274.9499853,20934,1737286274,946600573,,0.0,0.0,-22.860000610351562,nan,nan,nan,0.0,2,0,0,True,id0,
1737286275.0496948,20935,1737286275,46608869,,0.0,0.0,-22.920000076293945,nan,nan,nan,0.0,2,0,0,True,id0,
1737286275.1498437,20936,1737286275,146511536,,0.0,0.0,-22.899999618530273,nan,nan,nan,0.0,2,0,0,True,id0,
1737286275.2497408,20937,1737286275,245434499,,0.0,0.0,-22.8799991607666,nan,nan,nan,0.0,2,0,0,True,id0,
1737286275.3498154,20938,1737286275,346817739,,0.0,0.0,-22.860000610351562,nan,nan,nan,0.0,2,0,0,True,id0,
1737286275.4500668,20939,1737286275,446717239,,0.0,0.0,-22.8700008392334,nan,nan,nan,0.0,2,0,0,True,id0,
1737286275.549903,20940,1737286275,546667128,,0.0,0.0,-22.850000381469727,nan,nan,nan,0.0,2,0,0,True,id0,
1737286275.6497493,20941,1737286275,646578721,,0.0,0.0,-22.8700008392334,nan,nan,nan,0.0,2,0,0,True,id0,
1737286275.749358,20942,1737286275,746586887,,0.0,0.0,-22.8799991607666,nan,nan,nan,0.0,2,0,0,True,0.0,id0,
1737286275.8502579,20943,1737286275,847281646,,0.0,0.0,-22.860000610351562,nan,nan,nan,0.0,2,0,0,True,id0,
1737286275.9540672,20944,1737286275,945668813,,0.0,0.0,-22.8700008392334,nan,nan,nan,0.0,2,0,0,True,id0,
1737286276.050408,20945,1737286276,46645943,,0.0,0.0,-22.8799991607666,nan,nan,nan,0.0,2,0,0,True,id0,
1737286276.1494884,20946,1737286276,146690943,,0.0,0.0,-22.899999618530273,nan,nan,nan,0.0,2,0,0,True,id0,
1737286276.2500494,20947,1737286276,247030035,,0.0,0.0,-22.920000076293945,nan,nan,nan,0.0,2,0,0,True,id0,
1737286276.3501463,20948,1737286276,344407146,,0.0,0.0,-22.920000076293945,nan,nan,nan,0.0,2,0,0,True,id0,
1737286276.4508407,20949,1737286276,444905257,,0.0,0.0,-22.90999984741211,nan,nan,nan,0.0,2,0,0,True,id0,
1737286276.5502439,20950,1737286276,544363498,,0.0,0.0,-22.920000076293945,nan,nan,nan,0.0,2,0,0,True,id0,
1737286276.650166,20951,1737286276,644718553,,0.0,0.0,-22.950000762939453,nan,nan,nan,0.0,2,0,0,True,id0,
1737286276.7500932,20952,1737286276,744980627,,0.0,0.0,-22.93000030517578,nan,nan,nan,0.0,2,0,0,True,id0,
1737286276.848694,20953,1737286276,844339590,,0.0,0.0,-22.899999618530273,nan,nan,nan,0.0,2,0,0,True,id0,
1737286276.9557254,20954,1737286276,946917590,,0.0,0.0,-22.90999984741211,nan,nan,nan,0.0,2,0,0,True,id0,
1737286277.0497386,20955,1737286277,47685979,,0.0,0.0,-22.8700008392334,nan,nan,nan,0.0,2,0,0,True,id0,
1737286277.1508644,20956,1737286277,145108498,,0.0,0.0,-22.93000030517578,nan,nan,nan,0.0,2,0,0,True,id0,
1737286277.2502532,20957,1737286277,247058831,,0.0,0.0,-22.899999618530273,nan,nan,nan,0.0,2,0,0,True,id0,
1737286277.3583043,20958,1737286277,346905923,,0.0,0.0,-22.920000076293945,nan,nan,nan,0.0,2,0,0,True,0.0,id0,
1737286277.4502313,20959,1737286277,446964090,,0.0,0.0,-22.90999984741211,nan,nan,nan,0.0,2,0,0,True,id0,
1737286277.5502346,20960,1737286277,547128238,,0.0,0.0,-22.899999618530273,nan,nan,nan,0.0,2,0,0,True,id0,
1737286277.6509976,20961,1737286277,646872664,,0.0,0.0,-22.90999984741211,nan,nan,nan,0.0,2,0,0,True,id0,
1737286277.7504673,20962,1737286277,746965330,,0.0,0.0,-22.899999618530273,nan,nan,nan,0.0,2,0,0,True,id0,
1737286277.8504412,20963,1737286277,845456275,,0.0,0.0,-22.8700008392334,nan,nan,nan,0.0,2,0,0,True,id0,
1737286277.9485073,20964,1737286277,944346516,,0.0,0.0,-22.889999389648438,nan,nan,nan,0.0,2,0,0,True,id0,
1737286278.055751,20965,1737286278,47102275,,0.0,0.0,-22.90999984741211,nan,nan,nan,0.0,2,0,0,True,id0,
1737286278.1488097,20966,1737286278,147075867,,0.0,0.0,-22.90999984741211,nan,nan,nan,0.0,2,0,0,True,id0,
1737286278.2490854,20967,1737286278,247173423,,0.0,0.0,-22.889999389648438,nan,nan,nan,0.0,2,0,0,True,id0,
1737286278.348803,20968,1737286278,347019238,,0.0,0.0,-22.860000610351562,nan,nan,nan,0.0,2,0,0,True,id0,
1737286278.4498885,20969,1737286278,447212608,,0.0,0.0,-22.8799991607666,nan,nan,nan,0.0,2,0,0,True,id0,
1737286278.550523,20970,1737286278,546983441,,0.0,0.0,-22.8700008392334,nan,nan,nan,0.0,2,0,0,True,id0,
1737286278.650383,20971,1737286278,647643793,,0.0,0.0,-22.860000610351562,nan,nan,nan,0.0,2,0,0,True,id0,
1737286278.749915,20972,1737286278,747035515,,0.0,0.0,-22.850000381469727,nan,nan,nan,0.0,2,0,0,True,id0,
1737286278.8499353,20973,1737286278,847185219,,0.0,0.0,-22.829999923706055,nan,nan,nan,0.0,2,0,0,True,id0,
1737286278.9501424,20974,1737286278,947651219,,0.0,0.0,-22.809999465942383,nan,nan,nan,0.0,2,0,0,True,id0,
1737286279.0501976,20975,1737286279,47695052,,0.0,0.0,-22.84000015258789,nan,nan,nan,0.0,2,0,0,True,id0,
1737286279.1497195,20976,1737286279,147639700,,0.0,0.0,-22.84000015258789,nan,nan,nan,0.0,2,0,0,True,id0,
1737286279.250057,20977,1737286279,247883478,,0.0,0.0,-22.780000686645508,nan,nan,nan,0.0,2,0,0,True,id0,
1737286279.3490968,20978,1737286279,344753181,,0.0,0.0,-22.8700008392334,nan,nan,nan,0.0,2,0,0,True,id0,
1737286279.4494452,20979,1737286279,447153644,,0.0,0.0,-22.850000381469727,nan,nan,nan,0.0,2,0,0,True,id0,
1737286279.5492558,20980,1737286279,545538941,,0.0,0.0,-22.860000610351562,nan,nan,nan,0.0,2,0,0,True,id0,
1737286279.6491592,20981,1737286279,644730274,,0.0,0.0,-22.8700008392334,nan,nan,nan,0.0,2,0,0,True,id0,
1737286279.7493424,20982,1737286279,747769181,,0.0,0.0,-22.889999389648438,nan,nan,nan,0.0,2,0,0,True,id0,
1737286279.850357,20983,1737286279,845011459,,0.0,0.0,-22.899999618530273,nan,nan,nan,0.0,2,0,0,True,id0,
1737286279.949788,20984,1737286279,944892811,,0.0,0.0,-22.899999618530273,nan,nan,nan,0.0,2,0,0,True,id0,
1737286280.0498588,20985,1737286280,48029607,,0.0,0.0,-22.93000030517578,nan,nan,nan,0.0,2,0,0,True,id0,
1737286280.1566348,20986,1737286280,144826088,,0.0,0.0,-22.8700008392334,nan,nan,nan,0.0,2,0,0,True,id0,
1737286280.252527,20987,1737286280,246327236,,0.0,0.0,-22.889999389648438,nan,nan,nan,0.0,2,0,0,True,id0,
1737286280.3543754,20988,1737286280,346341829,,0.0,0.0,-22.860000610351562,nan,nan,nan,0.0,2,0,0,True,id0,
1737286280.4498053,20989,1737286280,446935236,,0.0,0.0,-22.860000610351562,nan,nan,nan,0.0,2,0,0,True,0.0,id0,
1737286280.5551805,20990,1737286280,546587940,,0.0,0.0,-22.8799991607666,nan,nan,nan,0.0,2,0,0,True,id0,
1737286280.6503534,20991,1737286280,648348718,,0.0,0.0,-22.8700008392334,nan,nan,nan,0.0,2,0,0,True,id0,
1737286280.75028,20992,1737286280,745375162,,0.0,0.0,-22.8799991607666,nan,nan,nan,0.0,2,0,0,True,id0,
1737286280.850609,20993,1737286280,846380718,,0.0,0.0,-22.899999618530273,nan,nan,nan,0.0,2,0,0,True,id0,
1737286280.9502103,20994,1737286280,946536514,,0.0,0.0,-22.8700008392334,nan,nan,nan,0.0,2,0,0,True,id0,
1737286281.0496879,20995,1737286281,46555032,,0.0,0.0,-22.899999618530273,nan,nan,nan,0.0,2,0,0,True,id0,
1737286281.150011,20996,1737286281,145615606,,0.0,0.0,-22.90999984741211,nan,nan,nan,0.0,2,0,0,True,id0,
1737286281.2501037,20997,1737286281,246556773,,0.0,0.0,-22.899999618530273,nan,nan,nan,0.0,2,0,0,True,id0,
1737286281.3503635,20998,1737286281,346406828,,0.0,0.0,-22.93000030517578,nan,nan,nan,0.0,2,0,0,True,id0,
1737286281.4507666,20999,1737286281,446409939,,0.0,0.0,-22.899999618530273,nan,nan,nan,0.0,2,0,0,True,id0,
1737286281.5532742,21000,1737286281,545117273,,0.0,0.0,-22.93000030517578,nan,nan,nan,0.0,2,0,0,True,id0,
1737286281.6494184,21001,1737286281,645133606,,0.0,0.0,-22.90999984741211,nan,nan,nan,0.0,2,0,0,True,id0,
1737286281.7511125,21002,1737286281,746493495,,0.0,0.0,-22.940000534057617,nan,nan,nan,0.0,2,0,0,True,id0,
1737286281.8502479,21003,1737286281,845247365,,0.0,0.0,-22.93000030517578,nan,nan,nan,0.0,2,0,0,True,id0,
1737286281.950012,21004,1737286281,946475624,,0.0,0.0,-22.940000534057617,nan,nan,nan,0.0,2,0,0,True,id0,
1737286282.0497797,21005,1737286282,45714828,,0.0,0.0,-22.940000534057617,nan,nan,nan,0.0,2,0,0,True,id0,
1737286282.1499617,21006,1737286282,146671698,,0.0,0.0,-22.90999984741211,nan,nan,nan,0.0,2,0,0,True,id0,
1737286282.2502441,21007,1737286282,246644828,,0.0,0.0,-22.90999984741211,nan,nan,nan,0.0,2,0,0,True,id0,
1737286282.3528311,21008,1737286282,347095624,,0.0,0.0,-22.8700008392334,nan,nan,nan,0.0,2,0,0,True,id0,
1737286282.4529202,21009,1737286282,445798680,,0.0,0.0,-22.8799991607666,nan,nan,nan,0.0,2,0,0,True,id0,
1737286282.554143,21010,1737286282,545791994,,0.0,0.0,-22.920000076293945,nan,nan,nan,0.0,2,0,0,True,id0,
1737286282.6492786,21011,1737286282,646578605,,0.0,0.0,-22.920000076293945,nan,nan,nan,0.0,2,0,0,True,id0,
1737286282.7483294,21012,1737286282,747058661,,0.0,0.0,-22.940000534057617,nan,nan,nan,0.0,2,0,0,True,id0,
1737286282.8496666,21013,1737286282,846967476,,0.0,0.0,-22.93000030517578,nan,nan,nan,0.0,2,0,0,True,id0,
1737286282.9498587,21014,1737286282,946735383,,0.0,0.0,-22.93000030517578,nan,nan,nan,0.0,2,0,0,True,id0,
1737286283.0491319,21015,1737286283,45234883,,0.0,0.0,-22.940000534057617,nan,nan,nan,0.0,2,0,0,True,id0,
1737286283.1499531,21016,1737286283,146778994,,0.0,0.0,-22.920000076293945,nan,nan,nan,0.0,2,0,0,True,id0,
1737286283.2498016,21017,1737286283,246664383,,0.0,0.0,-22.950000762939453,nan,nan,nan,0.0,2,0,0,True,id0,
1737286283.3503456,21018,1737286283,346843790,,0.0,0.0,-22.940000534057617,nan,nan,nan,0.0,2,0,0,True,id0,
1737286283.4488986,21019,1737286283,446836105,,0.0,0.0,-22.940000534057617,nan,nan,nan,0.0,2,0,0,True,id0,
1737286283.5490425,21020,1737286283,546733049,,0.0,0.0,-22.950000762939453,nan,nan,nan,0.0,2,0,0,True,id0,
1737286283.648268,21021,1737286283,646772568,,0.0,0.0,-22.940000534057617,nan,nan,nan,0.0,2,0,0,True,id0,
1737286283.748565,21022,1737286283,746739771,,0.0,0.0,-22.940000534057617,nan,nan,nan,0.0,2,0,0,True,id0,
1737286283.8489,21023,1737286283,846933012,,0.0,0.0,-22.90999984741211,nan,nan,nan,0.0,2,0,0,True,id0,
1737286283.9556909,21024,1737286283,946787493,,0.0,0.0,-22.93000030517578,nan,nan,nan,0.0,2,0,0,True,id0,
1737286284.0547807,21025,1737286284,44546253,,0.0,0.0,-22.920000076293945,nan,nan,nan,0.0,2,0,0,True,0.0,id0,
1737286284.1517375,21026,1737286284,146789771,,0.0,0.0,-22.959999084472656,nan,nan,nan,0.0,2,0,0,True,id0,
1737286284.2493417,21027,1737286284,246962512,,0.0,0.0,-22.940000534057617,nan,nan,nan,0.0,2,0,0,True,id0,
1737286284.3496788,21028,1737286284,345179271,,0.0,0.0,-22.940000534057617,nan,nan,nan,0.0,2,0,0,True,id0,
1737286284.4491816,21029,1737286284,447141919,,0.0,0.0,-22.959999084472656,nan,nan,nan,0.0,2,0,0,True,id0,
1737286284.549335,21030,1737286284,547158141,,0.0,0.0,-22.979999542236328,nan,nan,nan,0.0,2,0,0,True,id0,
1737286284.6500323,21031,1737286284,646979715,,0.0,0.0,-22.979999542236328,nan,nan,nan,0.0,2,0,0,True,0.0,id0,
1737286284.749706,21032,1737286284,746896234,,0.0,0.0,-22.969999313354492,nan,nan,nan,0.0,2,0,0,True,id0,
1737286284.8504221,21033,1737286284,845208678,,0.0,0.0,-22.969999313354492,nan,nan,nan,0.0,2,0,0,True,id0,
1737286284.9505482,21034,1737286284,944852937,,0.0,0.0,-22.969999313354492,nan,nan,nan,0.0,2,0,0,True,id0,
1737286285.0509317,21035,1737286285,46933585,,0.0,0.0,-22.979999542236328,nan,nan,nan,0.0,2,0,0,True,id0,
1737286285.15033,21036,1737286285,144566159,,0.0,0.0,-22.969999313354492,nan,nan,nan,0.0,2,0,0,True,id0,
1737286285.2503066,21037,1737286285,246958956,,0.0,0.0,-22.969999313354492,nan,nan,nan,0.0,2,0,0,True,id0,
1737286285.3500671,21038,1737286285,346952622,,0.0,0.0,-22.959999084472656,nan,nan,nan,0.0,2,0,0,True,id0,
1737286285.4509206,21039,1737286285,449211937,,0.0,0.0,-22.989999771118164,nan,nan,nan,0.0,2,0,0,True,id0,
1737286285.5502288,21040,1737286285,547243104,,0.0,0.0,-22.940000534057617,nan,nan,nan,0.0,2,0,0,True,id0,
1737286285.650405,21041,1737286285,647434807,,0.0,0.0,-22.889999389648438,nan,nan,nan,0.0,2,0,0,True,id0,
1737286285.7593899,21042,1737286285,747550104,,0.0,0.0,-22.959999084472656,nan,nan,nan,0.0,2,0,0,True,id0,
1737286285.8538747,21043,1737286285,847250140,,0.0,0.0,-22.950000762939453,nan,nan,nan,0.0,2,0,0,True,id0,
1737286285.9500659,21044,1737286285,944772640,,0.0,0.0,-22.940000534057617,nan,nan,nan,0.0,2,0,0,True,id0,
1737286286.0487597,21045,1737286286,44802474,,0.0,0.0,-22.93000030517578,nan,nan,nan,0.0,2,0,0,True,id0,
1737286286.149399,21046,1737286286,144658733,,0.0,0.0,-22.950000762939453,nan,nan,nan,0.0,2,0,0,True,id0,
1737286286.2507608,21047,1737286286,247125807,,0.0,0.0,-22.959999084472656,nan,nan,nan,0.0,2,0,0,True,id0,
1737286286.3502018,21048,1737286286,347433899,,0.0,0.0,-22.969999313354492,nan,nan,nan,0.0,2,0,0,True,id0,
1737286286.4508488,21049,1737286286,447527733,,0.0,0.0,-22.979999542236328,nan,nan,nan,0.0,2,0,0,True,id0,
1737286286.5504546,21050,1737286286,544864936,,0.0,0.0,-22.989999771118164,nan,nan,nan,0.0,2,0,0,True,id0,
1737286286.6499975,21051,1737286286,647193640,,0.0,0.0,-22.989999771118164,nan,nan,nan,0.0,2,0,0,True,id0,
1737286286.7508144,21052,1737286286,747449344,,0.0,0.0,-22.969999313354492,nan,nan,nan,0.0,2,0,0,True,id0,
1737286286.8503742,21053,1737286286,846221177,,0.0,0.0,-23.010000228881836,nan,nan,nan,0.0,2,0,0,True,id0,
1737286286.9503877,21054,1737286286,947234158,,0.0,0.0,-23.010000228881836,nan,nan,nan,0.0,2,0,0,True,id0,
1737286287.0505884,21055,1737286287,45023584,,0.0,0.0,-23.010000228881836,nan,nan,nan,0.0,2,0,0,True,id0,
1737286287.1502554,21056,1737286287,144949399,,0.0,0.0,-23.040000915527344,nan,nan,nan,0.0,2,0,0,True,id0,
1737286287.250298,21057,1737286287,246364769,,0.0,0.0,-22.979999542236328,nan,nan,nan,0.0,2,0,0,True,id0,
1737286287.3552234,21058,1737286287,346419973,,0.0,0.0,-23.049999237060547,nan,nan,nan,0.0,2,0,0,True,0.0,id0,
1737286287.4478822,21059,1737286287,444935436,,0.0,0.0,-23.0,nan,nan,nan,0.0,2,0,0,True,id0,
1737286287.552864,21060,1737286287,547876343,,0.0,0.0,-23.030000686645508,nan,nan,nan,0.0,2,0,0,True,id0,
1737286287.6506145,21061,1737286287,646508695,,0.0,0.0,-23.020000457763672,nan,nan,nan,0.0,2,0,0,True,id0,
1737286287.7508721,21062,1737286287,746309602,,0.0,0.0,-23.0,nan,nan,nan,0.0,2,0,0,True,id0,
1737286287.850738,21063,1737286287,846317639,,0.0,0.0,-23.030000686645508,nan,nan,nan,0.0,2,0,0,True,id0,
1737286287.9506807,21064,1737286287,946328528,,0.0,0.0,-23.020000457763672,nan,nan,nan,0.0,2,0,0,True,id0,
1737286288.050446,21065,1737286288,45061195,,0.0,0.0,-23.0,nan,nan,nan,0.0,2,0,0,True,id0,
1737286288.1503174,21066,1737286288,145179084,,0.0,0.0,-23.020000457763672,nan,nan,nan,0.0,2,0,0,True,id0,
1737286288.249925,21067,1737286288,246512306,,0.0,0.0,-22.989999771118164,nan,nan,nan,0.0,2,0,0,True,0.0,id0,
1737286288.3501594,21068,1737286288,345643250,,0.0,0.0,-23.040000915527344,nan,nan,nan,0.0,2,0,0,True,id0,
1737286288.4509757,21069,1737286288,446524361,,0.0,0.0,-23.0,nan,nan,nan,0.0,2,0,0,True,id0,
1737286288.5508075,21070,1737286288,546717046,,0.0,0.0,-22.969999313354492,nan,nan,nan,0.0,2,0,0,True,0.0,id0,
1737286288.6498895,21071,1737286288,646439213,,0.0,0.0,-23.010000228881836,nan,nan,nan,0.0,2,0,0,True,id0,
1737286288.7497966,21072,1737286288,745000565,,0.0,0.0,-22.969999313354492,nan,nan,nan,0.0,2,0,0,True,id0,
1737286288.8495502,21073,1737286288,846555398,,0.0,0.0,-22.969999313354492,nan,nan,nan,0.0,2,0,0,True,id0,
1737286288.9490614,21074,1737286288,946860935,,0.0,0.0,-22.979999542236328,nan,nan,nan,0.0,2,0,0,True,id0,
1737286289.049128,21075,1737286289,46496305,,0.0,0.0,-22.969999313354492,nan,nan,nan,0.0,2,0,0,True,0.0,id0,
1737286289.155787,21076,1737286289,147099305,,0.0,0.0,-22.989999771118164,nan,nan,nan,0.0,2,0,0,True,id0,
1737286289.2543018,21077,1737286289,247462435,,0.0,0.0,-23.010000228881836,nan,nan,nan,0.0,2,0,0,True,id0,
1737286289.3502822,21078,1737286289,346707953,,0.0,0.0,-22.989999771118164,nan,nan,nan,0.0,2,0,0,True,id0,
1737286289.4492571,21079,1737286289,446557546,,0.0,0.0,-23.020000457763672,nan,nan,nan,0.0,2,0,0,True,id0,
1737286289.5502691,21080,1737286289,546686879,,0.0,0.0,-23.0,nan,nan,nan,0.0,2,0,0,True,id0,
1737286289.6552117,21081,1737286289,646696101,,0.0,0.0,-22.959999084472656,nan,nan,nan,0.0,2,0,0,True,id0,
1737286289.754524,21082,1737286289,746737083,,0.0,0.0,-22.969999313354492,nan,nan,nan,0.0,2,0,0,True,id0,
1737286289.8506582,21083,1737286289,847151027,,0.0,0.0,-22.959999084472656,nan,nan,nan,0.0,2,0,0,True,id0,
1737286289.949412,21084,1737286289,946806101,,0.0,0.0,-22.969999313354492,nan,nan,nan,0.0,2,0,0,True,id0,
1737286290.0507789,21085,1737286290,46784490,,0.0,0.0,-22.969999313354492,nan,nan,nan,0.0,2,0,0,True,id0,
1737286290.1487982,21086,1737286290,146706749,,0.0,0.0,-22.940000534057617,nan,nan,nan,0.0,2,0,0,True,id0,
1737286290.2489607,21087,1737286290,247744453,,0.0,0.0,-22.969999313354492,nan,nan,nan,0.0,2,0,0,True,id0,
1737286290.3488638,21088,1737286290,346926990,,0.0,0.0,-22.969999313354492,nan,nan,nan,0.0,2,0,0,True,id0,
1737286290.4484382,21089,1737286290,445182730,,0.0,0.0,-22.989999771118164,nan,nan,nan,0.0,2,0,0,True,id0,
1737286290.5489497,21090,1737286290,544398101,,0.0,0.0,-22.969999313354492,nan,nan,nan,0.0,2,0,0,True,id0,
1737286290.6495056,21091,1737286290,646960656,,0.0,0.0,-22.979999542236328,nan,nan,nan,0.0,2,0,0,True,id0,
1737286290.7488182,21092,1737286290,746992675,,0.0,0.0,-22.969999313354492,nan,nan,nan,0.0,2,0,0,True,id0,
1737286290.8478422,21093,1737286290,845935193,,0.0,0.0,-22.989999771118164,nan,nan,nan,0.0,2,0,0,True,id0,
1737286290.9478014,21094,1737286290,947435545,,0.0,0.0,-23.020000457763672,nan,nan,nan,0.0,2,0,0,True,id0,
1737286291.0524073,21095,1737286291,48336489,,0.0,0.0,-23.020000457763672,nan,nan,nan,0.0,2,0,0,True,id0,
1737286291.14987,21096,1737286291,146872378,,0.0,0.0,-23.020000457763672,nan,nan,nan,0.0,2,0,0,True,id0,
1737286291.250864,21097,1737286291,247087137,,0.0,0.0,-23.010000228881836,nan,nan,nan,0.0,2,0,0,True,id0,
1737286291.3504436,21098,1737286291,344596804,,0.0,0.0,-23.030000686645508,nan,nan,nan,0.0,2,0,0,True,id0,
1737286291.4508436,21099,1737286291,447242526,,0.0,0.0,-23.040000915527344,nan,nan,nan,0.0,2,0,0,True,id0,
1737286291.5507798,21100,1737286291,547123822,,0.0,0.0,-23.049999237060547,nan,nan,nan,0.0,2,0,0,True,id0,
1737286291.650964,21101,1737286291,646911804,,0.0,0.0,-23.059999465942383,nan,nan,nan,0.0,2,0,0,True,id0,
1737286291.751207,21102,1737286291,747389693,,0.0,0.0,-23.059999465942383,nan,nan,nan,0.0,2,0,0,True,id0,
1737286291.850973,21103,1737286291,847057637,,0.0,0.0,-23.079999923706055,nan,nan,nan,0.0,2,0,0,True,id0,
1737286291.9506812,21104,1737286291,947072600,,0.0,0.0,-23.059999465942383,nan,nan,nan,0.0,2,0,0,True,id0,
1737286292.0505118,21105,1737286292,44668822,,0.0,0.0,-23.1299991607666,nan,nan,nan,0.0,2,0,0,True,id0,
1737286292.1519558,21106,1737286292,147446118,,0.0,0.0,-23.09000015258789,nan,nan,nan,0.0,2,0,0,True,id0,
1737286292.253371,21107,1737286292,246943729,,0.0,0.0,-23.1299991607666,nan,nan,nan,0.0,2,0,0,True,id0,
1737286292.3540354,21108,1737286292,346999192,,0.0,0.0,-23.149999618530273,nan,nan,nan,0.0,2,0,0,True,id0,
1737286292.453755,21109,1737286292,446999414,,0.0,0.0,-23.149999618530273,nan,nan,nan,0.0,2,0,0,True,id0,
1737286292.5495045,21110,1737286292,547894711,,0.0,0.0,-23.18000030517578,nan,nan,nan,0.0,2,0,0,True,0.0,id0,
1737286292.6503007,21111,1737286292,647019155,,0.0,0.0,-23.139999389648438,nan,nan,nan,0.0,2,0,0,True,id0,
1737286292.751091,21112,1737286292,747432488,,0.0,0.0,-23.15999984741211,nan,nan,nan,0.0,2,0,0,True,id0,
1737286292.8506944,21113,1737286292,847387229,,0.0,0.0,-23.149999618530273,nan,nan,nan,0.0,2,0,0,True,id0,
1737286292.9512556,21114,1737286292,947117173,,0.0,0.0,-23.18000030517578,nan,nan,nan,0.0,2,0,0,True,id0,
1737286293.0506465,21115,1737286293,47124507,,0.0,0.0,-23.15999984741211,nan,nan,nan,0.0,2,0,0,True,id0,
1737286293.1502166,21116,1737286293,145543210,,0.0,0.0,-23.15999984741211,nan,nan,nan,0.0,2,0,0,True,id0,
1737286293.250629,21117,1737286293,247178988,,0.0,0.0,-23.18000030517578,nan,nan,nan,0.0,2,0,0,True,id0,
1737286293.3508465,21118,1737286293,347465525,,0.0,0.0,-23.149999618530273,nan,nan,nan,0.0,2,0,0,True,id0,
1737286293.4509077,21119,1737286293,447749358,,0.0,0.0,-23.190000534057617,nan,nan,nan,0.0,2,0,0,True,id0,
1737286293.550442,21120,1737286293,547176358,,0.0,0.0,-23.149999618530273,nan,nan,nan,0.0,2,0,0,True,id0,
1737286293.65056,21121,1737286293,644797969,,0.0,0.0,-23.18000030517578,nan,nan,nan,0.0,2,0,0,True,0.0,id0,
1737286293.7496376,21122,1737286293,744732154,,0.0,0.0,-23.15999984741211,nan,nan,nan,0.0,2,0,0,True,id0,
1737286293.8496413,21123,1737286293,847592154,,0.0,0.0,-23.149999618530273,nan,nan,nan,0.0,2,0,0,True,id0,
1737286293.9491415,21124,1737286293,945023062,,0.0,0.0,-23.190000534057617,nan,nan,nan,0.0,2,0,0,True,id0,
1737286294.0496163,21125,1737286294,44955080,,0.0,0.0,-23.18000030517578,nan,nan,nan,0.0,2,0,0,True,id0,
1737286294.1491032,21126,1737286294,147414802,,0.0,0.0,-23.170000076293945,nan,nan,nan,0.0,2,0,0,True,id0,
1737286294.2495642,21127,1737286294,247711469,,0.0,0.0,-23.15999984741211,nan,nan,nan,0.0,2,0,0,True,id0,
1737286294.3494794,21128,1737286294,347375913,,0.0,0.0,-23.170000076293945,nan,nan,nan,0.0,2,0,0,True,id0,
1737286294.4491942,21129,1737286294,446572506,,0.0,0.0,-23.170000076293945,nan,nan,nan,0.0,2,0,0,True,id0,
1737286294.549118,21130,1737286294,545773080,,0.0,0.0,-23.15999984741211,nan,nan,nan,0.0,2,0,0,True,id0,
1737286294.6495032,21131,1737286294,646350487,,0.0,0.0,-23.18000030517578,nan,nan,nan,0.0,2,0,0,True,id0,
1737286294.7502427,21132,1737286294,746366820,,0.0,0.0,-23.170000076293945,nan,nan,nan,0.0,2,0,0,True,id0,
1737286294.8503518,21133,1737286294,845468598,,0.0,0.0,-23.18000030517578,nan,nan,nan,0.0,2,0,0,True,id0,
1737286294.9498217,21134,1737286294,947633005,,0.0,0.0,-23.149999618530273,nan,nan,nan,0.0,2,0,0,True,id0,
1737286295.0509853,21135,1737286295,46582746,,0.0,0.0,-23.15999984741211,nan,nan,nan,0.0,2,0,0,True,id0,
1737286295.1557784,21136,1737286295,146361172,,0.0,0.0,-23.139999389648438,nan,nan,nan,0.0,2,0,0,True,id0,
1737286295.2512393,21137,1737286295,246371968,,0.0,0.0,-23.149999618530273,nan,nan,nan,0.0,2,0,0,True,id0,
1737286295.3500512,21138,1737286295,346415950,,0.0,0.0,-23.200000762939453,nan,nan,nan,0.0,2,0,0,True,id0,
1737286295.4508693,21139,1737286295,446478913,,0.0,0.0,-23.15999984741211,nan,nan,nan,0.0,2,0,0,True,id0,
1737286295.5514271,21140,1737286295,546448394,,0.0,0.0,-23.18000030517578,nan,nan,nan,0.0,2,0,0,True,id0,
1737286295.6509051,21141,1737286295,647244338,,0.0,0.0,-23.15999984741211,nan,nan,nan,0.0,2,0,0,True,id0,
1737286295.7503653,21142,1737286295,747139190,,0.0,0.0,-23.170000076293945,nan,nan,nan,0.0,2,0,0,True,id0,
1737286295.851847,21143,1737286295,847276060,,0.0,0.0,-23.170000076293945,nan,nan,nan,0.0,2,0,0,True,id0,
1737286295.9509573,21144,1737286295,947111079,,0.0,0.0,-23.200000762939453,nan,nan,nan,0.0,2,0,0,True,id0,
1737286296.050018,21145,1737286296,47561338,,0.0,0.0,-23.149999618530273,nan,nan,nan,0.0,2,0,0,True,id0,
1737286296.150162,21146,1737286296,146798782,,0.0,0.0,-23.170000076293945,nan,nan,nan,0.0,2,0,0,True,id0,
1737286296.2501059,21147,1737286296,246677782,,0.0,0.0,-23.170000076293945,nan,nan,nan,0.0,2,0,0,True,id0,
1737286296.3501158,21148,1737286296,346747764,,0.0,0.0,-23.18000030517578,nan,nan,nan,0.0,2,0,0,True,id0,
1737286296.4504428,21149,1737286296,446718171,,0.0,0.0,-23.18000030517578,nan,nan,nan,0.0,2,0,0,True,id0,
1737286296.5494235,21150,1737286296,546852653,,0.0,0.0,-23.149999618530273,nan,nan,nan,0.0,2,0,0,True,id0,
1737286296.6503804,21151,1737286296,646697134,,0.0,0.0,-23.190000534057617,nan,nan,nan,0.0,2,0,0,True,id0,
1737286296.7500815,21152,1737286296,746650245,,0.0,0.0,-23.139999389648438,nan,nan,nan,0.0,2,0,0,True,id0,
1737286296.8504417,21153,1737286296,846985671,,0.0,0.0,-23.18000030517578,nan,nan,nan,0.0,2,0,0,True,id0,
1737286296.952132,21154,1737286296,947554782,,0.0,0.0,-23.139999389648438,nan,nan,nan,0.0,2,0,0,True,id0,
1737286297.0499556,21155,1737286297,46822486,,0.0,0.0,-23.190000534057617,nan,nan,nan,0.0,2,0,0,True,id0,
1737286297.150172,21156,1737286297,145751874,,0.0,0.0,-23.139999389648438,nan,nan,nan,0.0,2,0,0,True,id0,
1737286297.251704,21157,1737286297,247900245,,0.0,0.0,-23.15999984741211,nan,nan,nan,0.0,2,0,0,True,id0,
1737286297.3495448,21158,1737286297,346111726,,0.0,0.0,-23.170000076293945,nan,nan,nan,0.0,2,0,0,True,id0,
1737286297.4499488,21159,1737286297,445795004,,0.0,0.0,-23.1299991607666,nan,nan,nan,0.0,2,0,0,True,id0,
1737286297.5499637,21160,1737286297,546310467,,0.0,0.0,-23.170000076293945,nan,nan,nan,0.0,2,0,0,True,id0,
1737286297.6502736,21161,1737286297,647330485,,0.0,0.0,-23.139999389648438,nan,nan,nan,0.0,2,0,0,True,id0,
1737286297.7497313,21162,1737286297,747083670,,0.0,0.0,-23.15999984741211,nan,nan,nan,0.0,2,0,0,True,id0,
1737286297.8495605,21163,1737286297,845332707,,0.0,0.0,-23.149999618530273,nan,nan,nan,0.0,2,0,0,True,id0,
1737286297.9492655,21164,1737286297,944336004,,0.0,0.0,-23.170000076293945,nan,nan,nan,0.0,2,0,0,True,id0,
1737286298.0503428,21165,1737286298,46175263,,0.0,0.0,-23.1299991607666,nan,nan,nan,0.0,2,0,0,True,id0,
1737286298.1505456,21166,1737286298,147077578,,0.0,0.0,-23.149999618530273,nan,nan,nan,0.0,2,0,0,True,id0,
1737286298.2494984,21167,1737286298,244642837,,0.0,0.0,-23.15999984741211,nan,nan,nan,0.0,2,0,0,True,id0,
1737286298.349694,21168,1737286298,346973189,,0.0,0.0,-23.139999389648438,nan,nan,nan,0.0,2,0,0,True,id0,
1737286298.4497073,21169,1737286298,446889689,,0.0,0.0,-23.15999984741211,nan,nan,nan,0.0,2,0,0,True,id0,
1737286298.5499635,21170,1737286298,545024892,,0.0,0.0,-23.15999984741211,nan,nan,nan,0.0,2,0,0,True,id0,
1737286298.650021,21171,1737286298,647539744,,0.0,0.0,-23.170000076293945,nan,nan,nan,0.0,2,0,0,True,id0,
1737286298.7490404,21172,1737286298,744817836,,0.0,0.0,-23.139999389648438,nan,nan,nan,0.0,2,0,0,True,id0,
1737286298.8495965,21173,1737286298,847394503,,0.0,0.0,-23.15999984741211,nan,nan,nan,0.0,2,0,0,True,id0,
1737286298.9496877,21174,1737286298,946965670,,0.0,0.0,-23.139999389648438,nan,nan,nan,0.0,2,0,0,True,id0,
1737286299.049676,21175,1737286299,45202577,,0.0,0.0,-23.149999618530273,nan,nan,nan,0.0,2,0,0,True,id0,
1737286299.1526005,21176,1737286299,147454262,,0.0,0.0,-23.149999618530273,nan,nan,nan,0.0,2,0,0,True,id0,
1737286299.2495859,21177,1737286299,247217244,,0.0,0.0,-23.139999389648438,nan,nan,nan,0.0,2,0,0,True,id0,
1737286299.3487456,21178,1737286299,344957355,,0.0,0.0,-23.149999618530273,nan,nan,nan,0.0,2,0,0,True,id0,
1737286299.449682,21179,1737286299,447122206,,0.0,0.0,-23.100000381469727,nan,nan,nan,0.0,2,0,0,True,id0,
1737286299.5502918,21180,1737286299,547108743,,0.0,0.0,-23.139999389648438,nan,nan,nan,0.0,2,0,0,True,0.0,id0,
1737286299.6498933,21181,1737286299,647471373,,0.0,0.0,-23.139999389648438,nan,nan,nan,0.0,2,0,0,True,id0,
1737286299.7496095,21182,1737286299,747468966,,0.0,0.0,-23.1200008392334,nan,nan,nan,0.0,2,0,0,True,id0,
1737286299.8494956,21183,1737286299,844736651,,0.0,0.0,-23.139999389648438,nan,nan,nan,0.0,2,0,0,True,id0,
1737286299.9494338,21184,1737286299,947127243,,0.0,0.0,-23.139999389648438,nan,nan,nan,0.0,2,0,0,True,id0,
1737286300.0492506,21185,1737286300,44884928,,0.0,0.0,-23.139999389648438,nan,nan,nan,0.0,2,0,0,True,id0,
1737286300.1520686,21186,1737286300,147212132,,0.0,0.0,-23.139999389648438,nan,nan,nan,0.0,2,0,0,True,id0,
1737286300.2506185,21187,1737286300,247147743,,0.0,0.0,-23.1299991607666,nan,nan,nan,0.0,2,0,0,True,id0,
1737286300.3491879,21188,1737286300,347161447,,0.0,0.0,-23.15999984741211,nan,nan,nan,0.0,2,0,0,True,id0,
1737286300.4501183,21189,1737286300,447506724,,0.0,0.0,-23.149999618530273,nan,nan,nan,0.0,2,0,0,True,id0,
1737286300.5492778,21190,1737286300,547365224,,0.0,0.0,-23.139999389648438,nan,nan,nan,0.0,2,0,0,True,id0,
1737286300.6543539,21191,1737286300,647635354,,0.0,0.0,-23.139999389648438,nan,nan,nan,0.0,2,0,0,True,id0,
1737286300.7522361,21192,1737286300,747371261,,0.0,0.0,-23.1299991607666,nan,nan,nan,0.0,2,0,0,True,id0,
1737286300.8512805,21193,1737286300,847264169,,0.0,0.0,-23.110000610351562,nan,nan,nan,0.0,2,0,0,True,id0,
1737286300.951942,21194,1737286300,947253150,,0.0,0.0,-23.139999389648438,nan,nan,nan,0.0,2,0,0,True,id0,
1737286301.048704,21195,1737286301,45056891,,0.0,0.0,-23.149999618530273,nan,nan,nan,0.0,2,0,0,True,id0,
1737286301.1495304,21196,1737286301,145333372,,0.0,0.0,-23.139999389648438,nan,nan,nan,0.0,2,0,0,True,id0,
1737286301.250473,21197,1737286301,247642465,,0.0,0.0,-23.1299991607666,nan,nan,nan,0.0,2,0,0,True,id0,
1737286301.3496652,21198,1737286301,348015446,,0.0,0.0,-23.110000610351562,nan,nan,nan,0.0,2,0,0,True,id0,
1737286301.4505124,21199,1737286301,445143187,,0.0,0.0,-23.139999389648438,nan,nan,nan,0.0,2,0,0,True,id0,
1737286301.551802,21200,1737286301,547498372,,0.0,0.0,-23.1200008392334,nan,nan,nan,0.0,2,0,0,True,id0,
1737286301.650423,21201,1737286301,646328983,,0.0,0.0,-23.1200008392334,nan,nan,nan,0.0,2,0,0,True,id0,
1737286301.750737,21202,1737286301,747808390,,0.0,0.0,-23.170000076293945,nan,nan,nan,0.0,2,0,0,True,id0,
1737286301.8473713,21203,1737286301,846339335,,0.0,0.0,-23.149999618530273,nan,nan,nan,0.0,2,0,0,True,id0,
1737286301.9499636,21204,1737286301,945031668,,0.0,0.0,-23.139999389648438,nan,nan,nan,0.0,2,0,0,True,id0,
1737286302.049608,21205,1737286302,45080353,,0.0,0.0,-23.1200008392334,nan,nan,nan,0.0,2,0,0,True,id0,
1737286302.1502135,21206,1737286302,146422538,,0.0,0.0,-23.1299991607666,nan,nan,nan,0.0,2,0,0,True,id0,
1737286302.2508943,21207,1737286302,248398075,,0.0,0.0,-23.15999984741211,nan,nan,nan,0.0,2,0,0,True,id0,
1737286302.3503199,21208,1737286302,347819094,,0.0,0.0,-23.1200008392334,nan,nan,nan,0.0,2,0,0,True,id0,
1737286302.4507422,21209,1737286302,446878001,,0.0,0.0,-23.149999618530273,nan,nan,nan,0.0,2,0,0,True,id0,
1737286302.551175,21210,1737286302,546574575,,0.0,0.0,-23.15999984741211,nan,nan,nan,0.0,2,0,0,True,id0,
1737286302.6513216,21211,1737286302,646487093,,0.0,0.0,-23.139999389648438,nan,nan,nan,0.0,2,0,0,True,id0,
1737286302.751372,21212,1737286302,747748260,,0.0,0.0,-23.1200008392334,nan,nan,nan,0.0,2,0,0,True,id0,
1737286302.851026,21213,1737286302,846541927,,0.0,0.0,-23.15999984741211,nan,nan,nan,0.0,2,0,0,True,id0,
1737286302.9507794,21214,1737286302,946735871,,0.0,0.0,-23.110000610351562,nan,nan,nan,0.0,2,0,0,True,id0,
1737286303.049984,21215,1737286303,46850778,,0.0,0.0,-23.149999618530273,nan,nan,nan,0.0,2,0,0,True,id0,
1737286303.1506808,21216,1737286303,146921389,,0.0,0.0,-23.170000076293945,nan,nan,nan,0.0,2,0,0,True,id0,
1737286303.2500565,21217,1737286303,245311000,,0.0,0.0,-23.1299991607666,nan,nan,nan,0.0,2,0,0,True,id0,
1737286303.348859,21218,1737286303,345062093,,0.0,0.0,-23.139999389648438,nan,nan,nan,0.0,2,0,0,True,id0,
1737286303.4500308,21219,1737286303,446721241,,0.0,0.0,-23.15999984741211,nan,nan,nan,0.0,2,0,0,True,id0,
1737286303.5511744,21220,1737286303,546757167,,0.0,0.0,-23.1299991607666,nan,nan,nan,0.0,2,0,0,True,id0,
1737286303.6557739,21221,1737286303,646606741,,0.0,0.0,-23.149999618530273,nan,nan,nan,0.0,2,0,0,True,id0,
1737286303.7542322,21222,1737286303,746923852,,0.0,0.0,-23.15999984741211,nan,nan,nan,0.0,2,0,0,True,id0,
1737286303.8480105,21223,1737286303,845826389,,0.0,0.0,-23.149999618530273,nan,nan,nan,0.0,2,0,0,True,id0,
1737286303.948924,21224,1737286303,947032574,,0.0,0.0,-23.149999618530273,nan,nan,nan,0.0,2,0,0,True,id0,
1737286304.0483978,21225,1737286304,46682870,,0.0,0.0,-23.190000534057617,nan,nan,nan,0.0,2,0,0,True,id0,
1737286304.151171,21226,1737286304,145586148,,0.0,0.0,-23.1299991607666,nan,nan,nan,0.0,2,0,0,True,id0,
1737286304.2497687,21227,1737286304,245687963,,0.0,0.0,-23.149999618530273,nan,nan,nan,0.0,2,0,0,True,id0,
1737286304.3510842,21228,1737286304,347230241,,0.0,0.0,-23.15999984741211,nan,nan,nan,0.0,2,0,0,True,id0,
1737286304.449856,21229,1737286304,446846148,,0.0,0.0,-23.15999984741211,nan,nan,nan,0.0,2,0,0,True,id0,
1737286304.549555,21230,1737286304,546852092,,0.0,0.0,-23.18000030517578,nan,nan,nan,0.0,2,0,0,True,id0,
1737286304.6501107,21231,1737286304,645724222,,0.0,0.0,-23.18000030517578,nan,nan,nan,0.0,2,0,0,True,id0,
1737286304.7501292,21232,1737286304,746878388,,0.0,0.0,-23.15999984741211,nan,nan,nan,0.0,2,0,0,True,id0,
1737286304.8503387,21233,1737286304,846777444,,0.0,0.0,-23.190000534057617,nan,nan,nan,0.0,2,0,0,True,id0,
1737286304.95064,21234,1737286304,947507574,,0.0,0.0,-23.170000076293945,nan,nan,nan,0.0,2,0,0,True,id0,
1737286305.0499823,21235,1737286305,46952851,,0.0,0.0,-23.15999984741211,nan,nan,nan,0.0,2,0,0,True,id0,
1737286305.1498847,21236,1737286305,144428351,,0.0,0.0,-23.18000030517578,nan,nan,nan,0.0,2,0,0,True,id0,
1737286305.2502728,21237,1737286305,246082425,,0.0,0.0,-23.149999618530273,nan,nan,nan,0.0,2,0,0,True,id0,
1737286305.3504853,21238,1737286305,346839833,,0.0,0.0,-23.170000076293945,nan,nan,nan,0.0,2,0,0,True,id0,
1737286305.450712,21239,1737286305,446866258,,0.0,0.0,-23.15999984741211,nan,nan,nan,0.0,2,0,0,True,id0,
1737286305.5491354,21240,1737286305,544397592,,0.0,0.0,-23.1299991607666,nan,nan,nan,0.0,2,0,0,True,id0,
1737286305.6508954,21241,1737286305,644462684,,0.0,0.0,-23.15999984741211,nan,nan,nan,0.0,2,0,0,True,id0,
1737286305.7495854,21242,1737286305,744366240,,0.0,0.0,-23.170000076293945,nan,nan,nan,0.0,2,0,0,True,id0,
1737286305.849626,21243,1737286305,844529092,,0.0,0.0,-23.1299991607666,nan,nan,nan,0.0,2,0,0,True,id0,
1737286305.9499867,21244,1737286305,944606832,,0.0,0.0,-23.149999618530273,nan,nan,nan,0.0,2,0,0,True,id0,
1737286306.0497255,21245,1737286306,45029962,,0.0,0.0,-23.170000076293945,nan,nan,nan,0.0,2,0,0,True,id0,
1737286306.149514,21246,1737286306,144637480,,0.0,0.0,-23.139999389648438,nan,nan,nan,0.0,2,0,0,True,id0,
1737286306.249275,21247,1737286306,244874628,,0.0,0.0,-23.170000076293945,nan,nan,nan,0.0,2,0,0,True,id0,
1737286306.3486445,21248,1737286306,344473758,,0.0,0.0,-23.15999984741211,nan,nan,nan,0.0,2,0,0,True,id0,
1737286306.4492192,21249,1737286306,444997850,,0.0,0.0,-23.139999389648438,nan,nan,nan,0.0,2,0,0,True,id0,
1737286306.5476308,21250,1737286306,544729906,,0.0,0.0,-23.139999389648438,nan,nan,nan,0.0,2,0,0,True,id0,
1737286306.649653,21251,1737286306,645739998,,0.0,0.0,-23.15999984741211,nan,nan,nan,0.0,2,0,0,True,id0,
1737286306.753273,21252,1737286306,745477998,,0.0,0.0,-23.1200008392334,nan,nan,nan,0.0,2,0,0,True,id0,
1737286306.8481276,21253,1737286306,845156998,,0.0,0.0,-23.170000076293945,nan,nan,nan,0.0,2,0,0,True,id0,
1737286306.9483073,21254,1737286306,945840276,,0.0,0.0,-23.1299991607666,nan,nan,nan,0.0,2,0,0,True,id0,
1737286307.0488281,21255,1737286307,45845424,,0.0,0.0,-23.09000015258789,nan,nan,nan,0.0,2,0,0,True,id0,
1737286307.1496556,21256,1737286307,145433220,,0.0,0.0,-23.139999389648438,nan,nan,nan,0.0,2,0,0,True,id0,
1737286307.2490995,21257,1737286307,244699720,,0.0,0.0,-23.149999618530273,nan,nan,nan,0.0,2,0,0,True,id0,
1737286307.349367,21258,1737286307,344935276,,0.0,0.0,-23.100000381469727,nan,nan,nan,0.0,2,0,0,True,id0,
1737286307.4495063,21259,1737286307,445022831,,0.0,0.0,-23.170000076293945,nan,nan,nan,0.0,2,0,0,True,id0,
1737286307.5499725,21260,1737286307,545893720,,0.0,0.0,-23.149999618530273,nan,nan,nan,0.0,2,0,0,True,id0,
1737286307.6497116,21261,1737286307,645235739,,0.0,0.0,-23.100000381469727,nan,nan,nan,0.0,2,0,0,True,id0,
1737286307.7499511,21262,1737286307,745688850,,0.0,0.0,-23.1200008392334,nan,nan,nan,0.0,2,0,0,True,id0,
1737286307.8507378,21263,1737286307,845901201,,0.0,0.0,-23.15999984741211,nan,nan,nan,0.0,2,0,0,True,id0,
1737286307.951097,21264,1737286307,945823405,,0.0,0.0,-23.1299991607666,nan,nan,nan,0.0,2,0,0,True,id0,
1737286308.0508325,21265,1737286308,45026849,,0.0,0.0,-23.110000610351562,nan,nan,nan,0.0,2,0,0,True,id0,
1737286308.1514895,21266,1737286308,147285683,,0.0,0.0,-23.139999389648438,nan,nan,nan,0.0,2,0,0,True,id0,
1737286308.2509937,21267,1737286308,244931960,,0.0,0.0,-23.149999618530273,nan,nan,nan,0.0,2,0,0,True,id0,
1737286308.3513064,21268,1737286308,347401516,,0.0,0.0,-23.110000610351562,nan,nan,nan,0.0,2,0,0,True,id0,
1737286308.4513888,21269,1737286308,447378664,,0.0,0.0,-23.149999618530273,nan,nan,nan,0.0,2,0,0,True,id0,
1737286308.550496,21270,1737286308,545445942,,0.0,0.0,-23.149999618530273,nan,nan,nan,0.0,2,0,0,True,id0,
1737286308.6501322,21271,1737286308,645559794,,0.0,0.0,-23.079999923706055,nan,nan,nan,0.0,2,0,0,True,id0,
1737286308.7546563,21272,1737286308,745081349,,0.0,0.0,-23.1200008392334,nan,nan,nan,0.0,2,0,0,True,0.0,id0,
1737286308.8494308,21273,1737286308,845523349,,0.0,0.0,-23.139999389648438,nan,nan,nan,0.0,2,0,0,True,id0,
1737286308.9495692,21274,1737286308,945342904,,0.0,0.0,-23.149999618530273,nan,nan,nan,0.0,2,0,0,True,0.0,id0,
1737286309.0497253,21275,1737286309,46097756,,0.0,0.0,-23.1200008392334,nan,nan,nan,0.0,2,0,0,True,id0,
1737286309.149936,21276,1737286309,145712738,,0.0,0.0,-23.149999618530273,nan,nan,nan,0.0,2,0,0,True,id0,
1737286309.2490766,21277,1737286309,246178015,,0.0,0.0,-23.170000076293945,nan,nan,nan,0.0,2,0,0,True,id0,
1737286309.349033,21278,1737286309,346257960,,0.0,0.0,-23.149999618530273,nan,nan,nan,0.0,2,0,0,True,id0,
1737286309.4493332,21279,1737286309,445235071,,0.0,0.0,-23.100000381469727,nan,nan,nan,0.0,2,0,0,True,0.0,id0,
1737286309.5492847,21280,1737286309,545683145,,0.0,0.0,-23.09000015258789,nan,nan,nan,0.0,2,0,0,True,id0,
1737286309.6492574,21281,1737286309,645651608,,0.0,0.0,-23.139999389648438,nan,nan,nan,0.0,2,0,0,True,id0,
1737286309.749402,21282,1737286309,746502385,,0.0,0.0,-23.110000610351562,nan,nan,nan,0.0,2,0,0,True,id0,
1737286309.8494847,21283,1737286309,846628534,,0.0,0.0,-23.110000610351562,nan,nan,nan,0.0,2,0,0,True,id0,
1737286309.949435,21284,1737286309,945555108,,0.0,0.0,-23.09000015258789,nan,nan,nan,0.0,2,0,0,True,id0,
1737286310.049815,21285,1737286310,46222496,,0.0,0.0,-23.110000610351562,nan,nan,nan,0.0,2,0,0,True,id0,
1737286310.1502957,21286,1737286310,145696237,,0.0,0.0,-23.110000610351562,nan,nan,nan,0.0,2,0,0,True,id0,
1737286310.2496388,21287,1737286310,246295644,,0.0,0.0,-23.06999969482422,nan,nan,nan,0.0,2,0,0,True,id0,
1737286310.3496363,21288,1737286310,346974311,,0.0,0.0,-23.079999923706055,nan,nan,nan,0.0,2,0,0,True,id0,
1737286310.4492269,21289,1737286310,445569144,,0.0,0.0,-23.100000381469727,nan,nan,nan,0.0,2,0,0,True,id0,
1737286310.548978,21290,1737286310,545960033,,0.0,0.0,-23.06999969482422,nan,nan,nan,0.0,2,0,0,True,id0,
1737286310.6493165,21291,1737286310,646129422,,0.0,0.0,-23.079999923706055,nan,nan,nan,0.0,2,0,0,True,id0,
1737286310.7492247,21292,1737286310,745646885,,0.0,0.0,-23.06999969482422,nan,nan,nan,0.0,2,0,0,True,id0,
1737286310.8489869,21293,1737286310,845271052,,0.0,0.0,-23.06999969482422,nan,nan,nan,0.0,2,0,0,True,id0,
1737286310.9501064,21294,1737286310,945617551,,0.0,0.0,-23.110000610351562,nan,nan,nan,0.0,2,0,0,True,id0,
1737286311.0499127,21295,1737286311,45224237,,0.0,0.0,-23.110000610351562,nan,nan,nan,0.0,2,0,0,True,id0,
1737286311.1503935,21296,1737286311,145661996,,0.0,0.0,-23.06999969482422,nan,nan,nan,0.0,2,0,0,True,id0,
1737286311.2478623,21297,1737286311,246684996,,0.0,0.0,-23.1299991607666,nan,nan,nan,0.0,2,0,0,True,id0,
1737286311.3500166,21298,1737286311,345482199,,0.0,0.0,-23.100000381469727,nan,nan,nan,0.0,2,0,0,True,id0,
1737286311.4562979,21299,1737286311,445371662,,0.0,0.0,-23.100000381469727,nan,nan,nan,0.0,2,0,0,True,id0,
1737286311.5489798,21300,1737286311,545925773,,0.0,0.0,-23.110000610351562,nan,nan,nan,0.0,2,0,0,True,id0,
1737286311.6492739,21301,1737286311,648130625,,0.0,0.0,-23.040000915527344,nan,nan,nan,0.0,2,0,0,True,id0,
1737286311.7497249,21302,1737286311,746809458,,0.0,0.0,-23.100000381469727,nan,nan,nan,0.0,2,0,0,True,id0,
1737286311.8508222,21303,1737286311,845530106,,0.0,0.0,-23.06999969482422,nan,nan,nan,0.0,2,0,0,True,id0,
1737286311.949166,21304,1737286311,945350458,,0.0,0.0,-23.049999237060547,nan,nan,nan,0.0,2,0,0,True,id0,
1737286312.049239,21305,1737286312,45706773,,0.0,0.0,-23.110000610351562,nan,nan,nan,0.0,2,0,0,True,id0,
1737286312.1494145,21306,1737286312,145411903,,0.0,0.0,-23.06999969482422,nan,nan,nan,0.0,2,0,0,True,id0,
1737286312.2499008,21307,1737286312,244581791,,0.0,0.0,-23.09000015258789,nan,nan,nan,0.0,2,0,0,True,id0,
1737286312.349679,21308,1737286312,345406051,,0.0,0.0,-23.1200008392334,nan,nan,nan,0.0,2,0,0,True,id0,
1737286312.4499109,21309,1737286312,445418532,,0.0,0.0,-23.06999969482422,nan,nan,nan,0.0,2,0,0,True,id0,
1737286312.550448,21310,1737286312,545437995,,0.0,0.0,-23.09000015258789,nan,nan,nan,0.0,2,0,0,True,id0,
1737286312.6505182,21311,1737286312,644473365,,0.0,0.0,-23.079999923706055,nan,nan,nan,0.0,2,0,0,True,id0,
1737286312.7587087,21312,1737286312,745855161,,0.0,0.0,-23.059999465942383,nan,nan,nan,0.0,2,0,0,True,id0,
1737286312.8503022,21313,1737286312,846970050,,0.0,0.0,-23.1200008392334,nan,nan,nan,0.0,2,0,0,True,id0,
1737286312.9550874,21314,1737286312,944786550,,0.0,0.0,-23.06999969482422,nan,nan,nan,0.0,2,0,0,True,id0,
1737286313.054575,21315,1737286313,44749458,,0.0,0.0,-23.100000381469727,nan,nan,nan,0.0,2,0,0,True,0.0,id0,
1737286313.1497116,21316,1737286313,147264513,,0.0,0.0,-23.100000381469727,nan,nan,nan,0.0,2,0,0,True,id0,
1737286313.2493286,21317,1737286313,244728161,,0.0,0.0,-23.06999969482422,nan,nan,nan,0.0,2,0,0,True,id0,
1737286313.3484063,21318,1737286313,344896643,,0.0,0.0,-23.049999237060547,nan,nan,nan,0.0,2,0,0,True,id0,
1737286313.448564,21319,1737286313,445110161,,0.0,0.0,-23.110000610351562,nan,nan,nan,0.0,2,0,0,True,id0,
1737286313.5488348,21320,1737286313,545845791,,0.0,0.0,-23.09000015258789,nan,nan,nan,0.0,2,0,0,True,id0,
1737286313.6475253,21321,1737286313,646996550,,0.0,0.0,-23.059999465942383,nan,nan,nan,0.0,2,0,0,True,id0,
1737286313.7458506,21322,1737286313,745120791,,0.0,0.0,-23.1200008392334,nan,nan,nan,0.0,2,0,0,True,id0,
1737286313.8457925,21323,1737286313,844907846,,0.0,0.0,-23.06999969482422,nan,nan,nan,0.0,2,0,0,True,id0,
1737286313.945764,21324,1737286313,944911087,,0.0,0.0,-23.079999923706055,nan,nan,nan,0.0,2,0,0,True,0.0,id0,
1737286314.0457926,21325,1737286314,45167827,,0.0,0.0,-23.100000381469727,nan,nan,nan,0.0,2,0,0,True,id0,
1737286314.1461034,21326,1737286314,144438198,,0.0,0.0,-23.06999969482422,nan,nan,nan,0.0,2,0,0,True,id0,
1737286314.2462127,21327,1737286314,244722346,,0.0,0.0,-23.1200008392334,nan,nan,nan,0.0,2,0,0,True,id0,
1737286314.351492,21328,1737286314,345265586,,0.0,0.0,-23.06999969482422,nan,nan,nan,0.0,2,0,0,True,id0,
1737286314.4506748,21329,1737286314,444872086,,0.0,0.0,-23.1200008392334,nan,nan,nan,0.0,2,0,0,True,id0,
1737286314.5503068,21330,1737286314,544694420,,0.0,0.0,-23.1200008392334,nan,nan,nan,0.0,2,0,0,True,0.0,id0,
