Time,header.seq,header.stamp.secs,header.stamp.nsecs,header.frame_id,temperature,variance
1729403414.56125,2283,1729403412,904781632,base_link,45.2,0.0
1729403414.5619845,2284,1729403413,4779072,base_link,45.2,0.0
1729403414.562244,2285,1729403413,104776768,base_link,45.2,0.0
1729403414.562481,2286,1729403413,204774464,base_link,45.2,0.0
1729403414.562659,2287,1729403413,304772416,base_link,45.2,0.0
1729403414.5627542,2288,1729403413,404770880,base_link,45.2,0.0
1729403414.5628712,2289,1729403413,507768320,base_link,45.2,0.0
1729403414.5631807,2290,1729403413,607766016,base_link,45.19,0.0
1729403414.5634623,2291,1729403413,707763456,base_link,45.19,0.0
1729403414.5635872,2292,1729403413,807761152,base_link,45.19,0.0
1729403414.563759,2293,1729403413,904758848,base_link,45.19,0.0
1729403414.5640175,2294,1729403414,4756288,base_link,45.19,0.0
1729403414.5642629,2295,1729403414,104753728,base_link,45.19,0.0
1729403414.564635,2296,1729403414,204751424,base_link,45.18,0.0
1729403414.5653527,2297,1729403414,304749120,base_link,45.19,0.0
1729403414.5658906,2298,1729403414,407746048,base_link,45.18,0.0
1729403414.5661583,2299,1729403414,504743744,base_link,45.18,0.0
1729403414.6067295,2300,1729403414,604741440,base_link,45.18,0.0
1729403414.7103186,2301,1729403414,707739392,base_link,45.18,0.0
1729403414.8092656,2302,1729403414,807737088,base_link,45.19,0.0
1729403414.909262,2303,1729403414,907734528,base_link,45.17,0.0
1729403415.0065694,2304,1729403415,4732224,base_link,45.18,0.0
1729403415.108657,2305,1729403415,104729920,base_link,45.18,0.0
1729403415.206419,2306,1729403415,204727616,base_link,45.17,0.0
1729403415.3082247,2307,1729403415,304725568,base_link,45.17,0.0
1729403415.4066446,2308,1729403415,404723776,base_link,45.17,0.0
1729403415.5098898,2309,1729403415,507721216,base_link,45.17,0.0
1729403415.6080887,2310,1729403415,604719168,base_link,45.17,0.0
1729403415.7097385,2311,1729403415,707717376,base_link,45.17,0.0
1729403415.810011,2312,1729403415,807715584,base_link,45.17,0.0
1729403415.9073086,2313,1729403415,904713792,base_link,45.17,0.0
1729403416.0078127,2314,1729403416,4712000,base_link,45.17,0.0
1729403416.1097622,2315,1729403416,107710208,base_link,45.17,0.0
1729403416.211383,2316,1729403416,207708160,base_link,45.17,0.0
1729403416.310669,2317,1729403416,307706368,base_link,45.17,0.0
1729403416.4081373,2318,1729403416,404704576,base_link,45.16,0.0
1729403416.5077026,2319,1729403416,504703040,base_link,45.16,0.0
1729403416.6105878,2320,1729403416,607701248,base_link,45.17,0.0
1729403416.7090554,2321,1729403416,704698176,base_link,45.16,0.0
1729403416.8103251,2322,1729403416,807695360,base_link,45.16,0.0
1729403416.9105422,2323,1729403416,907692544,base_link,45.15,0.0
1729403417.0108173,2324,1729403417,7689472,base_link,45.15,0.0
1729403417.1076744,2325,1729403417,104688448,base_link,45.16,0.0
1729403417.2068822,2326,1729403417,204687168,base_link,45.15,0.0
1729403417.307406,2327,1729403417,304684096,base_link,45.16,0.0
1729403417.4072251,2328,1729403417,404682816,base_link,45.15,0.0
1729403417.509672,2329,1729403417,507681536,base_link,45.15,0.0
1729403417.6100886,2330,1729403417,607678464,base_link,45.15,0.0
1729403417.7097614,2331,1729403417,707675392,base_link,45.15,0.0
1729403417.8072991,2332,1729403417,804672576,base_link,45.14,0.0
1729403417.9100535,2333,1729403417,907669760,base_link,45.14,0.0
1729403418.0081391,2334,1729403418,5666944,base_link,45.14,0.0
1729403418.1087232,2335,1729403418,104665920,base_link,45.14,0.0
1729403418.2072604,2336,1729403418,204663104,base_link,45.14,0.0
1729403418.3084838,2337,1729403418,304660544,base_link,45.14,0.0
1729403418.413272,2338,1729403418,410657984,base_link,45.14,0.0
1729403418.5090666,2339,1729403418,504655424,base_link,45.14,0.0
1729403418.6101828,2340,1729403418,607652864,base_link,45.13,0.0
1729403418.7080379,2341,1729403418,704650304,base_link,45.13,0.0
1729403418.8094497,2342,1729403418,804647744,base_link,45.13,0.0
1729403418.9079092,2343,1729403418,905645696,base_link,45.14,0.0
1729403419.0102823,2344,1729403419,7643136,base_link,45.14,0.0
1729403419.1108294,2345,1729403419,107642112,base_link,45.13,0.0
1729403419.2078824,2346,1729403419,204639808,base_link,45.13,0.0
1729403419.3084238,2347,1729403419,304637504,base_link,45.13,0.0
1729403419.4084146,2348,1729403419,404635200,base_link,45.13,0.0
1729403419.5098705,2349,1729403419,504632896,base_link,45.12,0.0
1729403419.609264,2350,1729403419,604630592,base_link,45.12,0.0
1729403419.7104394,2351,1729403419,707628288,base_link,45.12,0.0
1729403419.8094358,2352,1729403419,804625984,base_link,45.12,0.0
1729403419.907686,2353,1729403419,904623936,base_link,45.12,0.0
1729403420.0081,2354,1729403420,4621632,base_link,45.12,0.0
1729403420.1073039,2355,1729403420,104619328,base_link,45.12,0.0
1729403420.2091167,2356,1729403420,207617280,base_link,45.12,0.0
1729403420.3084385,2357,1729403420,304615232,base_link,45.12,0.0
1729403420.4075189,2358,1729403420,404613184,base_link,45.12,0.0
1729403420.5078726,2359,1729403420,504611136,base_link,45.11,0.0
1729403420.6093097,2360,1729403420,607609344,base_link,45.11,0.0
1729403420.7087789,2361,1729403420,704607296,base_link,45.11,0.0
1729403420.809881,2362,1729403420,807605504,base_link,45.11,0.0
1729403420.9106653,2363,1729403420,907603456,base_link,45.11,0.0
1729403421.0068328,2364,1729403421,4601408,base_link,45.11,0.0
1729403421.108512,2365,1729403421,104599616,base_link,45.11,0.0
1729403421.209797,2366,1729403421,207597568,base_link,45.11,0.0
1729403421.3107333,2367,1729403421,307596032,base_link,45.11,0.0
1729403421.4090471,2368,1729403421,405594240,base_link,45.1,0.0
1729403421.509727,2369,1729403421,507592448,base_link,45.11,0.0
1729403421.6085234,2370,1729403421,604590656,base_link,45.1,0.0
1729403421.7095084,2371,1729403421,704589120,base_link,45.1,0.0
1729403421.809573,2372,1729403421,807587328,base_link,45.1,0.0
1729403421.9096267,2373,1729403421,907585792,base_link,45.1,0.0
1729403422.0097303,2374,1729403422,7584256,base_link,45.1,0.0
1729403422.1072774,2375,1729403422,104582464,base_link,45.1,0.0
1729403422.2076242,2376,1729403422,204580928,base_link,45.09,0.0
1729403422.3076928,2377,1729403422,304579392,base_link,45.1,0.0
1729403422.410037,2378,1729403422,407577600,base_link,45.1,0.0
1729403422.5082614,2379,1729403422,504576064,base_link,45.09,0.0
1729403422.6081722,2380,1729403422,604574528,base_link,45.09,0.0
1729403422.7073863,2381,1729403422,704573248,base_link,45.09,0.0
1729403422.8098207,2382,1729403422,807571968,base_link,45.09,0.0
1729403422.9097443,2383,1729403422,907570688,base_link,45.09,0.0
1729403423.007577,2384,1729403423,4569408,base_link,45.09,0.0
1729403423.1076581,2385,1729403423,104568128,base_link,45.09,0.0
1729403423.20792,2386,1729403423,204566592,base_link,45.09,0.0
1729403423.3098817,2387,1729403423,304563776,base_link,45.09,0.0
1729403423.4098716,2388,1729403423,404560960,base_link,45.08,0.0
1729403423.5104327,2389,1729403423,507559680,base_link,45.08,0.0
1729403423.6079042,2390,1729403423,604556864,base_link,45.08,0.0
1729403423.7083046,2391,1729403423,704554048,base_link,45.08,0.0
1729403423.809884,2392,1729403423,807552768,base_link,45.08,0.0
1729403423.910028,2393,1729403423,907550208,base_link,45.08,0.0
1729403424.0099018,2394,1729403424,7549184,base_link,45.08,0.0
1729403424.1085935,2395,1729403424,104548416,base_link,45.08,0.0
1729403424.2102485,2396,1729403424,207545856,base_link,45.08,0.0
1729403424.3080406,2397,1729403424,305543040,base_link,45.07,0.0
1729403424.409001,2398,1729403424,404542016,base_link,45.07,0.0
1729403424.5105865,2399,1729403424,507539200,base_link,45.07,0.0
1729403424.6081588,2400,1729403424,604536896,base_link,45.07,0.0
1729403424.710056,2401,1729403424,707534592,base_link,45.07,0.0
1729403424.8078403,2402,1729403424,804532288,base_link,45.06,0.0
1729403424.9099967,2403,1729403424,907529984,base_link,45.07,0.0
1729403425.0084052,2404,1729403425,4527680,base_link,45.07,0.0
1729403425.1104517,2405,1729403425,107527168,base_link,45.07,0.0
1729403425.208674,2406,1729403425,204524864,base_link,45.06,0.0
1729403425.3104694,2407,1729403425,307522816,base_link,45.07,0.0
1729403425.4103322,2408,1729403425,407519744,base_link,45.07,0.0
1729403425.5075097,2409,1729403425,504517952,base_link,45.06,0.0
1729403425.610521,2410,1729403425,607515904,base_link,45.06,0.0
1729403425.7088282,2411,1729403425,705513856,base_link,45.06,0.0
1729403425.8081322,2412,1729403425,805513344,base_link,45.06,0.0
1729403425.9082747,2413,1729403425,905510528,base_link,45.06,0.0
1729403426.0082338,2414,1729403426,5507456,base_link,45.06,0.0
1729403426.1109831,2415,1729403426,107508736,base_link,45.05,0.0
1729403426.2105098,2416,1729403426,204507456,base_link,45.06,0.0
1729403426.309442,2417,1729403426,307507456,base_link,45.05,0.0
1729403426.4094396,2418,1729403426,407507456,base_link,45.05,0.0
1729403426.5109441,2419,1729403426,507508992,base_link,45.06,0.0
1729403426.6098204,2420,1729403426,604508736,base_link,45.05,0.0
1729403426.70816,2421,1729403426,705505920,base_link,45.05,0.0
1729403426.809086,2422,1729403426,805506176,base_link,45.05,0.0
1729403426.9095395,2423,1729403426,907503616,base_link,45.05,0.0
1729403427.0094438,2424,1729403427,7503872,base_link,45.05,0.0
1729403427.1105256,2425,1729403427,107502848,base_link,45.05,0.0
1729403427.2094028,2426,1729403427,207500032,base_link,45.04,0.0
1729403427.3092725,2427,1729403427,304497472,base_link,45.05,0.0
1729403427.4079916,2428,1729403427,405497728,base_link,45.04,0.0
1729403427.5082426,2429,1729403427,505498240,base_link,45.04,0.0
1729403427.6077726,2430,1729403427,604498496,base_link,45.05,0.0
1729403427.7089741,2431,1729403427,705495680,base_link,45.05,0.0
1729403427.8094876,2432,1729403427,807493120,base_link,45.04,0.0
1729403427.9086578,2433,1729403427,905490560,base_link,45.04,0.0
1729403428.0077505,2434,1729403428,5487744,base_link,45.04,0.0
1729403428.1109958,2435,1729403428,107488000,base_link,45.04,0.0
1729403428.2098954,2436,1729403428,205485440,base_link,45.04,0.0
1729403428.3097003,2437,1729403428,304483136,base_link,45.03,0.0
1729403428.408152,2438,1729403428,405480832,base_link,45.03,0.0
1729403428.5082552,2439,1729403428,505478272,base_link,45.03,0.0
1729403428.6091328,2440,1729403428,605475712,base_link,45.04,0.0
1729403428.7093325,2441,1729403428,705475456,base_link,45.03,0.0
1729403428.8093476,2442,1729403428,805476224,base_link,45.03,0.0
1729403428.9089637,2443,1729403428,905476992,base_link,45.03,0.0
1729403429.0073085,2444,1729403429,4474688,base_link,45.03,0.0
1729403429.1085675,2445,1729403429,105472640,base_link,45.03,0.0
1729403429.2081933,2446,1729403429,205470336,base_link,45.03,0.0
1729403429.3086514,2447,1729403429,305468288,base_link,45.03,0.0
1729403429.409846,2448,1729403429,407465984,base_link,45.04,0.0
1729403429.5085678,2449,1729403429,505463936,base_link,45.03,0.0
1729403429.607897,2450,1729403429,605464448,base_link,45.03,0.0
1729403429.7069497,2451,1729403429,704465216,base_link,45.02,0.0
1729403429.8074603,2452,1729403429,805465728,base_link,45.02,0.0
1729403429.907631,2453,1729403429,905466240,base_link,45.02,0.0
1729403430.0074723,2454,1729403430,5463936,base_link,45.02,0.0
1729403430.113548,2455,1729403430,107461888,base_link,45.03,0.0
1729403430.2100232,2456,1729403430,207459840,base_link,45.03,0.0
1729403430.3099751,2457,1729403430,307457792,base_link,45.03,0.0
1729403430.4087222,2458,1729403430,405456000,base_link,45.02,0.0
1729403430.5075521,2459,1729403430,505454208,base_link,45.02,0.0
1729403430.6086059,2460,1729403430,605454976,base_link,45.02,0.0
1729403430.7098897,2461,1729403430,707453184,base_link,45.02,0.0
1729403430.8079429,2462,1729403430,805453696,base_link,45.02,0.0
1729403430.9080527,2463,1729403430,905454464,base_link,45.02,0.0
1729403431.0098953,2464,1729403431,5452672,base_link,45.02,0.0
1729403431.1070998,2465,1729403431,104453696,base_link,45.02,0.0
1729403431.2085538,2466,1729403431,205451904,base_link,45.02,0.0
1729403431.3069882,2467,1729403431,305450112,base_link,45.01,0.0
1729403431.409224,2468,1729403431,407448320,base_link,45.02,0.0
1729403431.5086992,2469,1729403431,505449600,base_link,45.02,0.0
1729403431.6093984,2470,1729403431,607447808,base_link,45.01,0.0
1729403431.7081032,2471,1729403431,705448832,base_link,45.02,0.0
1729403431.8090534,2472,1729403431,804450112,base_link,45.01,0.0
1729403431.9092414,2473,1729403431,907448320,base_link,45.01,0.0
1729403432.0080132,2474,1729403432,5449600,base_link,45.01,0.0
1729403432.108734,2475,1729403432,105448064,base_link,45.02,0.0
1729403432.2089877,2476,1729403432,205449344,base_link,45.01,0.0
1729403432.3090136,2477,1729403432,305446272,base_link,45.01,0.0
1729403432.408888,2478,1729403432,405447552,base_link,45.01,0.0
1729403432.5088847,2479,1729403432,504444480,base_link,45.0,0.0
1729403432.608205,2480,1729403432,605444224,base_link,45.0,0.0
1729403432.7085488,2481,1729403432,705441152,base_link,45.0,0.0
1729403432.8098931,2482,1729403432,807440128,base_link,45.01,0.0
1729403432.9087472,2483,1729403432,905437056,base_link,45.01,0.0
1729403433.008904,2484,1729403433,5434240,base_link,45.01,0.0
1729403433.1091995,2485,1729403433,107435776,base_link,45.01,0.0
1729403433.214002,2486,1729403433,204436032,base_link,45.01,0.0
1729403433.3093662,2487,1729403433,307434752,base_link,45.01,0.0
1729403433.4080513,2488,1729403433,405431936,base_link,45.0,0.0
1729403433.5082238,2489,1729403433,505429376,base_link,45.01,0.0
1729403433.607956,2490,1729403433,605426816,base_link,45.01,0.0
1729403433.7093751,2491,1729403433,707424256,base_link,45.0,0.0
1729403433.8093705,2492,1729403433,807424256,base_link,45.0,0.0
1729403433.9107118,2493,1729403433,907424768,base_link,45.0,0.0
1729403434.0087607,2494,1729403434,5424256,base_link,45.0,0.0
1729403434.1095045,2495,1729403434,107423488,base_link,45.0,0.0
1729403434.2095654,2496,1729403434,207423744,base_link,45.0,0.0
1729403434.308933,2497,1729403434,305421184,base_link,45.0,0.0
1729403434.4083362,2498,1729403434,405421184,base_link,45.0,0.0
1729403434.5083857,2499,1729403434,505418880,base_link,44.99,0.0
1729403434.608161,2500,1729403434,605416576,base_link,45.0,0.0
1729403434.7094483,2501,1729403434,707414272,base_link,45.0,0.0
1729403434.8086185,2502,1729403434,805411968,base_link,45.0,0.0
1729403434.9091814,2503,1729403434,905409664,base_link,44.99,0.0
1729403435.0083737,2504,1729403435,5409920,base_link,45.0,0.0
1729403435.1097176,2505,1729403435,107407360,base_link,45.0,0.0
1729403435.2092144,2506,1729403435,205405056,base_link,45.0,0.0
1729403435.3098164,2507,1729403435,307405312,base_link,45.0,0.0
1729403435.4095175,2508,1729403435,405404544,base_link,44.99,0.0
1729403435.510279,2509,1729403435,507405312,base_link,44.99,0.0
1729403435.6088436,2510,1729403435,604403520,base_link,44.99,0.0
1729403435.707498,2511,1729403435,705401728,base_link,44.99,0.0
1729403435.8096194,2512,1729403435,807399936,base_link,45.0,0.0
1729403435.9074209,2513,1729403435,905401216,base_link,44.99,0.0
1729403436.0068243,2514,1729403436,4402240,base_link,44.99,0.0
1729403436.1125226,2515,1729403436,107400448,base_link,44.99,0.0
1729403436.2082436,2516,1729403436,205401216,base_link,44.99,0.0
1729403436.3079636,2517,1729403436,304399680,base_link,44.99,0.0
1729403436.4076636,2518,1729403436,405400448,base_link,44.99,0.0
1729403436.507418,2519,1729403436,505401472,base_link,44.99,0.0
1729403436.6074147,2520,1729403436,605402496,base_link,44.98,0.0
1729403436.7084131,2521,1729403436,705400704,base_link,44.99,0.0
1729403436.808067,2522,1729403436,805401728,base_link,44.99,0.0
1729403436.9096994,2523,1729403436,907402752,base_link,44.99,0.0
1729403437.0079875,2524,1729403437,5400960,base_link,44.99,0.0
1729403437.1078718,2525,1729403437,105401472,base_link,44.99,0.0
1729403437.2082283,2526,1729403437,205402496,base_link,44.98,0.0
1729403437.3059115,2527,1729403437,303400960,base_link,44.98,0.0
1729403437.4086857,2528,1729403437,404402240,base_link,44.98,0.0
1729403437.507546,2529,1729403437,505403264,base_link,44.98,0.0
1729403437.608605,2530,1729403437,605404544,base_link,44.98,0.0
1729403437.707206,2531,1729403437,704403008,base_link,44.98,0.0
1729403437.8104625,2532,1729403437,807403776,base_link,44.98,0.0
1729403437.908772,2533,1729403437,907405056,base_link,44.98,0.0
1729403438.0085924,2534,1729403438,5406080,base_link,44.98,0.0
1729403438.1074402,2535,1729403438,105402752,base_link,44.98,0.0
1729403438.2088788,2536,1729403438,207404032,base_link,44.98,0.0
1729403438.3101034,2537,1729403438,307405568,base_link,44.98,0.0
1729403438.4073005,2538,1729403438,404404288,base_link,44.98,0.0
1729403438.508014,2539,1729403438,505405568,base_link,44.98,0.0
1729403438.6081321,2540,1729403438,605406592,base_link,44.98,0.0
1729403438.708771,2541,1729403438,705405056,base_link,44.98,0.0
1729403438.8078802,2542,1729403438,805404800,base_link,44.98,0.0
1729403438.9086266,2543,1729403438,905404800,base_link,44.97,0.0
1729403439.0082152,2544,1729403439,5404800,base_link,44.98,0.0
1729403439.1072507,2545,1729403439,104403520,base_link,44.97,0.0
1729403439.2079356,2546,1729403439,205403264,base_link,44.98,0.0
1729403439.308928,2547,1729403439,305403520,base_link,44.97,0.0
1729403439.4077644,2548,1729403439,405405056,base_link,44.98,0.0
1729403439.5094998,2549,1729403439,507402240,base_link,44.97,0.0
1729403439.609087,2550,1729403439,605402240,base_link,44.98,0.0
1729403439.7077496,2551,1729403439,705402240,base_link,44.97,0.0
1729403439.808307,2552,1729403439,804401984,base_link,44.97,0.0
1729403439.9078126,2553,1729403439,905402240,base_link,44.97,0.0
1729403440.0112393,2554,1729403440,7402496,base_link,44.97,0.0
1729403440.1074896,2555,1729403440,105404288,base_link,44.97,0.0
1729403440.207496,2556,1729403440,204404544,base_link,44.97,0.0
1729403440.3088846,2557,1729403440,305405056,base_link,44.97,0.0
1729403440.4082744,2558,1729403440,404403520,base_link,44.97,0.0
1729403440.5083458,2559,1729403440,505401984,base_link,44.97,0.0
1729403440.6093905,2560,1729403440,607400704,base_link,44.97,0.0
1729403440.7094479,2561,1729403440,707399168,base_link,44.97,0.0
1729403440.8067257,2562,1729403440,804397888,base_link,44.97,0.0
1729403440.9093866,2563,1729403440,905396608,base_link,44.97,0.0
1729403441.0077705,2564,1729403441,5395328,base_link,44.97,0.0
1729403441.1090212,2565,1729403441,105395584,base_link,44.97,0.0
1729403441.2088766,2566,1729403441,205394560,base_link,44.97,0.0
1729403441.3090086,2567,1729403441,305393280,base_link,44.97,0.0
1729403441.4115503,2568,1729403441,405392000,base_link,44.97,0.0
1729403441.5091145,2569,1729403441,505392512,base_link,44.97,0.0
1729403441.6092303,2570,1729403441,605390976,base_link,44.97,0.0
1729403441.7083395,2571,1729403441,705389696,base_link,44.96,0.0
1729403441.8087277,2572,1729403441,805388416,base_link,44.97,0.0
1729403441.9090545,2573,1729403441,905387136,base_link,44.96,0.0
1729403442.0077746,2574,1729403442,5386112,base_link,44.97,0.0
1729403442.1077826,2575,1729403442,105385088,base_link,44.96,0.0
1729403442.20991,2576,1729403442,205384064,base_link,44.96,0.0
1729403442.309082,2577,1729403442,305383040,base_link,44.96,0.0
1729403442.4067416,2578,1729403442,405382272,base_link,44.96,0.0
1729403442.5067627,2579,1729403442,505381248,base_link,44.96,0.0
1729403442.6091359,2580,1729403442,605380224,base_link,44.96,0.0
1729403442.7096355,2581,1729403442,705379456,base_link,44.95,0.0
1729403442.8081932,2582,1729403442,805378688,base_link,44.96,0.0
1729403442.906523,2583,1729403442,905377920,base_link,44.96,0.0
1729403443.008838,2584,1729403443,5376896,base_link,44.96,0.0
1729403443.1087663,2585,1729403443,105376384,base_link,44.95,0.0
1729403443.2067215,2586,1729403443,205375872,base_link,44.95,0.0
1729403443.309811,2587,1729403443,307375616,base_link,44.96,0.0
1729403443.4088593,2588,1729403443,405374592,base_link,44.96,0.0
1729403443.5079007,2589,1729403443,505374080,base_link,44.96,0.0
1729403443.609573,2590,1729403443,605373824,base_link,44.95,0.0
1729403443.7090137,2591,1729403443,705373312,base_link,44.95,0.0
1729403443.8077366,2592,1729403443,805371776,base_link,44.95,0.0
1729403443.9074547,2593,1729403443,905371520,base_link,44.95,0.0
1729403444.0076427,2594,1729403444,5371264,base_link,44.95,0.0
1729403444.1093762,2595,1729403444,105370496,base_link,44.95,0.0
1729403444.2074206,2596,1729403444,205369984,base_link,44.95,0.0
1729403444.3083224,2597,1729403444,305369472,base_link,44.95,0.0
1729403444.40885,2598,1729403444,405368960,base_link,44.95,0.0
1729403444.506999,2599,1729403444,505368704,base_link,44.95,0.0
1729403444.6083794,2600,1729403444,605368704,base_link,44.94,0.0
1729403444.7081501,2601,1729403444,705368704,base_link,44.95,0.0
1729403444.8078344,2602,1729403444,805368448,base_link,44.95,0.0
1729403444.9069881,2603,1729403444,905368192,base_link,44.95,0.0
1729403445.0072536,2604,1729403445,5367936,base_link,44.95,0.0
1729403445.1085649,2605,1729403445,105367680,base_link,44.94,0.0
1729403445.2073238,2606,1729403445,205366912,base_link,44.94,0.0
1729403445.3085418,2607,1729403445,305367168,base_link,44.94,0.0
1729403445.4074624,2608,1729403445,405366912,base_link,44.94,0.0
1729403445.5089493,2609,1729403445,507366656,base_link,44.94,0.0
1729403445.6071718,2610,1729403445,605366656,base_link,44.94,0.0
1729403445.7071962,2611,1729403445,705366912,base_link,44.93,0.0
1729403445.8078234,2612,1729403445,805365376,base_link,44.94,0.0
1729403445.9086103,2613,1729403445,905363840,base_link,44.94,0.0
1729403446.0072713,2614,1729403446,5363840,base_link,44.93,0.0
1729403446.1072385,2615,1729403446,105363840,base_link,44.93,0.0
1729403446.2099273,2616,1729403446,205362304,base_link,44.93,0.0
1729403446.3085794,2617,1729403446,305362304,base_link,44.94,0.0
1729403446.4083529,2618,1729403446,405361024,base_link,44.93,0.0
1729403446.5094876,2619,1729403446,505359744,base_link,44.94,0.0
1729403446.6079142,2620,1729403446,605360000,base_link,44.93,0.0
1729403446.707428,2621,1729403446,705359232,base_link,44.93,0.0
1729403446.8083344,2622,1729403446,805357952,base_link,44.93,0.0
1729403446.909018,2623,1729403446,905356928,base_link,44.93,0.0
1729403447.0094366,2624,1729403447,5355648,base_link,44.92,0.0
1729403447.1090024,2625,1729403447,105356416,base_link,44.93,0.0
1729403447.209093,2626,1729403447,205356928,base_link,44.93,0.0
1729403447.3089995,2627,1729403447,305356160,base_link,44.93,0.0
1729403447.4090576,2628,1729403447,404355136,base_link,44.93,0.0
1729403447.5108278,2629,1729403447,505354368,base_link,44.93,0.0
1729403447.6085765,2630,1729403447,605353856,base_link,44.92,0.0
1729403447.7080019,2631,1729403447,705352832,base_link,44.92,0.0
1729403447.8074172,2632,1729403447,805352064,base_link,44.92,0.0
1729403447.9076047,2633,1729403447,905351040,base_link,44.92,0.0
1729403448.008849,2634,1729403448,5350272,base_link,44.92,0.0
1729403448.1093557,2635,1729403448,104351040,base_link,44.92,0.0
1729403448.2103343,2636,1729403448,205350272,base_link,44.92,0.0
1729403448.3078,2637,1729403448,305349504,base_link,44.91,0.0
1729403448.4067419,2638,1729403448,405348736,base_link,44.91,0.0
1729403448.5075767,2639,1729403448,505347712,base_link,44.92,0.0
1729403448.608984,2640,1729403448,605346944,base_link,44.92,0.0
1729403448.707539,2641,1729403448,705346176,base_link,44.91,0.0
1729403448.8079464,2642,1729403448,805345408,base_link,44.92,0.0
1729403448.9077692,2643,1729403448,905344640,base_link,44.92,0.0
1729403449.007238,2644,1729403449,5344128,base_link,44.92,0.0
1729403449.1082873,2645,1729403449,105343872,base_link,44.92,0.0
1729403449.2068412,2646,1729403449,205343360,base_link,44.92,0.0
1729403449.3094847,2647,1729403449,307342848,base_link,44.91,0.0
1729403449.4068923,2648,1729403449,405342336,base_link,44.91,0.0
1729403449.5077274,2649,1729403449,505341824,base_link,44.92,0.0
1729403449.606712,2650,1729403449,605341312,base_link,44.91,0.0
1729403449.7094169,2651,1729403449,705340544,base_link,44.91,0.0
1729403449.8072383,2652,1729403449,805340032,base_link,44.91,0.0
1729403449.907283,2653,1729403449,905340544,base_link,44.91,0.0
1729403450.0094073,2654,1729403450,5340288,base_link,44.91,0.0
1729403450.1069381,2655,1729403450,105340032,base_link,44.91,0.0
1729403450.2067623,2656,1729403450,205339776,base_link,44.9,0.0
1729403450.3083386,2657,1729403450,305339520,base_link,44.9,0.0
1729403450.408197,2658,1729403450,405339008,base_link,44.91,0.0
1729403450.5071683,2659,1729403450,505338752,base_link,44.9,0.0
1729403450.6084118,2660,1729403450,605338240,base_link,44.9,0.0
1729403450.7094176,2661,1729403450,705337728,base_link,44.91,0.0
1729403450.8088493,2662,1729403450,805337728,base_link,44.9,0.0
1729403450.9097755,2663,1729403450,905337472,base_link,44.91,0.0
1729403451.009287,2664,1729403451,5337216,base_link,44.91,0.0
1729403451.1074183,2665,1729403451,105337216,base_link,44.91,0.0
1729403451.2100081,2666,1729403451,204337216,base_link,44.9,0.0
1729403451.3073711,2667,1729403451,305336960,base_link,44.9,0.0
1729403451.4072168,2668,1729403451,405336960,base_link,44.9,0.0
1729403451.5086775,2669,1729403451,505336704,base_link,44.9,0.0
1729403451.6070213,2670,1729403451,605336704,base_link,44.9,0.0
1729403451.707183,2671,1729403451,705336704,base_link,44.9,0.0
1729403451.807465,2672,1729403451,805335936,base_link,44.9,0.0
1729403451.906945,2673,1729403451,905335936,base_link,44.9,0.0
1729403452.0070653,2674,1729403452,5335936,base_link,44.9,0.0
1729403452.1080744,2675,1729403452,105335936,base_link,44.9,0.0
1729403452.2083633,2676,1729403452,205335936,base_link,44.9,0.0
1729403452.3076296,2677,1729403452,305336448,base_link,44.9,0.0
1729403452.4084792,2678,1729403452,405336448,base_link,44.9,0.0
1729403452.507365,2679,1729403452,505337216,base_link,44.9,0.0
1729403452.6076684,2680,1729403452,605337472,base_link,44.9,0.0
1729403452.707197,2681,1729403452,705337216,base_link,44.89,0.0
1729403452.808482,2682,1729403452,805337472,base_link,44.89,0.0
1729403452.9074788,2683,1729403452,905337728,base_link,44.89,0.0
1729403453.008803,2684,1729403453,5338240,base_link,44.9,0.0
1729403453.1085699,2685,1729403453,105338752,base_link,44.89,0.0
1729403453.2074208,2686,1729403453,205337728,base_link,44.9,0.0
1729403453.3071449,2687,1729403453,304336960,base_link,44.89,0.0
1729403453.4086006,2688,1729403453,405336192,base_link,44.9,0.0
1729403453.5085347,2689,1729403453,505335424,base_link,44.89,0.0
1729403453.6077542,2690,1729403453,605334656,base_link,44.89,0.0
1729403453.7078695,2691,1729403453,705334144,base_link,44.89,0.0
1729403453.8078976,2692,1729403453,805333376,base_link,44.89,0.0
1729403453.9080322,2693,1729403453,905332352,base_link,44.89,0.0
1729403454.0076084,2694,1729403454,5331072,base_link,44.89,0.0
1729403454.108494,2695,1729403454,105332096,base_link,44.89,0.0
1729403454.2083683,2696,1729403454,205330816,base_link,44.89,0.0
1729403454.3107054,2697,1729403454,305330304,base_link,44.89,0.0
1729403454.4072576,2698,1729403454,405329792,base_link,44.89,0.0
1729403454.5085723,2699,1729403454,505329280,base_link,44.88,0.0
1729403454.609069,2700,1729403454,605327488,base_link,44.89,0.0
1729403454.7081537,2701,1729403454,705326976,base_link,44.89,0.0
1729403454.80935,2702,1729403454,805326208,base_link,44.89,0.0
1729403454.909544,2703,1729403454,905325440,base_link,44.89,0.0
1729403455.0094619,2704,1729403455,7324928,base_link,44.89,0.0
1729403455.1077049,2705,1729403455,105324416,base_link,44.89,0.0
1729403455.2090747,2706,1729403455,205323904,base_link,44.88,0.0
1729403455.3068173,2707,1729403455,304323392,base_link,44.88,0.0
1729403455.4067104,2708,1729403455,405321856,base_link,44.88,0.0
1729403455.5097563,2709,1729403455,507320576,base_link,44.89,0.0
1729403455.6074033,2710,1729403455,605320832,base_link,44.88,0.0
1729403455.7069886,2711,1729403455,705319552,base_link,44.88,0.0
1729403455.8095036,2712,1729403455,807320832,base_link,44.88,0.0
1729403455.9070098,2713,1729403455,905319552,base_link,44.88,0.0
1729403456.0097256,2714,1729403456,7320576,base_link,44.88,0.0
1729403456.10746,2715,1729403456,105319296,base_link,44.88,0.0
1729403456.2076116,2716,1729403456,205320832,base_link,44.88,0.0
1729403456.3082092,2717,1729403456,305320064,base_link,44.88,0.0
1729403456.4097273,2718,1729403456,407321600,base_link,44.88,0.0
1729403456.5077262,2719,1729403456,505320576,base_link,44.89,0.0
1729403456.609771,2720,1729403456,607319296,base_link,44.88,0.0
1729403456.7097201,2721,1729403456,707318016,base_link,44.88,0.0
1729403456.807382,2722,1729403456,805316992,base_link,44.88,0.0
1729403456.908216,2723,1729403456,904318528,base_link,44.88,0.0
1729403457.0094097,2724,1729403457,7317504,base_link,44.88,0.0
1729403457.1077268,2725,1729403457,105316224,base_link,44.88,0.0
1729403457.2081974,2726,1729403457,204315200,base_link,44.88,0.0
1729403457.309795,2727,1729403457,307316992,base_link,44.88,0.0
1729403457.409963,2728,1729403457,407316224,base_link,44.88,0.0
1729403457.508282,2729,1729403457,505315456,base_link,44.87,0.0
1729403457.609826,2730,1729403457,607317248,base_link,44.88,0.0
1729403457.708162,2731,1729403457,705316480,base_link,44.88,0.0
1729403457.8079448,2732,1729403457,805318272,base_link,44.88,0.0
1729403457.9114487,2733,1729403457,907317504,base_link,44.87,0.0
1729403458.00872,2734,1729403458,5316480,base_link,44.88,0.0
1729403458.1081269,2735,1729403458,105312896,base_link,44.88,0.0
1729403458.2087255,2736,1729403458,207312128,base_link,44.87,0.0
1729403458.3086078,2737,1729403458,305311360,base_link,44.87,0.0
1729403458.4075048,2738,1729403458,405311616,base_link,44.88,0.0
1729403458.5090003,2739,1729403458,505309056,base_link,44.87,0.0
1729403458.6076822,2740,1729403458,604308544,base_link,44.87,0.0
1729403458.709043,2741,1729403458,707309056,base_link,44.88,0.0
1729403458.8085022,2742,1729403458,805306752,base_link,44.88,0.0
1729403458.9081469,2743,1729403458,905306240,base_link,44.87,0.0
1729403459.0075536,2744,1729403459,5306752,base_link,44.88,0.0
1729403459.1093457,2745,1729403459,107307776,base_link,44.88,0.0
1729403459.2084415,2746,1729403459,205309824,base_link,44.87,0.0
1729403459.3099318,2747,1729403459,304309312,base_link,44.87,0.0
1729403459.4084492,2748,1729403459,405309824,base_link,44.87,0.0
1729403459.508948,2749,1729403459,507310336,base_link,44.87,0.0
1729403459.6086159,2750,1729403459,605311104,base_link,44.88,0.0
1729403459.7076626,2751,1729403459,705312128,base_link,44.87,0.0
1729403459.810827,2752,1729403459,807312896,base_link,44.87,0.0
1729403459.9072797,2753,1729403459,905310848,base_link,44.87,0.0
1729403460.007182,2754,1729403460,4308544,base_link,44.87,0.0
1729403460.1083395,2755,1729403460,105308288,base_link,44.87,0.0
1729403460.208427,2756,1729403460,205309056,base_link,44.87,0.0
1729403460.309511,2757,1729403460,307309824,base_link,44.87,0.0
1729403460.4094365,2758,1729403460,407308032,base_link,44.87,0.0
1729403460.5087318,2759,1729403460,505309056,base_link,44.87,0.0
1729403460.60838,2760,1729403460,605310080,base_link,44.87,0.0
1729403460.7072852,2761,1729403460,704308288,base_link,44.87,0.0
1729403460.8079097,2762,1729403460,805306240,base_link,44.87,0.0
1729403460.9091473,2763,1729403460,907304448,base_link,44.87,0.0
1729403461.0081496,2764,1729403461,5302656,base_link,44.87,0.0
1729403461.1099334,2765,1729403461,107303936,base_link,44.87,0.0
1729403461.207348,2766,1729403461,204304960,base_link,44.86,0.0
1729403461.3083117,2767,1729403461,305302912,base_link,44.87,0.0
1729403461.408208,2768,1729403461,404303936,base_link,44.87,0.0
1729403461.508026,2769,1729403461,505304960,base_link,44.87,0.0
1729403461.6096442,2770,1729403461,607305984,base_link,44.87,0.0
1729403461.7082307,2771,1729403461,705307008,base_link,44.87,0.0
1729403461.8089166,2772,1729403461,805308288,base_link,44.87,0.0
1729403461.9089143,2773,1729403461,905309312,base_link,44.86,0.0
1729403462.008374,2774,1729403462,5310592,base_link,44.87,0.0
1729403462.1091988,2775,1729403462,105311872,base_link,44.86,0.0
1729403462.209314,2776,1729403462,207313152,base_link,44.87,0.0
1729403462.307411,2777,1729403462,305313920,base_link,44.86,0.0
1729403462.4065588,2778,1729403462,404315200,base_link,44.87,0.0
1729403462.5078387,2779,1729403462,504316480,base_link,44.87,0.0
1729403462.6080577,2780,1729403462,604318016,base_link,44.86,0.0
1729403462.7094195,2781,1729403462,707316736,base_link,44.86,0.0
1729403462.80701,2782,1729403462,805317504,base_link,44.87,0.0
1729403462.9071429,2783,1729403462,905319296,base_link,44.87,0.0
1729403463.0096834,2784,1729403463,7320576,base_link,44.86,0.0
1729403463.1075227,2785,1729403463,105322624,base_link,44.87,0.0
1729403463.2097826,2786,1729403463,207323648,base_link,44.86,0.0
1729403463.3076377,2787,1729403463,305325440,base_link,44.86,0.0
1729403463.4082332,2788,1729403463,405327488,base_link,44.86,0.0
1729403463.5096247,2789,1729403463,507329280,base_link,44.87,0.0
1729403463.609669,2790,1729403463,607331072,base_link,44.86,0.0
1729403463.7080622,2791,1729403463,705332864,base_link,44.87,0.0
1729403463.806626,2792,1729403463,804331840,base_link,44.87,0.0
1729403463.9071646,2793,1729403463,905333120,base_link,44.87,0.0
1729403464.009632,2794,1729403464,7334912,base_link,44.86,0.0
1729403464.1096003,2795,1729403464,107336704,base_link,44.86,0.0
1729403464.207964,2796,1729403464,204338496,base_link,44.86,0.0
1729403464.3071897,2797,1729403464,305340544,base_link,44.86,0.0
1729403464.4089284,2798,1729403464,407342080,base_link,44.87,0.0
1729403464.5076826,2799,1729403464,505344384,base_link,44.87,0.0
1729403464.6065767,2800,1729403464,605346688,base_link,44.86,0.0
1729403464.708781,2801,1729403464,707345664,base_link,44.87,0.0
1729403464.8071675,2802,1729403464,805347712,base_link,44.87,0.0
1729403464.9079638,2803,1729403464,904349760,base_link,44.87,0.0
1729403465.007139,2804,1729403465,5351296,base_link,44.87,0.0
1729403465.1088984,2805,1729403465,107353344,base_link,44.87,0.0
1729403465.2067327,2806,1729403465,204355392,base_link,44.86,0.0
1729403465.3070803,2807,1729403465,305355904,base_link,44.87,0.0
1729403465.4090238,2808,1729403465,407356672,base_link,44.87,0.0
1729403465.5068896,2809,1729403465,505356160,base_link,44.87,0.0
1729403465.607511,2810,1729403465,605356928,base_link,44.87,0.0
1729403465.709001,2811,1729403465,707357440,base_link,44.87,0.0
1729403465.8092797,2812,1729403465,805359488,base_link,44.86,0.0
1729403465.9070678,2813,1729403465,904361792,base_link,44.87,0.0
1729403466.0076027,2814,1729403466,5362560,base_link,44.86,0.0
1729403466.108179,2815,1729403466,105364608,base_link,44.87,0.0
1729403466.2078516,2816,1729403466,205362304,base_link,44.86,0.0
1729403466.3078334,2817,1729403466,305363072,base_link,44.86,0.0
1729403466.4080865,2818,1729403466,405363584,base_link,44.87,0.0
1729403466.510277,2819,1729403466,507363840,base_link,44.87,0.0
1729403466.607039,2820,1729403466,604364608,base_link,44.87,0.0
1729403466.7090378,2821,1729403466,707362304,base_link,44.87,0.0
1729403466.8088043,2822,1729403466,805363072,base_link,44.87,0.0
1729403466.9082656,2823,1729403466,905361024,base_link,44.87,0.0
1729403467.0079875,2824,1729403467,4362048,base_link,44.87,0.0
1729403467.1090786,2825,1729403467,107361536,base_link,44.87,0.0
1729403467.2076359,2826,1729403467,205362048,base_link,44.87,0.0
1729403467.308263,2827,1729403467,305360256,base_link,44.87,0.0
1729403467.4090593,2828,1729403467,407360768,base_link,44.87,0.0
1729403467.5094163,2829,1729403467,507361792,base_link,44.87,0.0
1729403467.608387,2830,1729403467,605363328,base_link,44.87,0.0
1729403467.7070758,2831,1729403467,704364096,base_link,44.87,0.0
1729403467.8092177,2832,1729403467,807364864,base_link,44.87,0.0
1729403467.9084597,2833,1729403467,905365632,base_link,44.87,0.0
1729403468.0067945,2834,1729403468,4366912,base_link,44.87,0.0
1729403468.1087916,2835,1729403468,105368192,base_link,44.87,0.0
1729403468.2086987,2836,1729403468,205369472,base_link,44.87,0.0
1729403468.3088202,2837,1729403468,305370752,base_link,44.87,0.0
1729403468.4076285,2838,1729403468,405371776,base_link,44.87,0.0
1729403468.5069616,2839,1729403468,505373056,base_link,44.87,0.0
1729403468.6072989,2840,1729403468,605373824,base_link,44.87,0.0
1729403468.7088876,2841,1729403468,705375104,base_link,44.87,0.0
1729403468.8094025,2842,1729403468,807376384,base_link,44.87,0.0
1729403468.9072618,2843,1729403468,905377920,base_link,44.87,0.0
1729403469.006957,2844,1729403469,5376384,base_link,44.88,0.0
1729403469.1095083,2845,1729403469,107377920,base_link,44.87,0.0
1729403469.2069228,2846,1729403469,205379200,base_link,44.87,0.0
1729403469.309508,2847,1729403469,307380480,base_link,44.88,0.0
1729403469.4090378,2848,1729403469,404381504,base_link,44.88,0.0
1729403469.5093207,2849,1729403469,505382784,base_link,44.88,0.0
1729403469.6087492,2850,1729403469,605384320,base_link,44.87,0.0
1729403469.7090416,2851,1729403469,705383040,base_link,44.88,0.0
1729403469.8074224,2852,1729403469,805384576,base_link,44.87,0.0
1729403469.9078653,2853,1729403469,905386112,base_link,44.87,0.0
1729403470.0095916,2854,1729403470,7387648,base_link,44.88,0.0
1729403470.1065836,2855,1729403470,104389440,base_link,44.88,0.0
1729403470.2076983,2856,1729403470,205390976,base_link,44.87,0.0
1729403470.307741,2857,1729403470,305392768,base_link,44.88,0.0
1729403470.4085457,2858,1729403470,404394304,base_link,44.88,0.0
1729403470.5070689,2859,1729403470,505395840,base_link,44.88,0.0
1729403470.6077952,2860,1729403470,605397632,base_link,44.88,0.0
1729403470.7116725,2861,1729403470,707398912,base_link,44.88,0.0
1729403470.8099182,2862,1729403470,804400704,base_link,44.87,0.0
1729403470.9105785,2863,1729403470,905399680,base_link,44.88,0.0
1729403471.0085356,2864,1729403471,7401216,base_link,44.88,0.0
1729403471.1074855,2865,1729403471,104401472,base_link,44.89,0.0
1729403471.208412,2866,1729403471,204401728,base_link,44.88,0.0
1729403471.3087568,2867,1729403471,307401984,base_link,44.88,0.0
1729403471.4084759,2868,1729403471,407402240,base_link,44.88,0.0
1729403471.508125,2869,1729403471,504402752,base_link,44.88,0.0
1729403471.6088707,2870,1729403471,607402496,base_link,44.88,0.0
1729403471.7099452,2871,1729403471,707403264,base_link,44.88,0.0
1729403471.808118,2872,1729403471,804403776,base_link,44.88,0.0
1729403471.9103944,2873,1729403471,907404288,base_link,44.88,0.0
1729403472.0078676,2874,1729403472,5404800,base_link,44.88,0.0
1729403472.1107492,2875,1729403472,107402496,base_link,44.89,0.0
1729403472.2090056,2876,1729403472,207402496,base_link,44.88,0.0
1729403472.3088918,2877,1729403472,307402752,base_link,44.88,0.0
1729403472.407554,2878,1729403472,404403264,base_link,44.89,0.0
1729403472.5087285,2879,1729403472,504401216,base_link,44.88,0.0
1729403472.6084487,2880,1729403472,604401984,base_link,44.89,0.0
1729403472.70797,2881,1729403472,704402496,base_link,44.89,0.0
1729403472.8080223,2882,1729403472,804403008,base_link,44.89,0.0
1729403472.9094586,2883,1729403472,907403520,base_link,44.88,0.0
1729403473.009289,2884,1729403473,7401216,base_link,44.89,0.0
1729403473.1083856,2885,1729403473,104401728,base_link,44.89,0.0
1729403473.210512,2886,1729403473,207399680,base_link,44.89,0.0
1729403473.3086092,2887,1729403473,304400448,base_link,44.89,0.0
1729403473.4090126,2888,1729403473,404401216,base_link,44.89,0.0
1729403473.509419,2889,1729403473,504399424,base_link,44.89,0.0
1729403473.6090553,2890,1729403473,607404800,base_link,44.89,0.0
1729403473.7094088,2891,1729403473,707405568,base_link,44.89,0.0
1729403473.80763,2892,1729403473,804405824,base_link,44.89,0.0
1729403473.9080434,2893,1729403473,905404032,base_link,44.89,0.0
1729403474.0066967,2894,1729403474,4398656,base_link,44.89,0.0
1729403474.1098647,2895,1729403474,107399680,base_link,44.89,0.0
1729403474.2084627,2896,1729403474,204400704,base_link,44.89,0.0
1729403474.307146,2897,1729403474,304398656,base_link,44.9,0.0
1729403474.4092345,2898,1729403474,407393536,base_link,44.89,0.0
1729403474.5073597,2899,1729403474,505394816,base_link,44.9,0.0
1729403474.6109512,2900,1729403474,607393024,base_link,44.9,0.0
1729403474.7091844,2901,1729403474,707394048,base_link,44.9,0.0
1729403474.809242,2902,1729403474,807395072,base_link,44.9,0.0
1729403474.9079201,2903,1729403474,904395584,base_link,44.9,0.0
1729403475.0153723,2904,1729403475,4396864,base_link,44.9,0.0
1729403475.110536,2905,1729403475,107390720,base_link,44.9,0.0
1729403475.2077434,2906,1729403475,204392000,base_link,44.9,0.0
1729403475.307931,2907,1729403475,304393280,base_link,44.91,0.0
1729403475.4073057,2908,1729403475,404394560,base_link,44.91,0.0
1729403475.509373,2909,1729403475,507394560,base_link,44.9,0.0
1729403475.6071784,2910,1729403475,604394304,base_link,44.9,0.0
1729403475.7082076,2911,1729403475,704392768,base_link,44.9,0.0
1729403475.8097556,2912,1729403475,807393536,base_link,44.9,0.0
1729403475.9077182,2913,1729403475,904393536,base_link,44.9,0.0
1729403476.0073225,2914,1729403476,4394816,base_link,44.9,0.0
1729403476.1101437,2915,1729403476,107396352,base_link,44.9,0.0
1729403476.21014,2916,1729403476,204391488,base_link,44.9,0.0
1729403476.313035,2917,1729403476,304388672,base_link,44.9,0.0
1729403476.4071789,2918,1729403476,404388160,base_link,44.9,0.0
1729403476.5083818,2919,1729403476,504387904,base_link,44.9,0.0
1729403476.6093338,2920,1729403476,607387904,base_link,44.9,0.0
1729403476.7074862,2921,1729403476,704387904,base_link,44.9,0.0
1729403476.8083282,2922,1729403476,807389440,base_link,44.9,0.0
1729403476.9094303,2923,1729403476,907390976,base_link,44.9,0.0
1729403477.0098393,2924,1729403477,7386368,base_link,44.91,0.0
1729403477.1075826,2925,1729403477,104386368,base_link,44.9,0.0
1729403477.2074716,2926,1729403477,205386624,base_link,44.9,0.0
1729403477.3077593,2927,1729403477,304386880,base_link,44.9,0.0
1729403477.4076579,2928,1729403477,405386624,base_link,44.9,0.0
1729403477.5075977,2929,1729403477,504386880,base_link,44.9,0.0
1729403477.607353,2930,1729403477,604386880,base_link,44.9,0.0
1729403477.7074313,2931,1729403477,704387136,base_link,44.9,0.0
1729403477.8085115,2932,1729403477,807385344,base_link,44.9,0.0
1729403477.9076712,2933,1729403477,904385344,base_link,44.9,0.0
1729403478.008878,2934,1729403478,7385600,base_link,44.91,0.0
1729403478.1084268,2935,1729403478,104387392,base_link,44.9,0.0
1729403478.2082303,2936,1729403478,204387392,base_link,44.9,0.0
1729403478.3103218,2937,1729403478,307387904,base_link,44.9,0.0
1729403478.4089305,2938,1729403478,407388160,base_link,44.9,0.0
1729403478.5076337,2939,1729403478,505388160,base_link,44.9,0.0
1729403478.6090658,2940,1729403478,607388160,base_link,44.9,0.0
1729403478.7104166,2941,1729403478,707388672,base_link,44.91,0.0
1729403478.8082633,2942,1729403478,804389184,base_link,44.9,0.0
1729403478.9089203,2943,1729403478,907389696,base_link,44.9,0.0
1729403479.0087793,2944,1729403479,4390208,base_link,44.9,0.0
1729403479.109454,2945,1729403479,107390720,base_link,44.9,0.0
1729403479.2075393,2946,1729403479,205386624,base_link,44.9,0.0
1729403479.3103552,2947,1729403479,307386880,base_link,44.9,0.0
1729403479.408758,2948,1729403479,407381248,base_link,44.9,0.0
1729403479.508383,2949,1729403479,504381760,base_link,44.91,0.0
1729403479.608828,2950,1729403479,604377920,base_link,44.9,0.0
1729403479.708481,2951,1729403479,704378432,base_link,44.9,0.0
1729403479.8099535,2952,1729403479,807378944,base_link,44.9,0.0
1729403479.90847,2953,1729403479,904376640,base_link,44.91,0.0
1729403480.0091798,2954,1729403480,7377152,base_link,44.9,0.0
1729403480.1072297,2955,1729403480,104378176,base_link,44.9,0.0
1729403480.20766,2956,1729403480,204378944,base_link,44.9,0.0
1729403480.3090427,2957,1729403480,307379712,base_link,44.91,0.0
1729403480.4072008,2958,1729403480,404379968,base_link,44.9,0.0
1729403480.5080245,2959,1729403480,504380736,base_link,44.9,0.0
1729403480.6108425,2960,1729403480,607381504,base_link,44.9,0.0
1729403480.7107303,2961,1729403480,707382528,base_link,44.91,0.0
1729403480.8100135,2962,1729403480,804380480,base_link,44.9,0.0
1729403480.9087698,2963,1729403480,907378688,base_link,44.91,0.0
1729403481.006997,2964,1729403481,4379456,base_link,44.9,0.0
1729403481.109578,2965,1729403481,107380480,base_link,44.9,0.0
1729403481.2069247,2966,1729403481,204375104,base_link,44.89,0.0
1729403481.3068883,2967,1729403481,304374080,base_link,44.9,0.0
1729403481.4077578,2968,1729403481,405374848,base_link,44.9,0.0
1729403481.5082428,2969,1729403481,504375872,base_link,44.9,0.0
1729403481.6090417,2970,1729403481,607376896,base_link,44.9,0.0
1729403481.7071998,2971,1729403481,704377920,base_link,44.9,0.0
1729403481.8070958,2972,1729403481,804378944,base_link,44.9,0.0
1729403481.906784,2973,1729403481,904380224,base_link,44.9,0.0
1729403482.0079021,2974,1729403482,4375360,base_link,44.91,0.0
1729403482.106928,2975,1729403482,104376128,base_link,44.9,0.0
1729403482.2091315,2976,1729403482,207372800,base_link,44.9,0.0
1729403482.3081288,2977,1729403482,304374336,base_link,44.9,0.0
1729403482.4099097,2978,1729403482,407375360,base_link,44.9,0.0
1729403482.5093446,2979,1729403482,507375104,base_link,44.9,0.0
1729403482.6074266,2980,1729403482,604375104,base_link,44.9,0.0
1729403482.7083595,2981,1729403482,707372288,base_link,44.9,0.0
1729403482.8075094,2982,1729403482,805372032,base_link,44.9,0.0
1729403482.907847,2983,1729403482,904372032,base_link,44.9,0.0
1729403483.0094194,2984,1729403483,7373056,base_link,44.9,0.0
1729403483.1096478,2985,1729403483,107367936,base_link,44.9,0.0
1729403483.2082374,2986,1729403483,204369216,base_link,44.9,0.0
1729403483.307231,2987,1729403483,304369472,base_link,44.9,0.0
1729403483.407925,2988,1729403483,404371008,base_link,44.9,0.0
1729403483.5094504,2989,1729403483,507372544,base_link,44.9,0.0
1729403483.6072688,2990,1729403483,604372800,base_link,44.9,0.0
1729403483.7072186,2991,1729403483,704372288,base_link,44.9,0.0
1729403483.80743,2992,1729403483,804369216,base_link,44.89,0.0
1729403483.9072976,2993,1729403483,904369216,base_link,44.9,0.0
1729403484.0105648,2994,1729403484,7366656,base_link,44.9,0.0
1729403484.1098812,2995,1729403484,107365376,base_link,44.9,0.0
1729403484.2077084,2996,1729403484,204365376,base_link,44.9,0.0
1729403484.3082812,2997,1729403484,304362560,base_link,44.89,0.0
1729403484.408161,2998,1729403484,404360768,base_link,44.9,0.0
1729403484.5087094,2999,1729403484,507361280,base_link,44.9,0.0
1729403484.6092625,3000,1729403484,607361536,base_link,44.9,0.0
1729403484.7072182,3001,1729403484,704358976,base_link,44.9,0.0
1729403484.8075206,3002,1729403484,804357952,base_link,44.9,0.0
1729403484.908457,3003,1729403484,904355648,base_link,44.9,0.0
1729403485.0072877,3004,1729403485,4351296,base_link,44.9,0.0
1729403485.1070173,3005,1729403485,104351808,base_link,44.9,0.0
1729403485.2087517,3006,1729403485,207352320,base_link,44.9,0.0
1729403485.3096619,3007,1729403485,307350016,base_link,44.9,0.0
1729403485.408162,3008,1729403485,404350528,base_link,44.9,0.0
1729403485.5079598,3009,1729403485,505346688,base_link,44.9,0.0
1729403485.6083748,3010,1729403485,605347456,base_link,44.9,0.0
1729403485.7088776,3011,1729403485,704348224,base_link,44.9,0.0
1729403485.8088694,3012,1729403485,807348736,base_link,44.9,0.0
1729403485.9077682,3013,1729403485,904349248,base_link,44.9,0.0
1729403486.0077226,3014,1729403486,4350016,base_link,44.9,0.0
1729403486.108852,3015,1729403486,107351040,base_link,44.9,0.0
1729403486.2080812,3016,1729403486,204351808,base_link,44.9,0.0
1729403486.3110847,3017,1729403486,307352576,base_link,44.9,0.0
1729403486.4087262,3018,1729403486,407353344,base_link,44.9,0.0
1729403486.5068848,3019,1729403486,504352320,base_link,44.9,0.0
1729403486.6090102,3020,1729403486,607352832,base_link,44.9,0.0
1729403486.7070327,3021,1729403486,704350784,base_link,44.9,0.0
1729403486.8091762,3022,1729403486,807351808,base_link,44.9,0.0
1729403486.9088223,3023,1729403486,907353088,base_link,44.9,0.0
1729403487.0090978,3024,1729403487,7353600,base_link,44.9,0.0
1729403487.1108522,3025,1729403487,107347200,base_link,44.89,0.0
1729403487.2078874,3026,1729403487,204346176,base_link,44.9,0.0
1729403487.3090014,3027,1729403487,307347200,base_link,44.89,0.0
1729403487.4080043,3028,1729403487,404345408,base_link,44.89,0.0
1729403487.5076463,3029,1729403487,505345920,base_link,44.89,0.0
1729403487.6090832,3030,1729403487,607346944,base_link,44.89,0.0
1729403487.7096388,3031,1729403487,707348224,base_link,44.89,0.0
1729403487.807125,3032,1729403487,804346688,base_link,44.89,0.0
1729403487.9089732,3033,1729403487,907345920,base_link,44.9,0.0
1729403488.0075042,3034,1729403488,4347200,base_link,44.89,0.0
1729403488.1089828,3035,1729403488,107344128,base_link,44.89,0.0
1729403488.209556,3036,1729403488,207343360,base_link,44.89,0.0
1729403488.306836,3037,1729403488,304341824,base_link,44.89,0.0
1729403488.409251,3038,1729403488,407340800,base_link,44.89,0.0
1729403488.5063362,3039,1729403488,504340544,base_link,44.89,0.0
1729403488.609997,3040,1729403488,607340032,base_link,44.88,0.0
1729403488.7076185,3041,1729403488,704338240,base_link,44.89,0.0
1729403488.8096504,3042,1729403488,804337984,base_link,44.88,0.0
1729403488.9078662,3043,1729403488,904337728,base_link,44.88,0.0
1729403489.0091598,3044,1729403489,7337472,base_link,44.89,0.0
1729403489.1081123,3045,1729403489,104337216,base_link,44.88,0.0
1729403489.2071552,3046,1729403489,204336704,base_link,44.88,0.0
1729403489.307234,3047,1729403489,304336192,base_link,44.88,0.0
1729403489.4091146,3048,1729403489,407334400,base_link,44.88,0.0
1729403489.5094175,3049,1729403489,507334400,base_link,44.88,0.0
1729403489.6083813,3050,1729403489,604333888,base_link,44.88,0.0
1729403489.7077975,3051,1729403489,704332096,base_link,44.88,0.0
1729403489.8070881,3052,1729403489,804331840,base_link,44.88,0.0
1729403489.9067228,3053,1729403489,904331840,base_link,44.88,0.0
1729403490.009446,3054,1729403490,7331584,base_link,44.88,0.0
1729403490.1094813,3055,1729403490,107331584,base_link,44.88,0.0
1729403490.2077396,3056,1729403490,204331584,base_link,44.88,0.0
1729403490.3071358,3057,1729403490,304329792,base_link,44.88,0.0
1729403490.4074066,3058,1729403490,404329792,base_link,44.88,0.0
1729403490.5081651,3059,1729403490,504328000,base_link,44.88,0.0
1729403490.606999,3060,1729403490,604326720,base_link,44.88,0.0
1729403490.7093098,3061,1729403490,707325440,base_link,44.87,0.0
1729403490.807107,3062,1729403490,804323904,base_link,44.88,0.0
1729403490.9066486,3063,1729403490,904322624,base_link,44.88,0.0
1729403491.0095239,3064,1729403491,7321088,base_link,44.87,0.0
1729403491.1095235,3065,1729403491,107321088,base_link,44.87,0.0
1729403491.2071738,3066,1729403491,204319808,base_link,44.87,0.0
1729403491.3066497,3067,1729403491,304318784,base_link,44.88,0.0
1729403491.4084105,3068,1729403491,407316992,base_link,44.88,0.0
1729403491.5074344,3069,1729403491,505315712,base_link,44.87,0.0
1729403491.6082299,3070,1729403491,604314432,base_link,44.87,0.0
1729403491.7087092,3071,1729403491,707312896,base_link,44.87,0.0
1729403491.8078144,3072,1729403491,804311360,base_link,44.87,0.0
1729403491.9086196,3073,1729403491,907310080,base_link,44.87,0.0
1729403492.0067954,3074,1729403492,4308800,base_link,44.87,0.0
1729403492.1074078,3075,1729403492,104307776,base_link,44.87,0.0
1729403492.2087612,3076,1729403492,207306752,base_link,44.86,0.0
1729403492.3069725,3077,1729403492,304305728,base_link,44.87,0.0
1729403492.4087124,3078,1729403492,407304704,base_link,44.87,0.0
1729403492.5078235,3079,1729403492,504303424,base_link,44.86,0.0
1729403492.6086,3080,1729403492,604302144,base_link,44.87,0.0
1729403492.7083282,3081,1729403492,704300864,base_link,44.86,0.0
1729403492.808844,3082,1729403492,807299840,base_link,44.86,0.0
1729403492.9077866,3083,1729403492,904298816,base_link,44.86,0.0
1729403493.0058858,3084,1729403493,4298048,base_link,44.85,0.0
1729403493.1069758,3085,1729403493,104297280,base_link,44.86,0.0
1729403493.2063844,3086,1729403493,204296256,base_link,44.86,0.0
1729403493.308441,3087,1729403493,304295232,base_link,44.86,0.0
1729403493.407284,3088,1729403493,404294208,base_link,44.85,0.0
1729403493.5087233,3089,1729403493,507293184,base_link,44.85,0.0
1729403493.6067903,3090,1729403493,604292160,base_link,44.85,0.0
1729403493.7065287,3091,1729403493,704291648,base_link,44.85,0.0
1729403493.8063886,3092,1729403493,804290112,base_link,44.85,0.0
1729403493.9083192,3093,1729403493,904289344,base_link,44.85,0.0
1729403494.008503,3094,1729403494,4288576,base_link,44.85,0.0
1729403494.106561,3095,1729403494,104288064,base_link,44.85,0.0
1729403494.206503,3096,1729403494,204287296,base_link,44.85,0.0
1729403494.307319,3097,1729403494,304286528,base_link,44.84,0.0
1729403494.4078526,3098,1729403494,404286016,base_link,44.85,0.0
1729403494.5070205,3099,1729403494,504285248,base_link,44.84,0.0
1729403494.609703,3100,1729403494,607284480,base_link,44.84,0.0
1729403494.7090485,3101,1729403494,707283200,base_link,44.84,0.0
1729403494.8061266,3102,1729403494,804282432,base_link,44.83,0.0
1729403494.906889,3103,1729403494,904281920,base_link,44.84,0.0
1729403495.0069041,3104,1729403495,4281152,base_link,44.84,0.0
1729403495.1089118,3105,1729403495,104278080,base_link,44.83,0.0
1729403495.2077858,3106,1729403495,205277312,base_link,44.84,0.0
1729403495.3075738,3107,1729403495,304276800,base_link,44.84,0.0
1729403495.4089844,3108,1729403495,404276544,base_link,44.84,0.0
1729403495.5088952,3109,1729403495,504276544,base_link,44.83,0.0
1729403495.6090796,3110,1729403495,607276288,base_link,44.83,0.0
1729403495.7067304,3111,1729403495,704276032,base_link,44.83,0.0
1729403495.808904,3112,1729403495,807275776,base_link,44.83,0.0
1729403495.9073613,3113,1729403495,904275520,base_link,44.83,0.0
1729403496.0092015,3114,1729403496,7275264,base_link,44.83,0.0
1729403496.109161,3115,1729403496,107275264,base_link,44.83,0.0
1729403496.2081456,3116,1729403496,204275264,base_link,44.83,0.0
1729403496.3076446,3117,1729403496,304272704,base_link,44.83,0.0
1729403496.4071157,3118,1729403496,404272704,base_link,44.83,0.0
1729403496.5068603,3119,1729403496,504272704,base_link,44.83,0.0
1729403496.6103566,3120,1729403496,607272704,base_link,44.83,0.0
1729403496.709301,3121,1729403496,707272960,base_link,44.82,0.0
1729403496.8068466,3122,1729403496,804272704,base_link,44.82,0.0
1729403496.906371,3123,1729403496,904271168,base_link,44.83,0.0
1729403497.0093954,3124,1729403497,7271168,base_link,44.83,0.0
1729403497.1070387,3125,1729403497,104268864,base_link,44.82,0.0
1729403497.208098,3126,1729403497,205267328,base_link,44.82,0.0
1729403497.3084304,3127,1729403497,304266048,base_link,44.82,0.0
1729403497.409577,3128,1729403497,407264768,base_link,44.82,0.0
1729403497.5083504,3129,1729403497,504263488,base_link,44.82,0.0
1729403497.60957,3130,1729403497,607262208,base_link,44.82,0.0
1729403497.7088766,3131,1729403497,704260928,base_link,44.82,0.0
1729403497.807775,3132,1729403497,804259648,base_link,44.81,0.0
1729403497.9094977,3133,1729403497,904258624,base_link,44.82,0.0
1729403498.0085034,3134,1729403498,7256832,base_link,44.82,0.0
1729403498.1079242,3135,1729403498,105255808,base_link,44.82,0.0
1729403498.2070286,3136,1729403498,204254784,base_link,44.82,0.0
1729403498.3075264,3137,1729403498,304253504,base_link,44.82,0.0
1729403498.4066694,3138,1729403498,404253504,base_link,44.82,0.0
1729403498.506716,3139,1729403498,504252480,base_link,44.81,0.0
1729403498.605765,3140,1729403498,604251712,base_link,44.82,0.0
1729403498.7066607,3141,1729403498,704250688,base_link,44.82,0.0
1729403498.807762,3142,1729403498,804249664,base_link,44.81,0.0
1729403498.909117,3143,1729403498,904250176,base_link,44.81,0.0
1729403499.0075128,3144,1729403499,4249152,base_link,44.81,0.0
1729403499.108656,3145,1729403499,107248128,base_link,44.81,0.0
1729403499.2085001,3146,1729403499,204247104,base_link,44.82,0.0
1729403499.3074596,3147,1729403499,304246336,base_link,44.81,0.0
1729403499.4094,3148,1729403499,407245568,base_link,44.82,0.0
1729403499.5064907,3149,1729403499,504244800,base_link,44.82,0.0
1729403499.6067767,3150,1729403499,604244032,base_link,44.81,0.0
1729403499.7083123,3151,1729403499,704243264,base_link,44.81,0.0
1729403499.808932,3152,1729403499,807242496,base_link,44.81,0.0
1729403499.9066315,3153,1729403499,904241472,base_link,44.81,0.0
1729403500.0086396,3154,1729403500,7240704,base_link,44.81,0.0
1729403500.1085026,3155,1729403500,105235840,base_link,44.81,0.0
1729403500.2087345,3156,1729403500,204236864,base_link,44.81,0.0
1729403500.3082092,3157,1729403500,304236352,base_link,44.81,0.0
1729403500.4094353,3158,1729403500,407236608,base_link,44.81,0.0
1729403500.5094967,3159,1729403500,507235840,base_link,44.81,0.0
1729403500.6075332,3160,1729403500,604235328,base_link,44.81,0.0
1729403500.7072415,3161,1729403500,704234816,base_link,44.81,0.0
1729403500.8076658,3162,1729403500,804235840,base_link,44.81,0.0
1729403500.906868,3163,1729403500,905235328,base_link,44.81,0.0
1729403501.0062075,3164,1729403501,4234560,base_link,44.81,0.0
1729403501.109091,3165,1729403501,107234048,base_link,44.8,0.0
1729403501.2090623,3166,1729403501,207233536,base_link,44.81,0.0
1729403501.3060274,3167,1729403501,304232768,base_link,44.8,0.0
1729403501.4072332,3168,1729403501,405232512,base_link,44.8,0.0
1729403501.5071828,3169,1729403501,504232000,base_link,44.81,0.0
1729403501.6090548,3170,1729403501,607231488,base_link,44.8,0.0
1729403501.7071474,3171,1729403501,704231232,base_link,44.81,0.0
1729403501.808914,3172,1729403501,807230976,base_link,44.81,0.0
1729403501.9064841,3173,1729403501,904228928,base_link,44.81,0.0
1729403502.00663,3174,1729403502,4228416,base_link,44.8,0.0
1729403502.1089077,3175,1729403502,107228160,base_link,44.81,0.0
1729403502.2060854,3176,1729403502,204227648,base_link,44.8,0.0
1729403502.3090732,3177,1729403502,307225856,base_link,44.8,0.0
1729403502.4067864,3178,1729403502,404225600,base_link,44.8,0.0
1729403502.5071063,3179,1729403502,504224064,base_link,44.79,0.0
1729403502.6068048,3180,1729403502,605222016,base_link,44.8,0.0
1729403502.7092948,3181,1729403502,707220480,base_link,44.81,0.0
1729403502.809331,3182,1729403502,804219968,base_link,44.8,0.0
1729403502.908861,3183,1729403502,904218432,base_link,44.8,0.0
1729403503.0101502,3184,1729403503,7218432,base_link,44.8,0.0
1729403503.1070187,3185,1729403503,104218432,base_link,44.8,0.0
1729403503.20941,3186,1729403503,207216896,base_link,44.8,0.0
1729403503.307195,3187,1729403503,304216896,base_link,44.8,0.0
1729403503.406848,3188,1729403503,404216640,base_link,44.8,0.0
1729403503.5069044,3189,1729403503,505214592,base_link,44.79,0.0
1729403503.606932,3190,1729403503,605213056,base_link,44.8,0.0
1729403503.7093368,3191,1729403503,707211264,base_link,44.79,0.0
1729403503.8092291,3192,1729403503,807209984,base_link,44.79,0.0
1729403503.9085073,3193,1729403503,907208448,base_link,44.79,0.0
1729403504.006327,3194,1729403504,4207168,base_link,44.79,0.0
1729403504.1074972,3195,1729403504,104207424,base_link,44.8,0.0
1729403504.2085009,3196,1729403504,207205120,base_link,44.79,0.0
1729403504.3071294,3197,1729403504,304202560,base_link,44.79,0.0
1729403504.4103668,3198,1729403504,407203072,base_link,44.79,0.0
1729403504.5084484,3199,1729403504,504201536,base_link,44.79,0.0
1729403504.6083558,3200,1729403504,604201792,base_link,44.79,0.0
1729403504.708356,3201,1729403504,707199488,base_link,44.79,0.0
1729403504.807339,3202,1729403504,804197440,base_link,44.79,0.0
1729403504.9065366,3203,1729403504,904195392,base_link,44.8,0.0
1729403505.007964,3204,1729403505,4193088,base_link,44.79,0.0
1729403505.1084318,3205,1729403505,107188992,base_link,44.79,0.0
1729403505.2074392,3206,1729403505,204190016,base_link,44.79,0.0
1729403505.3075404,3207,1729403505,305192832,base_link,44.79,0.0
1729403505.4083948,3208,1729403505,407190528,base_link,44.79,0.0
1729403505.5093884,3209,1729403505,504188736,base_link,44.79,0.0
1729403505.6081007,3210,1729403505,604187968,base_link,44.79,0.0
1729403505.7103033,3211,1729403505,707188992,base_link,44.79,0.0
1729403505.808506,3212,1729403505,804187200,base_link,44.78,0.0
1729403505.9083867,3213,1729403505,904185664,base_link,44.78,0.0
1729403506.0072381,3214,1729403506,4183872,base_link,44.78,0.0
1729403506.1087425,3215,1729403506,107182336,base_link,44.78,0.0
1729403506.2093604,3216,1729403506,207180800,base_link,44.78,0.0
1729403506.3085415,3217,1729403506,304179264,base_link,44.78,0.0
1729403506.4086735,3218,1729403506,407180288,base_link,44.79,0.0
1729403506.5088995,3219,1729403506,507178752,base_link,44.79,0.0
1729403506.6077983,3220,1729403506,604177472,base_link,44.78,0.0
1729403506.7077403,3221,1729403506,704175936,base_link,44.78,0.0
1729403506.8091493,3222,1729403506,807176960,base_link,44.78,0.0
1729403506.9087853,3223,1729403506,905175424,base_link,44.78,0.0
1729403507.008751,3224,1729403507,4174912,base_link,44.77,0.0
1729403507.1086903,3225,1729403507,105169024,base_link,44.78,0.0
1729403507.2093718,3226,1729403507,204168256,base_link,44.78,0.0
1729403507.3080463,3227,1729403507,304167488,base_link,44.78,0.0
1729403507.4109397,3228,1729403507,407168768,base_link,44.78,0.0
1729403507.5065362,3229,1729403507,504167232,base_link,44.78,0.0
1729403507.606742,3230,1729403507,604165696,base_link,44.78,0.0
1729403507.7087905,3231,1729403507,707164160,base_link,44.78,0.0
1729403507.8074718,3232,1729403507,804162624,base_link,44.78,0.0
1729403507.9079618,3233,1729403507,904163904,base_link,44.78,0.0
1729403508.0085754,3234,1729403508,5162368,base_link,44.77,0.0
1729403508.1088982,3235,1729403508,107160832,base_link,44.77,0.0
1729403508.2068775,3236,1729403508,204162368,base_link,44.77,0.0
1729403508.3069084,3237,1729403508,304161088,base_link,44.77,0.0
1729403508.4070842,3238,1729403508,404159552,base_link,44.77,0.0
1729403508.5093384,3239,1729403508,507156480,base_link,44.77,0.0
1729403508.6093192,3240,1729403508,604156736,base_link,44.77,0.0
1729403508.7089603,3241,1729403508,707155456,base_link,44.77,0.0
1729403508.808177,3242,1729403508,804156736,base_link,44.77,0.0
1729403508.9067898,3243,1729403508,904152128,base_link,44.77,0.0
1729403509.0073113,3244,1729403509,4151872,base_link,44.77,0.0
1729403509.1069498,3245,1729403509,105153408,base_link,44.77,0.0
1729403509.207098,3246,1729403509,204153664,base_link,44.77,0.0
1729403509.3069494,3247,1729403509,304150848,base_link,44.77,0.0
1729403509.4078085,3248,1729403509,404148032,base_link,44.77,0.0
1729403509.511055,3249,1729403509,507145472,base_link,44.77,0.0
1729403509.6073372,3250,1729403509,604147264,base_link,44.77,0.0
1729403509.7072818,3251,1729403509,704144704,base_link,44.76,0.0
1729403509.8069208,3252,1729403509,805144704,base_link,44.77,0.0
1729403509.9078176,3253,1729403509,904142144,base_link,44.77,0.0
1729403510.0077791,3254,1729403510,4143680,base_link,44.77,0.0
1729403510.1081166,3255,1729403510,107138304,base_link,44.77,0.0
1729403510.2072825,3256,1729403510,205135744,base_link,44.76,0.0
1729403510.3078597,3257,1729403510,304132928,base_link,44.77,0.0
1729403510.4071531,3258,1729403510,404130624,base_link,44.77,0.0
1729403510.5076005,3259,1729403510,504128320,base_link,44.76,0.0
1729403510.60694,3260,1729403510,604128576,base_link,44.76,0.0
1729403510.708199,3261,1729403510,707129088,base_link,44.76,0.0
1729403510.8069642,3262,1729403510,805126784,base_link,44.76,0.0
1729403510.907746,3263,1729403510,904131648,base_link,44.76,0.0
1729403511.0082788,3264,1729403511,4131904,base_link,44.76,0.0
1729403511.1082408,3265,1729403511,104129856,base_link,44.76,0.0
1729403511.2075589,3266,1729403511,204130112,base_link,44.76,0.0
1729403511.3082485,3267,1729403511,307127808,base_link,44.76,0.0
1729403511.408468,3268,1729403511,407125504,base_link,44.76,0.0
1729403511.5075815,3269,1729403511,504123200,base_link,44.76,0.0
1729403511.6072693,3270,1729403511,604123968,base_link,44.76,0.0
1729403511.7086833,3271,1729403511,707121664,base_link,44.76,0.0
1729403511.8085976,3272,1729403511,807119360,base_link,44.76,0.0
1729403511.9076962,3273,1729403511,904117312,base_link,44.76,0.0
1729403512.010472,3274,1729403512,4115264,base_link,44.76,0.0
1729403512.1078918,3275,1729403512,104113216,base_link,44.76,0.0
1729403512.2083936,3276,1729403512,207112192,base_link,44.76,0.0
1729403512.307531,3277,1729403512,304112704,base_link,44.75,0.0
1729403512.409972,3278,1729403512,407110656,base_link,44.76,0.0
1729403512.5073075,3279,1729403512,505108608,base_link,44.76,0.0
1729403512.6075134,3280,1729403512,604106560,base_link,44.76,0.0
1729403512.7100956,3281,1729403512,707107328,base_link,44.75,0.0
1729403512.8073504,3282,1729403512,805107840,base_link,44.75,0.0
1729403512.9063125,3283,1729403512,904105792,base_link,44.76,0.0
1729403513.0084953,3284,1729403513,7104000,base_link,44.76,0.0
1729403513.1063745,3285,1729403513,104102464,base_link,44.76,0.0
1729403513.2076077,3286,1729403513,205100928,base_link,44.76,0.0
1729403513.3086605,3287,1729403513,307102208,base_link,44.76,0.0
1729403513.4086006,3288,1729403513,407097088,base_link,44.76,0.0
1729403513.510377,3289,1729403513,507098368,base_link,44.75,0.0
1729403513.6063588,3290,1729403513,604099136,base_link,44.75,0.0
1729403513.7063549,3291,1729403513,704097600,base_link,44.74,0.0
1729403513.8070934,3292,1729403513,804096064,base_link,44.75,0.0
1729403513.911041,3293,1729403513,907094784,base_link,44.75,0.0
1729403514.0059223,3294,1729403514,4093248,base_link,44.75,0.0
1729403514.1067405,3295,1729403514,105091712,base_link,44.75,0.0
1729403514.2072134,3296,1729403514,204090176,base_link,44.75,0.0
1729403514.3086812,3297,1729403514,307088640,base_link,44.75,0.0
1729403514.406324,3298,1729403514,404086848,base_link,44.74,0.0
1729403514.508867,3299,1729403514,507088128,base_link,44.75,0.0
1729403514.6088839,3300,1729403514,607086848,base_link,44.75,0.0
1729403514.7071476,3301,1729403514,704089664,base_link,44.75,0.0
1729403514.8102527,3302,1729403514,807085056,base_link,44.74,0.0
1729403514.908743,3303,1729403514,907085056,base_link,44.75,0.0
1729403515.0068269,3304,1729403515,4086592,base_link,44.74,0.0
1729403515.106825,3305,1729403515,104085312,base_link,44.75,0.0
1729403515.2087955,3306,1729403515,207085056,base_link,44.75,0.0
1729403515.3091936,3307,1729403515,307083776,base_link,44.74,0.0
1729403515.4073822,3308,1729403515,404083264,base_link,44.75,0.0
1729403515.5105124,3309,1729403515,507083264,base_link,44.74,0.0
1729403515.60902,3310,1729403515,607084544,base_link,44.74,0.0
1729403515.7067013,3311,1729403515,705084544,base_link,44.75,0.0
1729403515.8090625,3312,1729403515,807084544,base_link,44.74,0.0
1729403515.9073596,3313,1729403515,904086080,base_link,44.74,0.0
1729403516.0090842,3314,1729403516,7086336,base_link,44.74,0.0
1729403516.1092763,3315,1729403516,107088128,base_link,44.74,0.0
1729403516.2100687,3316,1729403516,207088384,base_link,44.74,0.0
1729403516.3072486,3317,1729403516,304083776,base_link,44.74,0.0
1729403516.4069283,3318,1729403516,404084032,base_link,44.74,0.0
1729403516.5068629,3319,1729403516,504081472,base_link,44.74,0.0
1729403516.607804,3320,1729403516,604081728,base_link,44.74,0.0
1729403516.7098053,3321,1729403516,707081984,base_link,44.74,0.0
1729403516.807568,3322,1729403516,805079168,base_link,44.74,0.0
1729403516.9076777,3323,1729403516,904075072,base_link,44.74,0.0
1729403517.0084724,3324,1729403517,7075328,base_link,44.73,0.0
1729403517.1079752,3325,1729403517,104076096,base_link,44.74,0.0
1729403517.208393,3326,1729403517,207071744,base_link,44.73,0.0
1729403517.3081007,3327,1729403517,304072256,base_link,44.74,0.0
1729403517.4083035,3328,1729403517,407069952,base_link,44.73,0.0
1729403517.5088954,3329,1729403517,504070720,base_link,44.73,0.0
1729403517.608214,3330,1729403517,607071232,base_link,44.73,0.0
1729403517.7082088,3331,1729403517,704069184,base_link,44.73,0.0
1729403517.808085,3332,1729403517,805069184,base_link,44.73,0.0
1729403517.9084072,3333,1729403517,907069696,base_link,44.74,0.0
1729403518.008548,3334,1729403518,7070208,base_link,44.73,0.0
1729403518.1097507,3335,1729403518,107066112,base_link,44.73,0.0
1729403518.207594,3336,1729403518,204063808,base_link,44.73,0.0
1729403518.3082447,3337,1729403518,307064576,base_link,44.73,0.0
1729403518.4075713,3338,1729403518,404062528,base_link,44.73,0.0
1729403518.5089772,3339,1729403518,507063296,base_link,44.73,0.0
1729403518.6073081,3340,1729403518,604059712,base_link,44.73,0.0
1729403518.710757,3341,1729403518,707060736,base_link,44.73,0.0
1729403518.8085408,3342,1729403518,804061504,base_link,44.73,0.0
1729403518.908556,3343,1729403518,907057408,base_link,44.72,0.0
1729403519.007342,3344,1729403519,5057664,base_link,44.72,0.0
1729403519.1084228,3345,1729403519,107055616,base_link,44.73,0.0
1729403519.2086718,3346,1729403519,207056384,base_link,44.72,0.0
1729403519.3065715,3347,1729403519,304055360,base_link,44.72,0.0
1729403519.4060793,3348,1729403519,404054592,base_link,44.72,0.0
1729403519.5079842,3349,1729403519,504054080,base_link,44.72,0.0
1729403519.608558,3350,1729403519,607053312,base_link,44.72,0.0
1729403519.7071064,3351,1729403519,704052288,base_link,44.71,0.0
1729403519.8056934,3352,1729403519,804051776,base_link,44.72,0.0
1729403519.9061763,3353,1729403519,904050752,base_link,44.72,0.0
1729403520.0062659,3354,1729403520,4049728,base_link,44.71,0.0
1729403520.1074836,3355,1729403520,105047680,base_link,44.72,0.0
1729403520.2086134,3356,1729403520,207046912,base_link,44.72,0.0
1729403520.3087308,3357,1729403520,307046144,base_link,44.71,0.0
1729403520.4070783,3358,1729403520,404045376,base_link,44.71,0.0
1729403520.5086339,3359,1729403520,507044864,base_link,44.71,0.0
1729403520.6071665,3360,1729403520,604044352,base_link,44.72,0.0
1729403520.70868,3361,1729403520,707043584,base_link,44.71,0.0
1729403520.8087537,3362,1729403520,807042816,base_link,44.71,0.0
1729403520.9057877,3363,1729403520,904042304,base_link,44.71,0.0
1729403521.0085878,3364,1729403521,7041792,base_link,44.71,0.0
1729403521.108588,3365,1729403521,107041024,base_link,44.71,0.0
1729403521.2069538,3366,1729403521,204040768,base_link,44.71,0.0
1729403521.3067896,3367,1729403521,304040256,base_link,44.71,0.0
1729403521.4087362,3368,1729403521,407039744,base_link,44.71,0.0
1729403521.507538,3369,1729403521,504037696,base_link,44.7,0.0
1729403521.6058114,3370,1729403521,604037696,base_link,44.7,0.0
1729403521.7064018,3371,1729403521,704037184,base_link,44.7,0.0
1729403521.8064995,3372,1729403521,804035392,base_link,44.7,0.0
1729403521.907625,3373,1729403521,904035136,base_link,44.7,0.0
1729403522.0065072,3374,1729403522,4034624,base_link,44.7,0.0
1729403522.1065478,3375,1729403522,104034368,base_link,44.7,0.0
1729403522.2077782,3376,1729403522,204033856,base_link,44.7,0.0
1729403522.3073854,3377,1729403522,304032320,base_link,44.7,0.0
1729403522.407187,3378,1729403522,405030272,base_link,44.7,0.0
1729403522.5094407,3379,1729403522,507028480,base_link,44.7,0.0
1729403522.6122572,3380,1729403522,604028224,base_link,44.7,0.0
1729403522.7058012,3381,1729403522,704026432,base_link,44.7,0.0
1729403522.806872,3382,1729403522,804026432,base_link,44.7,0.0
1729403522.9094186,3383,1729403522,904024640,base_link,44.7,0.0
1729403523.0080907,3384,1729403523,4024384,base_link,44.69,0.0
1729403523.1084921,3385,1729403523,105024128,base_link,44.69,0.0
1729403523.2083678,3386,1729403523,204023616,base_link,44.7,0.0
1729403523.309205,3387,1729403523,304021312,base_link,44.7,0.0
1729403523.4080057,3388,1729403523,405019776,base_link,44.69,0.0
1729403523.5065455,3389,1729403523,504017984,base_link,44.7,0.0
1729403523.6079369,3390,1729403523,605016448,base_link,44.69,0.0
1729403523.706181,3391,1729403523,704014912,base_link,44.7,0.0
1729403523.807545,3392,1729403523,804013376,base_link,44.69,0.0
1729403523.9073565,3393,1729403523,904012096,base_link,44.69,0.0
1729403524.007703,3394,1729403524,4010816,base_link,44.69,0.0
1729403524.1073203,3395,1729403524,104010816,base_link,44.7,0.0
1729403524.2077425,3396,1729403524,205009024,base_link,44.7,0.0
1729403524.3095334,3397,1729403524,306007744,base_link,44.69,0.0
1729403524.4061663,3398,1729403524,403004928,base_link,44.68,0.0
1729403524.5142777,3399,1729403524,504004672,base_link,44.68,0.0
1729403524.6200335,3400,1729403524,605004672,base_link,44.68,0.0
1729403524.71519,3401,1729403524,705039488,base_link,44.7,0.0
1729403524.8131728,3402,1729403524,806039488,base_link,44.69,0.0
1729403524.9191875,3403,1729403524,908039488,base_link,44.69,0.0
1729403525.007256,3404,1729403525,5043840,base_link,44.69,0.0
1729403525.1073854,3405,1729403525,105042048,base_link,44.69,0.0
1729403525.2076855,3406,1729403525,204040256,base_link,44.69,0.0
1729403525.3072534,3407,1729403525,305038208,base_link,44.69,0.0
1729403525.407073,3408,1729403525,405036416,base_link,44.69,0.0
1729403525.5094004,3409,1729403525,508033856,base_link,44.69,0.0
1729403525.6040158,3410,1729403525,602032576,base_link,44.68,0.0
1729403525.7060294,3411,1729403525,702032064,base_link,44.68,0.0
1729403525.8040361,3412,1729403525,802029504,base_link,44.69,0.0
1729403525.9075778,3413,1729403525,905026944,base_link,44.69,0.0
1729403526.0094993,3414,1729403526,8024128,base_link,44.68,0.0
1729403526.1084232,3415,1729403526,105023360,base_link,44.69,0.0
1729403526.2076924,3416,1729403526,205020544,base_link,44.69,0.0
1729403526.3041005,3417,1729403526,302017984,base_link,44.68,0.0
1729403526.4080038,3418,1729403526,405017984,base_link,44.69,0.0
1729403526.5066307,3419,1729403526,505015936,base_link,44.69,0.0
1729403526.6097794,3420,1729403526,608013376,base_link,44.69,0.0
1729403526.7065408,3421,1729403526,705011584,base_link,44.69,0.0
1729403526.808371,3422,1729403526,805009792,base_link,44.68,0.0
1729403526.9082723,3423,1729403526,905007744,base_link,44.69,0.0
1729403527.0085378,3424,1729403527,5005696,base_link,44.69,0.0
1729403527.1055434,3425,1729403527,102003904,base_link,44.68,0.0
1729403527.207613,3426,1729403527,205001856,base_link,44.69,0.0
1729403527.309503,3427,1729403527,307999808,base_link,44.68,0.0
1729403527.404863,3428,1729403527,401998016,base_link,44.68,0.0
1729403527.5076663,3429,1729403527,504996224,base_link,44.68,0.0
1729403527.6065814,3430,1729403527,601994432,base_link,44.68,0.0
1729403527.7081406,3431,1729403527,704992128,base_link,44.69,0.0
1729403527.8085206,3432,1729403527,804990592,base_link,44.68,0.0
1729403527.9097567,3433,1729403527,907988800,base_link,44.69,0.0
1729403528.0098464,3434,1729403528,4987008,base_link,44.68,0.0
1729403528.1098018,3435,1729403528,107985472,base_link,44.69,0.0
1729403528.2075393,3436,1729403528,204983680,base_link,44.69,0.0
1729403528.3064098,3437,1729403528,301982144,base_link,44.69,0.0
1729403528.4080017,3438,1729403528,404979840,base_link,44.69,0.0
1729403528.5050278,3439,1729403528,501978048,base_link,44.69,0.0
1729403528.6043212,3440,1729403528,601976512,base_link,44.69,0.0
1729403528.7083347,3441,1729403528,704974976,base_link,44.69,0.0
1729403528.8102806,3442,1729403528,807972928,base_link,44.69,0.0
1729403528.9083114,3443,1729403528,904971904,base_link,44.69,0.0
1729403529.0100355,3444,1729403529,4970368,base_link,44.69,0.0
1729403529.1068833,3445,1729403529,104968832,base_link,44.69,0.0
1729403529.2098281,3446,1729403529,207967552,base_link,44.69,0.0
1729403529.3080344,3447,1729403529,304966016,base_link,44.69,0.0
1729403529.4043443,3448,1729403529,401964736,base_link,44.69,0.0
1729403529.5070493,3449,1729403529,504963456,base_link,44.7,0.0
1729403529.604877,3450,1729403529,601962176,base_link,44.68,0.0
1729403529.7068877,3451,1729403529,704960896,base_link,44.69,0.0
1729403529.8089948,3452,1729403529,807959616,base_link,44.69,0.0
1729403529.9060931,3453,1729403529,904958080,base_link,44.69,0.0
1729403530.0121243,3454,1729403530,7956288,base_link,44.68,0.0
1729403530.1069846,3455,1729403530,104955264,base_link,44.69,0.0
1729403530.205982,3456,1729403530,204953472,base_link,44.69,0.0
1729403530.304981,3457,1729403530,301952448,base_link,44.69,0.0
1729403530.4071124,3458,1729403530,404951168,base_link,44.69,0.0
1729403530.5049722,3459,1729403530,501949888,base_link,44.69,0.0
1729403530.6081302,3460,1729403530,604948352,base_link,44.69,0.0
1729403530.705769,3461,1729403530,701947072,base_link,44.69,0.0
1729403530.8106883,3462,1729403530,807945536,base_link,44.69,0.0
1729403530.907058,3463,1729403530,904944512,base_link,44.69,0.0
1729403531.0037441,3464,1729403531,1942976,base_link,44.69,0.0
1729403531.104855,3465,1729403531,101941696,base_link,44.7,0.0
1729403531.2062037,3466,1729403531,204940672,base_link,44.69,0.0
1729403531.3043385,3467,1729403531,301939904,base_link,44.69,0.0
1729403531.405394,3468,1729403531,401938880,base_link,44.69,0.0
1729403531.5094714,3469,1729403531,507937856,base_link,44.69,0.0
1729403531.6070418,3470,1729403531,604937088,base_link,44.7,0.0
1729403531.7062685,3471,1729403531,704936320,base_link,44.69,0.0
1729403531.803838,3472,1729403531,801935296,base_link,44.7,0.0
1729403531.9078383,3473,1729403531,904933248,base_link,44.69,0.0
1729403532.0042045,3474,1729403532,1932480,base_link,44.7,0.0
1729403532.1047423,3475,1729403532,101931712,base_link,44.7,0.0
1729403532.2091773,3476,1729403532,207931200,base_link,44.69,0.0
1729403532.3067563,3477,1729403532,304929152,base_link,44.69,0.0
1729403532.4080656,3478,1729403532,404927104,base_link,44.69,0.0
1729403532.5082293,3479,1729403532,504925056,base_link,44.7,0.0
1729403532.606425,3480,1729403532,604923008,base_link,44.7,0.0
1729403532.7081127,3481,1729403532,704920704,base_link,44.7,0.0
1729403532.8064122,3482,1729403532,804918656,base_link,44.7,0.0
1729403532.9101732,3483,1729403532,904916352,base_link,44.69,0.0
1729403533.006594,3484,1729403533,4914560,base_link,44.7,0.0
1729403533.1034849,3485,1729403533,101914304,base_link,44.7,0.0
1729403533.2079732,3486,1729403533,204912000,base_link,44.7,0.0
1729403533.308727,3487,1729403533,304910208,base_link,44.7,0.0
1729403533.4108407,3488,1729403533,407908416,base_link,44.7,0.0
1729403533.506957,3489,1729403533,504906624,base_link,44.7,0.0
1729403533.6073399,3490,1729403533,604904576,base_link,44.7,0.0
1729403533.7073412,3491,1729403533,704902784,base_link,44.7,0.0
1729403533.804941,3492,1729403533,801900992,base_link,44.7,0.0
1729403533.904586,3493,1729403533,901899456,base_link,44.71,0.0
1729403534.008048,3494,1729403534,4897664,base_link,44.7,0.0
1729403534.1086202,3495,1729403534,104899200,base_link,44.7,0.0
1729403534.2075918,3496,1729403534,204898944,base_link,44.7,0.0
1729403534.3089628,3497,1729403534,306894592,base_link,44.7,0.0
1729403534.4075148,3498,1729403534,404894592,base_link,44.7,0.0
1729403534.508778,3499,1729403534,504894592,base_link,44.71,0.0
1729403534.6080148,3500,1729403534,604894592,base_link,44.7,0.0
1729403534.7080872,3501,1729403534,704894592,base_link,44.7,0.0
1729403534.8069897,3502,1729403534,804894592,base_link,44.71,0.0
1729403534.9091191,3503,1729403534,904894848,base_link,44.7,0.0
1729403535.007354,3504,1729403535,4894848,base_link,44.71,0.0
1729403535.107953,3505,1729403535,104895360,base_link,44.7,0.0
1729403535.2080915,3506,1729403535,204894080,base_link,44.72,0.0
1729403535.3087115,3507,1729403535,306888192,base_link,44.71,0.0
1729403535.408657,3508,1729403535,406888192,base_link,44.71,0.0
1729403535.5089004,3509,1729403535,504886912,base_link,44.72,0.0
1729403535.6065998,3510,1729403535,604886912,base_link,44.71,0.0
1729403535.7060504,3511,1729403535,704887168,base_link,44.71,0.0
1729403535.806138,3512,1729403535,804887680,base_link,44.72,0.0
1729403535.909109,3513,1729403535,904887936,base_link,44.72,0.0
1729403536.0074723,3514,1729403536,4888448,base_link,44.72,0.0
1729403536.1096478,3515,1729403536,104884608,base_link,44.72,0.0
1729403536.2070274,3516,1729403536,204885632,base_link,44.72,0.0
1729403536.3072588,3517,1729403536,304885888,base_link,44.72,0.0
1729403536.407036,3518,1729403536,404880256,base_link,44.72,0.0
1729403536.5065775,3519,1729403536,504874624,base_link,44.72,0.0
1729403536.6074476,3520,1729403536,604873600,base_link,44.72,0.0
1729403536.7070074,3521,1729403536,704873856,base_link,44.72,0.0
1729403536.8067422,3522,1729403536,804874624,base_link,44.72,0.0
1729403536.9088476,3523,1729403536,906873344,base_link,44.72,0.0
1729403537.0068452,3524,1729403537,4873856,base_link,44.72,0.0
1729403537.1065133,3525,1729403537,104867968,base_link,44.72,0.0
1729403537.2068584,3526,1729403537,204868736,base_link,44.72,0.0
1729403537.3073318,3527,1729403537,304869504,base_link,44.72,0.0
1729403537.4070168,3528,1729403537,404864128,base_link,44.73,0.0
1729403537.5075872,3529,1729403537,504864896,base_link,44.72,0.0
1729403537.6090865,3530,1729403537,606863872,base_link,44.72,0.0
1729403537.707679,3531,1729403537,704865664,base_link,44.72,0.0
1729403537.807355,3532,1729403537,804866688,base_link,44.72,0.0
1729403537.9077861,3533,1729403537,904866176,base_link,44.72,0.0
1729403538.0071316,3534,1729403538,4866944,base_link,44.72,0.0
1729403538.1076312,3535,1729403538,104867456,base_link,44.72,0.0
1729403538.2062762,3536,1729403538,204862336,base_link,44.73,0.0
1729403538.3071766,3537,1729403538,304861568,base_link,44.72,0.0
1729403538.4080594,3538,1729403538,404862592,base_link,44.72,0.0
1729403538.507271,3539,1729403538,504862080,base_link,44.72,0.0
1729403538.6077378,3540,1729403538,604861568,base_link,44.72,0.0
1729403538.708076,3541,1729403538,706860800,base_link,44.72,0.0
1729403538.807318,3542,1729403538,804860032,base_link,44.72,0.0
1729403538.9073927,3543,1729403538,904859776,base_link,44.73,0.0
1729403539.0080352,3544,1729403539,4859008,base_link,44.72,0.0
1729403539.1083052,3545,1729403539,104858496,base_link,44.73,0.0
1729403539.207497,3546,1729403539,204857728,base_link,44.72,0.0
1729403539.3080378,3547,1729403539,304857472,base_link,44.72,0.0
1729403539.4080505,3548,1729403539,404852352,base_link,44.72,0.0
1729403539.5079165,3549,1729403539,504852096,base_link,44.73,0.0
1729403539.6070955,3550,1729403539,604847232,base_link,44.72,0.0
1729403539.708762,3551,1729403539,704845696,base_link,44.72,0.0
1729403539.809395,3552,1729403539,806845440,base_link,44.72,0.0
1729403539.9075978,3553,1729403539,904845184,base_link,44.72,0.0
1729403540.008207,3554,1729403540,4845184,base_link,44.72,0.0
1729403540.1084216,3555,1729403540,104845184,base_link,44.72,0.0
1729403540.2080932,3556,1729403540,204845184,base_link,44.73,0.0
1729403540.3074617,3557,1729403540,304845440,base_link,44.72,0.0
1729403540.4065278,3558,1729403540,404843904,base_link,44.72,0.0
1729403540.5074737,3559,1729403540,504844160,base_link,44.73,0.0
1729403540.608375,3560,1729403540,606844416,base_link,44.73,0.0
1729403540.7081692,3561,1729403540,704843392,base_link,44.72,0.0
1729403540.8076465,3562,1729403540,804843136,base_link,44.72,0.0
1729403540.9074838,3563,1729403540,904842880,base_link,44.73,0.0
1729403541.0084207,3564,1729403541,4842880,base_link,44.73,0.0
1729403541.1085367,3565,1729403541,104837760,base_link,44.72,0.0
1729403541.2079263,3566,1729403541,204838016,base_link,44.72,0.0
1729403541.3083045,3567,1729403541,304832384,base_link,44.73,0.0
1729403541.4086046,3568,1729403541,406832896,base_link,44.72,0.0
1729403541.5085871,3569,1729403541,504833408,base_link,44.73,0.0
1729403541.6073184,3570,1729403541,604833920,base_link,44.73,0.0
1729403541.7090359,3571,1729403541,704834432,base_link,44.73,0.0
1729403541.8066905,3572,1729403541,804833408,base_link,44.73,0.0
1729403541.9086368,3573,1729403541,906833408,base_link,44.72,0.0
1729403542.0082834,3574,1729403542,4833664,base_link,44.73,0.0
1729403542.1076212,3575,1729403542,104834176,base_link,44.73,0.0
1729403542.206818,3576,1729403542,204834688,base_link,44.73,0.0
1729403542.3075206,3577,1729403542,304835200,base_link,44.73,0.0
1729403542.4080997,3578,1729403542,404835968,base_link,44.73,0.0
1729403542.5062141,3579,1729403542,504836736,base_link,44.73,0.0
1729403542.6069016,3580,1729403542,604836992,base_link,44.72,0.0
1729403542.70721,3581,1729403542,704837760,base_link,44.73,0.0
1729403542.8064349,3582,1729403542,804836736,base_link,44.73,0.0
1729403542.9070003,3583,1729403542,904837504,base_link,44.73,0.0
1729403543.0066454,3584,1729403543,4837760,base_link,44.73,0.0
1729403543.107287,3585,1729403543,104838272,base_link,44.73,0.0
1729403543.2089932,3586,1729403543,206838784,base_link,44.74,0.0
1729403543.3068702,3587,1729403543,304839296,base_link,44.73,0.0
1729403543.4071875,3588,1729403543,404840320,base_link,44.73,0.0
1729403543.5070922,3589,1729403543,504841088,base_link,44.73,0.0
1729403543.6068077,3590,1729403543,604842112,base_link,44.73,0.0
1729403543.7074583,3591,1729403543,704842880,base_link,44.73,0.0
1729403543.806745,3592,1729403543,804843904,base_link,44.73,0.0
1729403543.9088671,3593,1729403543,906843136,base_link,44.73,0.0
1729403544.0073128,3594,1729403544,4842624,base_link,44.74,0.0
1729403544.1077113,3595,1729403544,104837504,base_link,44.73,0.0
1729403544.2090495,3596,1729403544,206838528,base_link,44.73,0.0
1729403544.307137,3597,1729403544,304833408,base_link,44.73,0.0
1729403544.4110272,3598,1729403544,404832640,base_link,44.74,0.0
1729403544.5081308,3599,1729403544,504827776,base_link,44.73,0.0
1729403544.6067603,3600,1729403544,604826752,base_link,44.74,0.0
1729403544.7099028,3601,1729403544,704821888,base_link,44.73,0.0
1729403544.807273,3602,1729403544,804822912,base_link,44.74,0.0
1729403544.906823,3603,1729403544,904820864,base_link,44.73,0.0
1729403545.00673,3604,1729403545,4815488,base_link,44.74,0.0
1729403545.1091366,3605,1729403545,106814976,base_link,44.74,0.0
1729403545.2074564,3606,1729403545,204814720,base_link,44.74,0.0
1729403545.3090835,3607,1729403545,306813440,base_link,44.73,0.0
1729403545.407645,3608,1729403545,404813184,base_link,44.73,0.0
1729403545.5074244,3609,1729403545,504812928,base_link,44.74,0.0
1729403545.6069653,3610,1729403545,604812672,base_link,44.74,0.0
1729403545.7069683,3611,1729403545,704812416,base_link,44.73,0.0
1729403545.80688,3612,1729403545,804812160,base_link,44.74,0.0
1729403545.9068427,3613,1729403545,904812160,base_link,44.74,0.0
1729403546.0115314,3614,1729403546,6811904,base_link,44.74,0.0
1729403546.1075482,3615,1729403546,104811648,base_link,44.74,0.0
1729403546.20771,3616,1729403546,204811392,base_link,44.74,0.0
1729403546.307212,3617,1729403546,304811136,base_link,44.74,0.0
1729403546.4083827,3618,1729403546,406810624,base_link,44.74,0.0
1729403546.5078597,3619,1729403546,504810368,base_link,44.74,0.0
1729403546.6071012,3620,1729403546,604810368,base_link,44.74,0.0
1729403546.7071784,3621,1729403546,704810368,base_link,44.73,0.0
1729403546.80748,3622,1729403546,804810112,base_link,44.74,0.0
1729403546.9067101,3623,1729403546,904810368,base_link,44.73,0.0
1729403547.0073202,3624,1729403547,4809088,base_link,44.74,0.0
1729403547.1073513,3625,1729403547,104803712,base_link,44.74,0.0
1729403547.208293,3626,1729403547,204803712,base_link,44.74,0.0
1729403547.3081489,3627,1729403547,304803712,base_link,44.74,0.0
1729403547.408327,3628,1729403547,404803200,base_link,44.74,0.0
1729403547.509214,3629,1729403547,504803200,base_link,44.74,0.0
