Time,header.seq,header.stamp.secs,header.stamp.nsecs,header.frame_id,status.status,status.service,latitude,longitude,altitude,position_covariance_0,position_covariance_1,position_covariance_2,position_covariance_3,position_covariance_4,position_covariance_5,position_covariance_6,position_covariance_7,position_covariance_8,position_covariance_type
1737285472.7270608,930,1737285462,733673152,base_link,0,1,33.6371019,72.9912437,521.6858567235529,0.4802489999999999,0.0,0.0,0.0,0.4802489999999999,0.0,0.0,0.0,0.9235209999999999,2
1737285472.7275636,931,1737285462,833673408,base_link,0,1,33.6371019,72.9912437,521.6758567235529,0.48163599999999995,0.0,0.0,0.0,0.48163599999999995,0.0,0.0,0.0,0.9254439999999999,2
1737285472.7276182,932,1737285462,933672384,base_link,0,1,33.6371018,72.9912437,521.6758561106251,0.48163599999999995,0.0,0.0,0.0,0.48163599999999995,0.0,0.0,0.0,0.9254439999999999,2
1737285472.72765,933,1737285463,33672640,base_link,0,1,33.6371018,72.9912437,521.6758561106251,0.4830249999999999,0.0,0.0,0.0,0.4830249999999999,0.0,0.0,0.0,0.9273689999999999,2
1737285472.7277265,934,1737285463,133673152,base_link,0,1,33.6371017,72.9912437,521.6758554976975,0.4830249999999999,0.0,0.0,0.0,0.4830249999999999,0.0,0.0,0.0,0.9273689999999999,2
1737285472.727829,935,1737285463,233673408,base_link,0,1,33.6371017,72.9912438,521.6758558948633,0.48580899999999994,0.0,0.0,0.0,0.48580899999999994,0.0,0.0,0.0,0.9292959999999999,2
1737285472.7278988,936,1737285463,333672384,base_link,0,1,33.6371016,72.9912438,521.6758552819356,0.48580899999999994,0.0,0.0,0.0,0.48580899999999994,0.0,0.0,0.0,0.9292959999999999,2
1737285472.7279434,937,1737285463,433672384,base_link,0,1,33.6371016,72.9912437,521.6758548847699,0.4872039999999999,0.0,0.0,0.0,0.4872039999999999,0.0,0.0,0.0,0.9292959999999999,2
1737285472.7279954,938,1737285463,533672384,base_link,0,1,33.6371015,72.9912437,521.6758542718424,0.4872039999999999,0.0,0.0,0.0,0.4872039999999999,0.0,0.0,0.0,0.9292959999999999,2
1737285472.728065,939,1737285463,633672640,base_link,0,1,33.6371014,72.9912438,521.6758540560807,0.48999999999999994,0.0,0.0,0.0,0.48999999999999994,0.0,0.0,0.0,0.931225,2
1737285472.7281473,940,1737285463,733672128,base_link,0,1,33.6371014,72.9912439,521.6758544532463,0.48999999999999994,0.0,0.0,0.0,0.48999999999999994,0.0,0.0,0.0,0.931225,2
1737285472.728229,941,1737285463,833672128,base_link,0,1,33.6371013,72.9912439,521.6758538403188,0.4914009999999999,0.0,0.0,0.0,0.4914009999999999,0.0,0.0,0.0,0.933156,2
1737285472.7282543,942,1737285463,933671360,base_link,0,1,33.6371012,72.991244,521.6758536245571,0.4914009999999999,0.0,0.0,0.0,0.4914009999999999,0.0,0.0,0.0,0.933156,2
1737285472.7283359,943,1737285464,33671616,base_link,0,1,33.6371011,72.9912441,521.6758534087955,0.49280399999999996,0.0,0.0,0.0,0.49280399999999996,0.0,0.0,0.0,0.935089,2
1737285472.7284017,944,1737285464,133671104,base_link,0,1,33.637101,72.9912441,521.6758527958683,0.49280399999999996,0.0,0.0,0.0,0.49280399999999996,0.0,0.0,0.0,0.935089,2
1737285472.728493,945,1737285464,233671360,base_link,0,1,33.6371009,72.9912442,521.6758525801067,0.49420899999999995,0.0,0.0,0.0,0.49420899999999995,0.0,0.0,0.0,0.935089,2
1737285472.7285383,946,1737285464,333670592,base_link,0,1,33.6371008,72.9912442,521.6858519671796,0.49420899999999995,0.0,0.0,0.0,0.49420899999999995,0.0,0.0,0.0,0.935089,2
1737285472.72859,947,1737285464,433670848,base_link,0,1,33.6371007,72.9912442,521.6858513542526,0.49561599999999995,0.0,0.0,0.0,0.49561599999999995,0.0,0.0,0.0,0.935089,2
1737285472.7286396,948,1737285464,533670080,base_link,0,1,33.6371007,72.9912443,521.6858517514181,0.49561599999999995,0.0,0.0,0.0,0.49561599999999995,0.0,0.0,0.0,0.935089,2
1737285472.7287402,949,1737285464,633670592,base_link,0,1,33.6371006,72.9912443,521.6958511384911,0.49843599999999993,0.0,0.0,0.0,0.49843599999999993,0.0,0.0,0.0,0.937024,2
1737285472.728848,950,1737285464,733671104,base_link,0,1,33.6371006,72.9912443,521.6958511384911,0.49843599999999993,0.0,0.0,0.0,0.49843599999999993,0.0,0.0,0.0,0.937024,2
1737285472.728917,951,1737285464,833671616,base_link,0,1,33.6371006,72.9912443,521.7058511384911,0.5012639999999999,0.0,0.0,0.0,0.5012639999999999,0.0,0.0,0.0,0.937024,2
1737285472.728987,952,1737285464,933670848,base_link,0,1,33.6371006,72.9912443,521.7058511384911,0.5012639999999999,0.0,0.0,0.0,0.5012639999999999,0.0,0.0,0.0,0.937024,2
1737285472.7290947,953,1737285465,33671360,base_link,0,1,33.6371006,72.9912443,521.7058511384911,0.5026809999999999,0.0,0.0,0.0,0.5026809999999999,0.0,0.0,0.0,0.937024,2
1737285472.7292223,954,1737285465,133670848,base_link,0,1,33.6371006,72.9912443,521.7058511384911,0.5026809999999999,0.0,0.0,0.0,0.5026809999999999,0.0,0.0,0.0,0.937024,2
1737285472.7293293,955,1737285465,233671360,base_link,0,1,33.6371006,72.9912443,521.6958511384911,0.505521,0.0,0.0,0.0,0.505521,0.0,0.0,0.0,0.937024,2
1737285472.7293987,956,1737285465,333670848,base_link,0,1,33.6371006,72.9912443,521.6958511384911,0.505521,0.0,0.0,0.0,0.505521,0.0,0.0,0.0,0.937024,2
1737285472.7295082,957,1737285465,433671616,base_link,0,1,33.6371006,72.9912444,521.6958515356565,0.506944,0.0,0.0,0.0,0.506944,0.0,0.0,0.0,0.937024,2
1737285472.7296214,958,1737285465,533671360,base_link,0,1,33.6371006,72.9912444,521.6958515356565,0.506944,0.0,0.0,0.0,0.506944,0.0,0.0,0.0,0.937024,2
1737285472.7296848,959,1737285465,633671872,base_link,0,1,33.6371006,72.9912443,521.6958511384911,0.508369,0.0,0.0,0.0,0.508369,0.0,0.0,0.0,0.937024,2
1737285472.7297778,960,1737285465,733671360,base_link,0,1,33.6371006,72.9912443,521.6958511384911,0.508369,0.0,0.0,0.0,0.508369,0.0,0.0,0.0,0.937024,2
1737285472.7299066,961,1737285465,833672128,base_link,0,1,33.6371006,72.9912443,521.6958511384911,0.5097959999999999,0.0,0.0,0.0,0.5097959999999999,0.0,0.0,0.0,0.937024,2
1737285472.7299573,962,1737285465,933671872,base_link,0,1,33.6371006,72.9912443,521.6958511384911,0.5097959999999999,0.0,0.0,0.0,0.5097959999999999,0.0,0.0,0.0,0.937024,2
1737285472.7300153,963,1737285466,33672640,base_link,0,1,33.6371007,72.9912443,521.6958517514181,0.5097959999999999,0.0,0.0,0.0,0.5097959999999999,0.0,0.0,0.0,0.937024,2
1737285472.7300658,964,1737285466,133673408,base_link,0,1,33.6371007,72.9912443,521.6958517514181,0.5097959999999999,0.0,0.0,0.0,0.5097959999999999,0.0,0.0,0.0,0.937024,2
1737285472.7314231,965,1737285466,233674176,base_link,0,1,33.6371008,72.9912444,521.6958527615105,0.5112249999999999,0.0,0.0,0.0,0.5112249999999999,0.0,0.0,0.0,0.937024,2
1737285472.7315092,966,1737285466,333673664,base_link,0,1,33.6371009,72.9912444,521.6958533744378,0.5112249999999999,0.0,0.0,0.0,0.5112249999999999,0.0,0.0,0.0,0.937024,2
1737285472.731582,967,1737285466,433674688,base_link,0,1,33.637101,72.9912444,521.695853987365,0.512656,0.0,0.0,0.0,0.512656,0.0,0.0,0.0,0.937024,2
1737285472.7316382,968,1737285466,533674432,base_link,0,1,33.637101,72.9912444,521.695853987365,0.512656,0.0,0.0,0.0,0.512656,0.0,0.0,0.0,0.937024,2
1737285472.7316723,969,1737285466,634675456,base_link,0,1,33.6371011,72.9912445,521.695854997458,0.512656,0.0,0.0,0.0,0.512656,0.0,0.0,0.0,0.937024,2
1737285472.7317116,970,1737285466,733675200,base_link,0,1,33.6371012,72.9912445,521.6958556103855,0.512656,0.0,0.0,0.0,0.512656,0.0,0.0,0.0,0.937024,2
1737285472.731771,971,1737285466,833675968,base_link,0,1,33.6371012,72.9912445,521.6958556103855,0.5140889999999999,0.0,0.0,0.0,0.5140889999999999,0.0,0.0,0.0,0.937024,2
1737285472.7322276,972,1737285466,933675968,base_link,0,1,33.6371013,72.9912445,521.6958562233131,0.5140889999999999,0.0,0.0,0.0,0.5140889999999999,0.0,0.0,0.0,0.937024,2
1737285472.7323046,973,1737285467,33676992,base_link,0,1,33.6371013,72.9912445,521.6958562233131,0.5140889999999999,0.0,0.0,0.0,0.5140889999999999,0.0,0.0,0.0,0.937024,2
1737285472.732565,974,1737285467,133677760,base_link,0,1,33.6371014,72.9912445,521.6958568362406,0.5140889999999999,0.0,0.0,0.0,0.5140889999999999,0.0,0.0,0.0,0.937024,2
1737285472.7327855,975,1737285467,233678784,base_link,0,1,33.6371014,72.9912444,521.6958564390749,0.515524,0.0,0.0,0.0,0.515524,0.0,0.0,0.0,0.937024,2
1737285472.7335217,976,1737285467,333679808,base_link,0,1,33.6371014,72.9912444,521.6958564390749,0.515524,0.0,0.0,0.0,0.515524,0.0,0.0,0.0,0.937024,2
1737285472.7506142,977,1737285467,433680832,base_link,0,1,33.6371014,72.9912444,521.6958564390749,0.516961,0.0,0.0,0.0,0.516961,0.0,0.0,0.0,0.937024,2
1737285472.7509005,978,1737285467,534680832,base_link,0,1,33.6371014,72.9912444,521.7058564390749,0.516961,0.0,0.0,0.0,0.516961,0.0,0.0,0.0,0.937024,2
1737285472.751046,979,1737285467,633681856,base_link,0,1,33.6371014,72.9912443,521.6958560419091,0.5184,0.0,0.0,0.0,0.5184,0.0,0.0,0.0,0.9389609999999999,2
1737285472.7511976,980,1737285467,733681600,base_link,0,1,33.6371014,72.9912443,521.6958560419091,0.5184,0.0,0.0,0.0,0.5184,0.0,0.0,0.0,0.9389609999999999,2
1737285472.751666,981,1737285467,834682880,base_link,0,1,33.6371014,72.9912442,521.6958556447433,0.521284,0.0,0.0,0.0,0.521284,0.0,0.0,0.0,0.9389609999999999,2
1737285472.7518954,982,1737285467,933682624,base_link,0,1,33.6371014,72.9912441,521.6958552475776,0.521284,0.0,0.0,0.0,0.521284,0.0,0.0,0.0,0.9389609999999999,2
1737285472.7520096,983,1737285468,33682112,base_link,0,1,33.6371014,72.9912441,521.6958552475776,0.522729,0.0,0.0,0.0,0.522729,0.0,0.0,0.0,0.9389609999999999,2
1737285472.7521064,984,1737285468,133682368,base_link,0,1,33.6371014,72.991244,521.6958548504119,0.522729,0.0,0.0,0.0,0.522729,0.0,0.0,0.0,0.9389609999999999,2
1737285472.7522137,985,1737285468,233682112,base_link,0,1,33.6371014,72.9912439,521.6958544532463,0.525625,0.0,0.0,0.0,0.525625,0.0,0.0,0.0,0.9409,2
1737285472.7523055,986,1737285468,333681856,base_link,0,1,33.6371014,72.9912439,521.6958544532463,0.525625,0.0,0.0,0.0,0.525625,0.0,0.0,0.0,0.9409,2
1737285472.7523766,987,1737285468,434681344,base_link,0,1,33.6371014,72.9912438,521.6958540560806,0.527076,0.0,0.0,0.0,0.527076,0.0,0.0,0.0,0.9409,2
1737285472.7524564,988,1737285468,533681088,base_link,0,1,33.6371014,72.9912438,521.6858540560806,0.527076,0.0,0.0,0.0,0.527076,0.0,0.0,0.0,0.9409,2
1737285472.752546,989,1737285468,633680832,base_link,0,1,33.6371014,72.9912438,521.6858540560806,0.5285289999999999,0.0,0.0,0.0,0.5285289999999999,0.0,0.0,0.0,0.9409,2
1737285472.7526805,990,1737285468,733680576,base_link,0,1,33.6371014,72.9912437,521.675853658915,0.5285289999999999,0.0,0.0,0.0,0.5285289999999999,0.0,0.0,0.0,0.9409,2
1737285472.7528005,991,1737285468,833680576,base_link,0,1,33.6371014,72.9912437,521.675853658915,0.529984,0.0,0.0,0.0,0.529984,0.0,0.0,0.0,0.9428409999999999,2
1737285472.7530406,992,1737285468,933680320,base_link,0,1,33.6371014,72.9912437,521.675853658915,0.529984,0.0,0.0,0.0,0.529984,0.0,0.0,0.0,0.9428409999999999,2
1737285472.7531712,993,1737285469,33680064,base_link,0,1,33.6371014,72.9912437,521.675853658915,0.529984,0.0,0.0,0.0,0.529984,0.0,0.0,0.0,0.9428409999999999,2
1737285472.7535014,994,1737285469,133680064,base_link,0,1,33.6371014,72.9912437,521.675853658915,0.529984,0.0,0.0,0.0,0.529984,0.0,0.0,0.0,0.9428409999999999,2
1737285472.7539592,995,1737285469,233679808,base_link,0,1,33.6371014,72.9912437,521.675853658915,0.5314409999999999,0.0,0.0,0.0,0.5314409999999999,0.0,0.0,0.0,0.9428409999999999,2
1737285472.7576609,996,1737285469,333680064,base_link,0,1,33.6371014,72.9912437,521.675853658915,0.5314409999999999,0.0,0.0,0.0,0.5314409999999999,0.0,0.0,0.0,0.9428409999999999,2
1737285472.7621183,997,1737285469,433679808,base_link,0,1,33.6371014,72.9912436,521.6858532617493,0.5314409999999999,0.0,0.0,0.0,0.5314409999999999,0.0,0.0,0.0,0.9428409999999999,2
1737285472.762328,998,1737285469,533680064,base_link,0,1,33.6371014,72.9912436,521.6858532617493,0.5314409999999999,0.0,0.0,0.0,0.5314409999999999,0.0,0.0,0.0,0.9428409999999999,2
1737285472.7623866,999,1737285469,633680064,base_link,0,1,33.6371014,72.9912436,521.6858532617493,0.5328999999999999,0.0,0.0,0.0,0.5328999999999999,0.0,0.0,0.0,0.9428409999999999,2
1737285472.7624521,1000,1737285469,733680064,base_link,0,1,33.6371014,72.9912436,521.6758532617494,0.5328999999999999,0.0,0.0,0.0,0.5328999999999999,0.0,0.0,0.0,0.9428409999999999,2
1737285472.7625134,1001,1737285469,833680064,base_link,0,1,33.6371014,72.9912436,521.6758532617494,0.5328999999999999,0.0,0.0,0.0,0.5328999999999999,0.0,0.0,0.0,0.9428409999999999,2
1737285472.762548,1002,1737285469,933680320,base_link,0,1,33.6371014,72.9912436,521.6758532617494,0.5328999999999999,0.0,0.0,0.0,0.5328999999999999,0.0,0.0,0.0,0.9428409999999999,2
1737285472.7628074,1003,1737285470,33680320,base_link,0,1,33.6371014,72.9912437,521.675853658915,0.5328999999999999,0.0,0.0,0.0,0.5328999999999999,0.0,0.0,0.0,0.9428409999999999,2
1737285472.7628944,1004,1737285470,133680320,base_link,0,1,33.6371014,72.9912437,521.675853658915,0.5328999999999999,0.0,0.0,0.0,0.5328999999999999,0.0,0.0,0.0,0.9428409999999999,2
1737285472.7629833,1005,1737285470,234673664,base_link,0,1,33.6371015,72.9912437,521.6658542718424,0.5328999999999999,0.0,0.0,0.0,0.5328999999999999,0.0,0.0,0.0,0.9428409999999999,2
1737285472.7630076,1006,1737285470,334673664,base_link,0,1,33.6371015,72.9912437,521.6758542718424,0.5328999999999999,0.0,0.0,0.0,0.5328999999999999,0.0,0.0,0.0,0.9428409999999999,2
1737285472.7696118,1007,1737285470,433667008,base_link,0,1,33.6371015,72.9912437,521.6858542718423,0.5328999999999999,0.0,0.0,0.0,0.5328999999999999,0.0,0.0,0.0,0.9428409999999999,2
1737285472.7697537,1008,1737285470,533665728,base_link,0,1,33.6371014,72.9912436,521.7058532617493,0.5328999999999999,0.0,0.0,0.0,0.5328999999999999,0.0,0.0,0.0,0.9428409999999999,2
1737285472.7698507,1009,1737285470,633665728,base_link,0,1,33.6371013,72.9912434,521.7358518544911,0.5328999999999999,0.0,0.0,0.0,0.5328999999999999,0.0,0.0,0.0,0.944784,2
1737285472.7699418,1010,1737285470,733664960,base_link,0,1,33.6371011,72.9912431,521.7858494371408,0.5328999999999999,0.0,0.0,0.0,0.5328999999999999,0.0,0.0,0.0,0.944784,2
1737285472.7700055,1011,1737285470,833665216,base_link,0,1,33.637101,72.9912428,521.8458476327182,0.5328999999999999,0.0,0.0,0.0,0.5328999999999999,0.0,0.0,0.0,0.944784,2
1737285472.7700882,1012,1737285470,933665728,base_link,0,1,33.637101,72.9912425,521.9158464412225,0.5328999999999999,0.0,0.0,0.0,0.5328999999999999,0.0,0.0,0.0,0.944784,2
1737285472.7701273,1013,1737285471,33665984,base_link,0,1,33.637101,72.9912422,521.9858452497272,0.5328999999999999,0.0,0.0,0.0,0.5328999999999999,0.0,0.0,0.0,0.9428409999999999,2
1737285472.7732937,1014,1737285471,133665984,base_link,0,1,33.6371012,72.991242,522.0758456812496,0.5328999999999999,0.0,0.0,0.0,0.5328999999999999,0.0,0.0,0.0,0.9428409999999999,2
1737285472.7769172,1015,1737285471,233666240,base_link,0,1,33.6371015,72.9912419,522.1858471228641,0.5328999999999999,0.0,0.0,0.0,0.5328999999999999,0.0,0.0,0.0,0.9428409999999999,2
1737285472.777221,1016,1737285471,333667264,base_link,0,1,33.6371021,72.9912421,522.3058515947566,0.5328999999999999,0.0,0.0,0.0,0.5328999999999999,0.0,0.0,0.0,0.9428409999999999,2
1737285472.7773962,1017,1737285471,433667776,base_link,0,1,33.6371029,72.9912423,522.4358572925096,0.5314409999999999,0.0,0.0,0.0,0.5314409999999999,0.0,0.0,0.0,0.9428409999999999,2
1737285472.779318,1018,1737285471,533667008,base_link,0,1,33.6371037,72.9912425,522.5658629902698,0.5314409999999999,0.0,0.0,0.0,0.5314409999999999,0.0,0.0,0.0,0.9428409999999999,2
1737285472.7794254,1019,1737285471,633667520,base_link,0,1,33.6371047,72.991243,522.6958711053971,0.529984,0.0,0.0,0.0,0.529984,0.0,0.0,0.0,0.944784,2
1737285472.7844212,1020,1737285471,733670848,base_link,0,1,33.6371059,72.9912435,522.8358804464009,0.529984,0.0,0.0,0.0,0.529984,0.0,0.0,0.0,0.944784,2
1737285472.7854037,1021,1737285471,833671360,base_link,0,1,33.6371072,72.9912441,522.955890797524,0.5285289999999999,0.0,0.0,0.0,0.5285289999999999,0.0,0.0,0.0,0.944784,2
1737285472.7858276,1022,1737285471,933671872,base_link,0,1,33.6371085,72.9912448,523.0859015458386,0.5285289999999999,0.0,0.0,0.0,0.5285289999999999,0.0,0.0,0.0,0.944784,2
1737285472.7877743,1023,1737285472,33672384,base_link,0,1,33.6371099,72.9912455,523.1959129071132,0.5285289999999999,0.0,0.0,0.0,0.5285289999999999,0.0,0.0,0.0,0.944784,2
1737285472.788717,1024,1737285472,133671616,base_link,0,1,33.6371112,72.9912462,523.3059236554776,0.5285289999999999,0.0,0.0,0.0,0.5285289999999999,0.0,0.0,0.0,0.944784,2
1737285472.7896087,1025,1737285472,233672384,base_link,0,1,33.6371124,72.991247,523.4059341880986,0.5285289999999999,0.0,0.0,0.0,0.5285289999999999,0.0,0.0,0.0,0.9467289999999999,2
1737285472.7904005,1026,1737285472,333672896,base_link,0,1,33.6371135,72.9912477,523.4959437106306,0.5285289999999999,0.0,0.0,0.0,0.5285289999999999,0.0,0.0,0.0,0.9467289999999999,2
1737285472.7915373,1027,1737285472,433672384,base_link,0,1,33.6371145,72.9912485,523.5759530174124,0.5285289999999999,0.0,0.0,0.0,0.5285289999999999,0.0,0.0,0.0,0.9506249999999999,2
1737285472.7947814,1028,1737285472,534672896,base_link,0,1,33.6371154,72.9912491,523.6459609169234,0.5285289999999999,0.0,0.0,0.0,0.5285289999999999,0.0,0.0,0.0,0.9506249999999999,2
1737285472.794999,1029,1737285472,633673408,base_link,0,1,33.6371161,72.9912496,523.7159671933874,0.529984,0.0,0.0,0.0,0.529984,0.0,0.0,0.0,0.954529,2
1737285472.7976158,1030,1737285472,734672896,base_link,0,1,33.6371166,72.99125,523.7659718467982,0.529984,0.0,0.0,0.0,0.529984,0.0,0.0,0.0,0.954529,2
1737285472.8371713,1031,1737285472,833673664,base_link,0,1,33.6371169,72.9912503,523.815974877151,0.5314409999999999,0.0,0.0,0.0,0.5314409999999999,0.0,0.0,0.0,0.952576,2
1737285472.9399974,1032,1737285472,933672640,base_link,0,1,33.6371171,72.9912504,523.8659765002133,0.5314409999999999,0.0,0.0,0.0,0.5314409999999999,0.0,0.0,0.0,0.952576,2
1737285473.0370123,1033,1737285473,33673152,base_link,0,1,33.6371172,72.9912504,523.9059771131574,0.5314409999999999,0.0,0.0,0.0,0.5314409999999999,0.0,0.0,0.0,0.954529,2
1737285473.1368964,1034,1737285473,133672640,base_link,0,1,33.6371171,72.9912504,523.9359765002132,0.5314409999999999,0.0,0.0,0.0,0.5314409999999999,0.0,0.0,0.0,0.954529,2
1737285473.2368648,1035,1737285473,233673408,base_link,0,1,33.637117,72.9912502,523.9659750929212,0.5314409999999999,0.0,0.0,0.0,0.5314409999999999,0.0,0.0,0.0,0.956484,2
1737285473.3370497,1036,1737285473,333672896,base_link,0,1,33.6371168,72.99125,523.9959730726856,0.5314409999999999,0.0,0.0,0.0,0.5314409999999999,0.0,0.0,0.0,0.956484,2
1737285473.4371502,1037,1737285473,433673664,base_link,0,1,33.6371167,72.9912497,524.0159712682207,0.5314409999999999,0.0,0.0,0.0,0.5314409999999999,0.0,0.0,0.0,0.958441,2
1737285473.5379078,1038,1737285473,533673152,base_link,0,1,33.6371164,72.9912495,524.0259686350432,0.5314409999999999,0.0,0.0,0.0,0.5314409999999999,0.0,0.0,0.0,0.958441,2
1737285473.639166,1039,1737285473,634674176,base_link,0,1,33.637116,72.9912491,524.045964594578,0.5314409999999999,0.0,0.0,0.0,0.5314409999999999,0.0,0.0,0.0,0.962361,2
1737285473.739123,1040,1737285473,733673920,base_link,0,1,33.6371156,72.9912487,524.0559605541158,0.5314409999999999,0.0,0.0,0.0,0.5314409999999999,0.0,0.0,0.0,0.962361,2
1737285473.8379376,1041,1737285473,833674944,base_link,0,1,33.6371152,72.9912482,524.0659561164842,0.5314409999999999,0.0,0.0,0.0,0.5314409999999999,0.0,0.0,0.0,0.964324,2
1737285473.9379644,1042,1737285473,933675712,base_link,0,1,33.6371147,72.9912477,524.0659510659153,0.5314409999999999,0.0,0.0,0.0,0.5314409999999999,0.0,0.0,0.0,0.964324,2
1737285474.0383122,1043,1737285474,34676736,base_link,0,1,33.6371142,72.9912471,524.0659456181795,0.529984,0.0,0.0,0.0,0.529984,0.0,0.0,0.0,0.966289,2
1737285474.1381335,1044,1737285474,134676480,base_link,0,1,33.6371137,72.9912467,524.0659409647926,0.529984,0.0,0.0,0.0,0.529984,0.0,0.0,0.0,0.966289,2
1737285474.2378032,1045,1737285474,233677504,base_link,0,1,33.6371132,72.9912462,524.0659359142387,0.5314409999999999,0.0,0.0,0.0,0.5314409999999999,0.0,0.0,0.0,0.968256,2
1737285474.3377705,1046,1737285474,333679040,base_link,0,1,33.6371128,72.9912458,524.0659318737992,0.5314409999999999,0.0,0.0,0.0,0.5314409999999999,0.0,0.0,0.0,0.968256,2
1737285474.4380639,1047,1737285474,433679808,base_link,0,1,33.6371123,72.9912454,524.0659272204249,0.5328999999999999,0.0,0.0,0.0,0.5328999999999999,0.0,0.0,0.0,0.970225,2
1737285474.5433836,1048,1737285474,533671104,base_link,0,1,33.6371119,72.991245,524.0659231799923,0.5328999999999999,0.0,0.0,0.0,0.5328999999999999,0.0,0.0,0.0,0.970225,2
1737285474.637924,1049,1737285474,633670848,base_link,0,1,33.6371115,72.9912447,524.0559195367331,0.5328999999999999,0.0,0.0,0.0,0.5328999999999999,0.0,0.0,0.0,0.970225,2
1737285474.736868,1050,1737285474,733670592,base_link,0,1,33.6371112,72.9912444,524.0559165064129,0.5328999999999999,0.0,0.0,0.0,0.5328999999999999,0.0,0.0,0.0,0.970225,2
1737285474.8383343,1051,1737285474,833670080,base_link,0,1,33.6371108,72.9912442,524.0559132603285,0.534361,0.0,0.0,0.0,0.534361,0.0,0.0,0.0,0.968256,2
1737285474.9388218,1052,1737285474,933669824,base_link,0,1,33.6371105,72.991244,524.0459106271816,0.534361,0.0,0.0,0.0,0.534361,0.0,0.0,0.0,0.968256,2
1737285475.0416806,1053,1737285475,33669312,base_link,0,1,33.6371102,72.9912438,524.0459079940363,0.534361,0.0,0.0,0.0,0.534361,0.0,0.0,0.0,0.968256,2
1737285475.142861,1054,1737285475,133669056,base_link,0,1,33.63711,72.9912436,524.0459059738272,0.534361,0.0,0.0,0.0,0.534361,0.0,0.0,0.0,0.968256,2
1737285475.2388887,1055,1737285475,233668800,base_link,0,1,33.6371097,72.9912434,524.0459033406844,0.5328999999999999,0.0,0.0,0.0,0.5328999999999999,0.0,0.0,0.0,0.968256,2
1737285475.3367765,1056,1737285475,333661888,base_link,0,1,33.6371095,72.9912432,524.0359013204773,0.5328999999999999,0.0,0.0,0.0,0.5328999999999999,0.0,0.0,0.0,0.968256,2
1737285475.4380095,1057,1737285475,433661632,base_link,0,1,33.6371093,72.9912431,524.0358996974397,0.5314409999999999,0.0,0.0,0.0,0.5314409999999999,0.0,0.0,0.0,0.968256,2
1737285475.5374076,1058,1737285475,533661632,base_link,0,1,33.6371091,72.9912429,524.0358976772341,0.5314409999999999,0.0,0.0,0.0,0.5314409999999999,0.0,0.0,0.0,0.968256,2
1737285475.6368923,1059,1737285475,633661376,base_link,0,1,33.637109,72.9912427,524.0358962699628,0.5314409999999999,0.0,0.0,0.0,0.5314409999999999,0.0,0.0,0.0,0.968256,2
1737285475.738009,1060,1737285475,733665728,base_link,0,1,33.6371088,72.9912426,524.0358946469271,0.5314409999999999,0.0,0.0,0.0,0.5314409999999999,0.0,0.0,0.0,0.968256,2
1737285475.8411582,1061,1737285475,833665472,base_link,0,1,33.6371085,72.9912424,524.0458920137902,0.5314409999999999,0.0,0.0,0.0,0.5314409999999999,0.0,0.0,0.0,0.970225,2
1737285475.9383411,1062,1737285475,933665472,base_link,0,1,33.6371082,72.9912423,524.0658897778229,0.5314409999999999,0.0,0.0,0.0,0.5314409999999999,0.0,0.0,0.0,0.970225,2
1737285476.0375605,1063,1737285476,33665216,base_link,0,1,33.6371077,72.991242,524.085885521656,0.5314409999999999,0.0,0.0,0.0,0.5314409999999999,0.0,0.0,0.0,0.970225,2
1737285476.1377556,1064,1737285476,133665216,base_link,0,1,33.637107,72.9912417,524.1058800396298,0.5314409999999999,0.0,0.0,0.0,0.5314409999999999,0.0,0.0,0.0,0.970225,2
1737285476.237139,1065,1737285476,233664960,base_link,0,1,33.6371061,72.9912413,524.1158729345815,0.5314409999999999,0.0,0.0,0.0,0.5314409999999999,0.0,0.0,0.0,0.970225,2
1737285476.3383942,1066,1737285476,334665472,base_link,0,1,33.6371051,72.9912408,524.1358648194479,0.5314409999999999,0.0,0.0,0.0,0.5314409999999999,0.0,0.0,0.0,0.970225,2
1737285476.4371219,1067,1737285476,433665216,base_link,0,1,33.6371038,72.9912402,524.1558544683778,0.529984,0.0,0.0,0.0,0.529984,0.0,0.0,0.0,0.972196,2
1737285476.5368903,1068,1737285476,533665472,base_link,0,1,33.6371025,72.9912396,524.1858441173304,0.529984,0.0,0.0,0.0,0.529984,0.0,0.0,0.0,0.972196,2
1737285476.6388915,1069,1737285476,633665472,base_link,0,1,33.6371011,72.991239,524.2058331533806,0.5285289999999999,0.0,0.0,0.0,0.5285289999999999,0.0,0.0,0.0,0.972196,2
1737285476.7372863,1070,1737285476,733665984,base_link,0,1,33.6370996,72.9912383,524.2358211793693,0.5285289999999999,0.0,0.0,0.0,0.5285289999999999,0.0,0.0,0.0,0.972196,2
1737285476.8378143,1071,1737285476,833666240,base_link,0,1,33.6370981,72.9912376,524.2558092053883,0.525625,0.0,0.0,0.0,0.525625,0.0,0.0,0.0,0.972196,2
1737285476.9374304,1072,1737285476,933666240,base_link,0,1,33.6370965,72.9912369,524.2757966185175,0.525625,0.0,0.0,0.0,0.525625,0.0,0.0,0.0,0.972196,2
1737285477.037486,1073,1737285477,33666496,base_link,0,1,33.6370948,72.9912362,524.2957834187621,0.525625,0.0,0.0,0.0,0.525625,0.0,0.0,0.0,0.974169,2
1737285477.1377664,1074,1737285477,133666752,base_link,0,1,33.6370932,72.9912356,524.3157712291204,0.525625,0.0,0.0,0.0,0.525625,0.0,0.0,0.0,0.974169,2
1737285477.2371216,1075,1737285477,233667008,base_link,0,1,33.6370916,72.9912349,524.3357586423515,0.524176,0.0,0.0,0.0,0.524176,0.0,0.0,0.0,0.976144,2
1737285477.3374794,1076,1737285477,333667264,base_link,0,1,33.6370901,72.9912343,524.3457470656881,0.524176,0.0,0.0,0.0,0.524176,0.0,0.0,0.0,0.976144,2
1737285477.4372563,1077,1737285477,433667776,base_link,0,1,33.6370886,72.9912337,524.365735489053,0.522729,0.0,0.0,0.0,0.522729,0.0,0.0,0.0,0.976144,2
1737285477.537457,1078,1737285477,533668032,base_link,0,1,33.6370872,72.9912332,524.3757249225139,0.522729,0.0,0.0,0.0,0.522729,0.0,0.0,0.0,0.976144,2
1737285477.63698,1079,1737285477,633668288,base_link,0,1,33.6370859,72.9912326,524.3857145717514,0.522729,0.0,0.0,0.0,0.522729,0.0,0.0,0.0,0.976144,2
1737285477.7374,1080,1737285477,733668800,base_link,0,1,33.6370848,72.9912321,524.3857058439819,0.522729,0.0,0.0,0.0,0.522729,0.0,0.0,0.0,0.976144,2
1737285477.8371093,1081,1737285477,833669056,base_link,0,1,33.6370837,72.9912317,524.3956975133835,0.521284,0.0,0.0,0.0,0.521284,0.0,0.0,0.0,0.974169,2
1737285477.9392478,1082,1737285477,933669568,base_link,0,1,33.6370826,72.9912313,524.3956891828004,0.521284,0.0,0.0,0.0,0.521284,0.0,0.0,0.0,0.974169,2
1737285478.03861,1083,1737285478,34670080,base_link,0,1,33.6370817,72.9912309,524.3956820780405,0.519841,0.0,0.0,0.0,0.519841,0.0,0.0,0.0,0.974169,2
1737285478.1379128,1084,1737285478,133670592,base_link,0,1,33.6370807,72.9912305,524.3856743603881,0.519841,0.0,0.0,0.0,0.519841,0.0,0.0,0.0,0.974169,2
1737285478.2393522,1085,1737285478,233670848,base_link,0,1,33.6370797,72.9912301,524.3856666427483,0.519841,0.0,0.0,0.0,0.519841,0.0,0.0,0.0,0.974169,2
1737285478.3410504,1086,1737285478,334670080,base_link,0,1,33.6370787,72.9912297,524.3856589251214,0.519841,0.0,0.0,0.0,0.519841,0.0,0.0,0.0,0.974169,2
1737285478.437829,1087,1737285478,433671104,base_link,0,1,33.6370777,72.9912293,524.3856512075073,0.5184,0.0,0.0,0.0,0.5184,0.0,0.0,0.0,0.972196,2
1737285478.5377858,1088,1737285478,533670080,base_link,0,1,33.6370766,72.991229,524.3956432741584,0.5184,0.0,0.0,0.0,0.5184,0.0,0.0,0.0,0.972196,2
1737285478.6377735,1089,1737285478,633670592,base_link,0,1,33.6370754,72.9912286,524.4056343307748,0.515524,0.0,0.0,0.0,0.515524,0.0,0.0,0.0,0.972196,2
1737285478.7405038,1090,1737285478,733669824,base_link,0,1,33.6370743,72.9912283,524.4156263974553,0.515524,0.0,0.0,0.0,0.515524,0.0,0.0,0.0,0.972196,2
1737285478.83815,1091,1737285478,833670336,base_link,0,1,33.637073,72.9912279,524.4256168412093,0.5140889999999999,0.0,0.0,0.0,0.5140889999999999,0.0,0.0,0.0,0.970225,2
1737285478.937368,1092,1737285478,933669312,base_link,0,1,33.6370717,72.9912274,524.4356068878343,0.5140889999999999,0.0,0.0,0.0,0.5140889999999999,0.0,0.0,0.0,0.970225,2
1737285479.0376759,1093,1737285479,34669824,base_link,0,1,33.6370703,72.9912268,524.4455959244401,0.512656,0.0,0.0,0.0,0.512656,0.0,0.0,0.0,0.970225,2
1737285479.1379416,1094,1737285479,133670336,base_link,0,1,33.6370689,72.9912263,524.4555853582189,0.512656,0.0,0.0,0.0,0.512656,0.0,0.0,0.0,0.970225,2
1737285479.2378607,1095,1737285479,234671104,base_link,0,1,33.6370674,72.9912257,524.4655737819859,0.5112249999999999,0.0,0.0,0.0,0.5112249999999999,0.0,0.0,0.0,0.968256,2
1737285479.3375788,1096,1737285479,333675968,base_link,0,1,33.637066,72.9912251,524.4755628186691,0.5112249999999999,0.0,0.0,0.0,0.5112249999999999,0.0,0.0,0.0,0.968256,2
1737285479.4439898,1097,1737285479,435676736,base_link,0,1,33.6370647,72.9912245,524.4855524682645,0.5097959999999999,0.0,0.0,0.0,0.5097959999999999,0.0,0.0,0.0,0.968256,2
1737285479.5379622,1098,1737285479,533676224,base_link,0,1,33.6370634,72.991224,524.4955425150268,0.5097959999999999,0.0,0.0,0.0,0.5097959999999999,0.0,0.0,0.0,0.968256,2
1737285479.6385608,1099,1737285479,633676992,base_link,0,1,33.6370621,72.9912235,524.5055325618105,0.5097959999999999,0.0,0.0,0.0,0.5097959999999999,0.0,0.0,0.0,0.966289,2
1737285479.7381282,1100,1737285479,733676224,base_link,0,1,33.637061,72.991223,524.52552383438,0.5097959999999999,0.0,0.0,0.0,0.5097959999999999,0.0,0.0,0.0,0.966289,2
1737285479.8425872,1101,1737285479,833676736,base_link,0,1,33.6370598,72.9912226,524.5355148912271,0.508369,0.0,0.0,0.0,0.508369,0.0,0.0,0.0,0.968256,2
1737285479.9381285,1102,1737285479,934678016,base_link,0,1,33.6370588,72.9912222,524.5355071738516,0.508369,0.0,0.0,0.0,0.508369,0.0,0.0,0.0,0.968256,2
1737285480.039866,1103,1737285480,33678016,base_link,0,1,33.6370578,72.9912218,524.5454994564888,0.506944,0.0,0.0,0.0,0.506944,0.0,0.0,0.0,0.968256,2
1737285480.1411102,1104,1737285480,134677504,base_link,0,1,33.6370569,72.9912216,524.545493146299,0.506944,0.0,0.0,0.0,0.506944,0.0,0.0,0.0,0.968256,2
1737285480.2376258,1105,1737285480,233679552,base_link,0,1,33.6370561,72.9912213,524.5554870518547,0.5041,0.0,0.0,0.0,0.5041,0.0,0.0,0.0,0.970225,2
1737285480.3494112,1106,1737285480,333680576,base_link,0,1,33.6370553,72.9912212,524.555481751699,0.5041,0.0,0.0,0.0,0.5041,0.0,0.0,0.0,0.970225,2
1737285480.4438725,1107,1737285480,434680576,base_link,0,1,33.6370547,72.991221,524.5554772801613,0.5026809999999999,0.0,0.0,0.0,0.5026809999999999,0.0,0.0,0.0,0.972196,2
1737285480.5384135,1108,1737285480,534680064,base_link,0,1,33.6370542,72.9912209,524.5654738186431,0.5026809999999999,0.0,0.0,0.0,0.5026809999999999,0.0,0.0,0.0,0.972196,2
1737285480.6378942,1109,1737285480,633681344,base_link,0,1,33.6370538,72.9912209,524.5654713671422,0.5012639999999999,0.0,0.0,0.0,0.5012639999999999,0.0,0.0,0.0,0.972196,2
1737285480.73957,1110,1737285480,733681088,base_link,0,1,33.6370535,72.9912209,524.5854695285175,0.5012639999999999,0.0,0.0,0.0,0.5012639999999999,0.0,0.0,0.0,0.972196,2
1737285480.8379512,1111,1737285480,833682112,base_link,0,1,33.6370534,72.991221,524.6054693127822,0.49984899999999993,0.0,0.0,0.0,0.49984899999999993,0.0,0.0,0.0,0.972196,2
1737285480.9389586,1112,1737285480,933682112,base_link,0,1,33.6370534,72.9912211,524.6254697099218,0.49984899999999993,0.0,0.0,0.0,0.49984899999999993,0.0,0.0,0.0,0.972196,2
1737285481.03798,1113,1737285481,33682880,base_link,0,1,33.6370536,72.9912213,524.6454717299508,0.49843599999999993,0.0,0.0,0.0,0.49843599999999993,0.0,0.0,0.0,0.972196,2
1737285481.137979,1114,1737285481,133682624,base_link,0,1,33.6370539,72.9912214,524.665473965716,0.49843599999999993,0.0,0.0,0.0,0.49843599999999993,0.0,0.0,0.0,0.972196,2
1737285481.2387247,1115,1737285481,233683392,base_link,0,1,33.6370543,72.9912217,524.6854776086382,0.49843599999999993,0.0,0.0,0.0,0.49843599999999993,0.0,0.0,0.0,0.974169,2
1737285481.3419094,1116,1737285481,333683136,base_link,0,1,33.6370548,72.991222,524.6954818644394,0.49843599999999993,0.0,0.0,0.0,0.49843599999999993,0.0,0.0,0.0,0.974169,2
1737285481.4405627,1117,1737285481,433684160,base_link,0,1,33.6370553,72.9912224,524.7154865173851,0.49843599999999993,0.0,0.0,0.0,0.49843599999999993,0.0,0.0,0.0,0.976144,2
1737285481.538467,1118,1737285481,534683904,base_link,0,1,33.6370561,72.9912227,524.7254926118273,0.49843599999999993,0.0,0.0,0.0,0.49843599999999993,0.0,0.0,0.0,0.976144,2
1737285481.6388016,1119,1737285481,633684928,base_link,0,1,33.6370569,72.9912231,524.7254991034189,0.49843599999999993,0.0,0.0,0.0,0.49843599999999993,0.0,0.0,0.0,0.9801,2
1737285481.739893,1120,1737285481,733686208,base_link,0,1,33.6370578,72.9912235,524.7355062078992,0.49843599999999993,0.0,0.0,0.0,0.49843599999999993,0.0,0.0,0.0,0.9801,2
1737285481.8410425,1121,1737285481,833687232,base_link,0,1,33.6370589,72.991224,524.7355149352944,0.49843599999999993,0.0,0.0,0.0,0.49843599999999993,0.0,0.0,0.0,0.982081,2
1737285481.9433308,1122,1737285481,933687232,base_link,0,1,33.63706,72.9912245,524.7355236627056,0.49843599999999993,0.0,0.0,0.0,0.49843599999999993,0.0,0.0,0.0,0.982081,2
1737285482.038283,1123,1737285482,33688512,base_link,0,1,33.6370611,72.991225,524.7455323901331,0.49702499999999994,0.0,0.0,0.0,0.49702499999999994,0.0,0.0,0.0,0.9840639999999999,2
1737285482.1408324,1124,1737285482,133688512,base_link,0,1,33.6370624,72.9912255,524.7455423433458,0.49702499999999994,0.0,0.0,0.0,0.49702499999999994,0.0,0.0,0.0,0.9840639999999999,2
1737285482.239431,1125,1737285482,233688512,base_link,0,1,33.6370636,72.991226,524.7455516836939,0.49702499999999994,0.0,0.0,0.0,0.49702499999999994,0.0,0.0,0.0,0.982081,2
1737285482.3396091,1126,1737285482,335688512,base_link,0,1,33.6370649,72.9912266,524.7555620340937,0.49702499999999994,0.0,0.0,0.0,0.49702499999999994,0.0,0.0,0.0,0.982081,2
1737285482.4389338,1127,1737285482,433688256,base_link,0,1,33.6370661,72.9912271,524.755571374481,0.49561599999999995,0.0,0.0,0.0,0.49561599999999995,0.0,0.0,0.0,0.982081,2
1737285482.5377903,1128,1737285482,533688256,base_link,0,1,33.6370675,72.9912276,524.765581940667,0.49561599999999995,0.0,0.0,0.0,0.49561599999999995,0.0,0.0,0.0,0.982081,2
1737285482.6372623,1129,1737285482,633688000,base_link,0,1,33.6370689,72.9912282,524.7755929040248,0.49420899999999995,0.0,0.0,0.0,0.49420899999999995,0.0,0.0,0.0,0.982081,2
1737285482.7381783,1130,1737285482,734687744,base_link,0,1,33.6370704,72.9912289,524.7856048774504,0.49420899999999995,0.0,0.0,0.0,0.49420899999999995,0.0,0.0,0.0,0.982081,2
1737285482.8504755,1131,1737285482,834687488,base_link,0,1,33.6370719,72.9912295,524.8056164537568,0.49280399999999996,0.0,0.0,0.0,0.49280399999999996,0.0,0.0,0.0,0.982081,2
1737285482.9384975,1132,1737285482,933688768,base_link,0,1,33.6370734,72.9912302,524.815628427242,0.49280399999999996,0.0,0.0,0.0,0.49280399999999996,0.0,0.0,0.0,0.982081,2
1737285483.0369844,1133,1737285483,33688768,base_link,0,1,33.6370749,72.9912308,524.8356400036065,0.49280399999999996,0.0,0.0,0.0,0.49280399999999996,0.0,0.0,0.0,0.982081,2
1737285483.1389222,1134,1737285483,133688768,base_link,0,1,33.6370763,72.9912314,524.8456509671001,0.49280399999999996,0.0,0.0,0.0,0.49280399999999996,0.0,0.0,0.0,0.982081,2
1737285483.2370389,1135,1737285483,233688768,base_link,0,1,33.6370776,72.9912319,524.8656609205656,0.49280399999999996,0.0,0.0,0.0,0.49280399999999996,0.0,0.0,0.0,0.982081,2
1737285483.3369389,1136,1737285483,334689024,base_link,0,1,33.6370789,72.9912325,524.8756712712054,0.49280399999999996,0.0,0.0,0.0,0.49280399999999996,0.0,0.0,0.0,0.982081,2
1737285483.4379365,1137,1737285483,433689024,base_link,0,1,33.6370801,72.991233,524.8856806118104,0.4914009999999999,0.0,0.0,0.0,0.4914009999999999,0.0,0.0,0.0,0.9840639999999999,2
1737285483.5375192,1138,1737285483,534689280,base_link,0,1,33.6370812,72.9912334,524.8956889423745,0.4914009999999999,0.0,0.0,0.0,0.4914009999999999,0.0,0.0,0.0,0.9840639999999999,2
1737285483.6376634,1139,1737285483,633689280,base_link,0,1,33.6370822,72.9912338,524.9056966600475,0.4914009999999999,0.0,0.0,0.0,0.4914009999999999,0.0,0.0,0.0,0.9840639999999999,2
1737285483.7380114,1140,1737285483,734690304,base_link,0,1,33.6370832,72.9912341,524.9057039805779,0.4914009999999999,0.0,0.0,0.0,0.4914009999999999,0.0,0.0,0.0,0.9840639999999999,2
1737285483.8408146,1141,1737285483,833690304,base_link,0,1,33.6370841,72.9912344,524.9057106882119,0.48999999999999994,0.0,0.0,0.0,0.48999999999999994,0.0,0.0,0.0,0.986049,2
1737285483.9390743,1142,1737285483,934690816,base_link,0,1,33.6370849,72.9912347,524.905716782947,0.48999999999999994,0.0,0.0,0.0,0.48999999999999994,0.0,0.0,0.0,0.986049,2
1737285484.0371852,1143,1737285484,33691072,base_link,0,1,33.6370856,72.9912348,524.9057214704671,0.48999999999999994,0.0,0.0,0.0,0.48999999999999994,0.0,0.0,0.0,0.988036,2
1737285484.1373737,1144,1737285484,133691584,base_link,0,1,33.6370863,72.9912349,524.9057261579921,0.48999999999999994,0.0,0.0,0.0,0.48999999999999994,0.0,0.0,0.0,0.988036,2
1737285484.2371273,1145,1737285484,233691840,base_link,0,1,33.6370869,72.991235,524.9057302326116,0.4914009999999999,0.0,0.0,0.0,0.4914009999999999,0.0,0.0,0.0,0.990025,2
1737285484.337383,1146,1737285484,333692096,base_link,0,1,33.6370874,72.991235,524.905733297166,0.4914009999999999,0.0,0.0,0.0,0.4914009999999999,0.0,0.0,0.0,0.990025,2
1737285484.4378006,1147,1737285484,433692352,base_link,0,1,33.6370879,72.991235,524.9057363617226,0.4914009999999999,0.0,0.0,0.0,0.4914009999999999,0.0,0.0,0.0,0.992016,2
1737285484.5418344,1148,1737285484,533692864,base_link,0,1,33.6370883,72.991235,524.8957388133696,0.4914009999999999,0.0,0.0,0.0,0.4914009999999999,0.0,0.0,0.0,0.992016,2
1737285484.6416774,1149,1737285484,634693120,base_link,0,1,33.6370887,72.9912349,524.8957408678598,0.49280399999999996,0.0,0.0,0.0,0.49280399999999996,0.0,0.0,0.0,0.992016,2
1737285484.7420063,1150,1737285484,734698752,base_link,0,1,33.637089,72.9912349,524.8957427065968,0.49280399999999996,0.0,0.0,0.0,0.49280399999999996,0.0,0.0,0.0,0.992016,2
1737285484.838655,1151,1737285484,834701824,base_link,0,1,33.6370894,72.9912349,524.8957451582475,0.49420899999999995,0.0,0.0,0.0,0.49420899999999995,0.0,0.0,0.0,0.992016,2
1737285484.9392953,1152,1737285484,934701824,base_link,0,1,33.6370897,72.9912349,524.9057469969864,0.49420899999999995,0.0,0.0,0.0,0.49420899999999995,0.0,0.0,0.0,0.992016,2
1737285485.0422356,1153,1737285485,34701824,base_link,0,1,33.6370902,72.991235,524.9057504587119,0.49561599999999995,0.0,0.0,0.0,0.49561599999999995,0.0,0.0,0.0,0.994009,2
1737285485.137475,1154,1737285485,134701824,base_link,0,1,33.6370908,72.9912351,524.9057545333541,0.49561599999999995,0.0,0.0,0.0,0.49561599999999995,0.0,0.0,0.0,0.994009,2
1737285485.2426596,1155,1737285485,234701824,base_link,0,1,33.6370915,72.9912354,524.9157600152334,0.49843599999999993,0.0,0.0,0.0,0.49843599999999993,0.0,0.0,0.0,0.994009,2
1737285485.338552,1156,1737285485,333701824,base_link,0,1,33.6370923,72.9912357,524.925766110035,0.49843599999999993,0.0,0.0,0.0,0.49843599999999993,0.0,0.0,0.0,0.994009,2
1737285485.4398324,1157,1737285485,433706432,base_link,0,1,33.6370934,72.9912362,524.9257748379157,0.49984899999999993,0.0,0.0,0.0,0.49984899999999993,0.0,0.0,0.0,0.996004,2
1737285485.5417035,1158,1737285485,534711552,base_link,0,1,33.6370947,72.9912368,524.9357851888101,0.49984899999999993,0.0,0.0,0.0,0.49984899999999993,0.0,0.0,0.0,0.996004,2
1737285485.642292,1159,1737285485,634711552,base_link,0,1,33.6370961,72.9912375,524.9457965498088,0.5012639999999999,0.0,0.0,0.0,0.5012639999999999,0.0,0.0,0.0,0.996004,2
1737285485.7388668,1160,1737285485,734714624,base_link,0,1,33.6370977,72.9912382,524.9558091366779,0.5012639999999999,0.0,0.0,0.0,0.5012639999999999,0.0,0.0,0.0,0.996004,2
1737285485.8372788,1161,1737285485,833714624,base_link,0,1,33.6370995,72.991239,524.9658233465913,0.5026809999999999,0.0,0.0,0.0,0.5026809999999999,0.0,0.0,0.0,0.996004,2
1737285485.9379256,1162,1737285485,933713600,base_link,0,1,33.6371015,72.9912399,524.9758391795636,0.5026809999999999,0.0,0.0,0.0,0.5026809999999999,0.0,0.0,0.0,0.996004,2
1737285486.039272,1163,1737285486,34713856,base_link,0,1,33.6371035,72.9912408,524.9958550125891,0.5041,0.0,0.0,0.0,0.5041,0.0,0.0,0.0,0.996004,2
1737285486.141143,1164,1737285486,133713088,base_link,0,1,33.6371056,72.9912418,525.0158718557649,0.5041,0.0,0.0,0.0,0.5041,0.0,0.0,0.0,0.996004,2
1737285486.2382302,1165,1737285486,233713344,base_link,0,1,33.6371077,72.9912427,525.0258883018324,0.505521,0.0,0.0,0.0,0.505521,0.0,0.0,0.0,0.994009,2
1737285486.3416646,1166,1737285486,333712320,base_link,0,1,33.6371099,72.9912437,525.0459057580616,0.505521,0.0,0.0,0.0,0.505521,0.0,0.0,0.0,0.994009,2
1737285486.4382827,1167,1737285486,433712576,base_link,0,1,33.637112,72.9912447,525.0659226014182,0.506944,0.0,0.0,0.0,0.506944,0.0,0.0,0.0,0.994009,2
1737285486.5379796,1168,1737285486,533711552,base_link,0,1,33.6371141,72.9912456,525.0859390476628,0.506944,0.0,0.0,0.0,0.506944,0.0,0.0,0.0,0.994009,2
1737285486.6391664,1169,1737285486,633711552,base_link,0,1,33.6371161,72.9912466,525.1159552781962,0.506944,0.0,0.0,0.0,0.506944,0.0,0.0,0.0,0.996004,2
1737285486.737648,1170,1737285486,733710784,base_link,0,1,33.6371182,72.9912475,525.135971724555,0.506944,0.0,0.0,0.0,0.506944,0.0,0.0,0.0,0.996004,2
1737285486.8441532,1171,1737285486,833711296,base_link,0,1,33.6371201,72.9912485,525.1559873422539,0.508369,0.0,0.0,0.0,0.508369,0.0,0.0,0.0,0.998001,2
1737285486.9377363,1172,1737285486,933711808,base_link,0,1,33.637122,72.9912495,525.1760029600038,0.508369,0.0,0.0,0.0,0.508369,0.0,0.0,0.0,0.998001,2
1737285487.0376601,1173,1737285487,33712320,base_link,0,1,33.6371238,72.9912507,525.1860187592083,0.5097959999999999,0.0,0.0,0.0,0.5097959999999999,0.0,0.0,0.0,1.0,2
1737285487.1380126,1174,1737285487,133712832,base_link,0,1,33.6371254,72.991252,525.196033729737,0.5097959999999999,0.0,0.0,0.0,0.5097959999999999,0.0,0.0,0.0,1.0,2
1737285487.2381306,1175,1737285487,233713600,base_link,0,1,33.6371269,72.9912536,525.1960492788932,0.5097959999999999,0.0,0.0,0.0,0.5097959999999999,0.0,0.0,0.0,1.0060089999999997,2
1737285487.3380003,1176,1737285487,334714112,base_link,0,1,33.6371283,72.9912551,525.1960638179598,0.5097959999999999,0.0,0.0,0.0,0.5097959999999999,0.0,0.0,0.0,1.0060089999999997,2
1737285487.4378839,1177,1737285487,433714624,base_link,0,1,33.6371296,72.9912567,525.1860781412902,0.5112249999999999,0.0,0.0,0.0,0.5112249999999999,0.0,0.0,0.0,1.012036,2
1737285487.5381567,1178,1737285487,533715392,base_link,0,1,33.6371308,72.9912583,525.1860918516998,0.5112249999999999,0.0,0.0,0.0,0.5112249999999999,0.0,0.0,0.0,1.012036,2
1737285487.6378753,1179,1737285487,633716160,base_link,0,1,33.6371319,72.9912599,525.1761049491832,0.512656,0.0,0.0,0.0,0.512656,0.0,0.0,0.0,1.0180809999999998,2
1737285487.7378314,1180,1737285487,733715904,base_link,0,1,33.6371329,72.9912614,525.176117036552,0.512656,0.0,0.0,0.0,0.512656,0.0,0.0,0.0,1.0180809999999998,2
1737285487.837848,1181,1737285487,833716672,base_link,0,1,33.6371338,72.9912629,525.1661285109834,0.512656,0.0,0.0,0.0,0.512656,0.0,0.0,0.0,1.0201,2
1737285487.9381464,1182,1737285487,933716160,base_link,0,1,33.6371346,72.9912643,525.1561389752881,0.512656,0.0,0.0,0.0,0.512656,0.0,0.0,0.0,1.0201,2
1737285488.0378766,1183,1737285488,34716928,base_link,0,1,33.6371353,72.9912657,525.1561488266457,0.512656,0.0,0.0,0.0,0.512656,0.0,0.0,0.0,1.024144,2
1737285488.1410868,1184,1737285488,133717952,base_link,0,1,33.6371359,72.991267,525.1561576678663,0.512656,0.0,0.0,0.0,0.512656,0.0,0.0,0.0,1.024144,2
1737285488.2396204,1185,1737285488,233718720,base_link,0,1,33.6371364,72.9912681,525.1461651017587,0.5112249999999999,0.0,0.0,0.0,0.5112249999999999,0.0,0.0,0.0,1.0261689999999999,2
1737285488.3379593,1186,1737285488,333718208,base_link,0,1,33.6371368,72.9912692,525.1461719226908,0.5112249999999999,0.0,0.0,0.0,0.5112249999999999,0.0,0.0,0.0,1.0261689999999999,2
1737285488.4381287,1187,1737285488,433718976,base_link,0,1,33.6371371,72.9912702,525.1361777334728,0.5112249999999999,0.0,0.0,0.0,0.5112249999999999,0.0,0.0,0.0,1.0261689999999999,2
1737285488.5385668,1188,1737285488,533718720,base_link,0,1,33.6371373,72.991271,525.1361821369142,0.5112249999999999,0.0,0.0,0.0,0.5112249999999999,0.0,0.0,0.0,1.0261689999999999,2
1737285488.6385658,1189,1737285488,633719744,base_link,0,1,33.6371376,72.9912718,525.1261871533305,0.5097959999999999,0.0,0.0,0.0,0.5097959999999999,0.0,0.0,0.0,1.0261689999999999,2
1737285488.7387133,1190,1737285488,733719488,base_link,0,1,33.6371378,72.9912725,525.1261911595906,0.5097959999999999,0.0,0.0,0.0,0.5097959999999999,0.0,0.0,0.0,1.0261689999999999,2
1737285488.837935,1191,1737285488,833720512,base_link,0,1,33.637138,72.9912732,525.1161951658535,0.5097959999999999,0.0,0.0,0.0,0.5097959999999999,0.0,0.0,0.0,1.028196,2
1737285488.9381125,1192,1737285488,933720256,base_link,0,1,33.6371381,72.9912737,525.1061977647687,0.5097959999999999,0.0,0.0,0.0,0.5097959999999999,0.0,0.0,0.0,1.028196,2
1737285489.038064,1193,1737285489,33721280,base_link,0,1,33.6371382,72.9912742,525.096200363685,0.508369,0.0,0.0,0.0,0.508369,0.0,0.0,0.0,1.028196,2
1737285489.1380045,1194,1737285489,133720768,base_link,0,1,33.6371383,72.9912746,525.0862025654136,0.508369,0.0,0.0,0.0,0.508369,0.0,0.0,0.0,1.028196,2
1737285489.2379096,1195,1737285489,233721792,base_link,0,1,33.6371384,72.991275,525.076204767143,0.506944,0.0,0.0,0.0,0.506944,0.0,0.0,0.0,1.0302249999999997,2
1737285489.3375795,1196,1737285489,333721536,base_link,0,1,33.6371384,72.9912753,525.05620595871,0.506944,0.0,0.0,0.0,0.506944,0.0,0.0,0.0,1.0302249999999997,2
1737285489.439107,1197,1737285489,433722560,base_link,0,1,33.6371384,72.9912755,525.0462067530882,0.506944,0.0,0.0,0.0,0.506944,0.0,0.0,0.0,1.0302249999999997,2
1737285489.5379663,1198,1737285489,534724096,base_link,0,1,33.6371384,72.9912757,525.0362075474665,0.506944,0.0,0.0,0.0,0.506944,0.0,0.0,0.0,1.0302249999999997,2
1737285489.6380243,1199,1737285489,633723584,base_link,0,1,33.6371384,72.9912758,525.0362079446556,0.506944,0.0,0.0,0.0,0.506944,0.0,0.0,0.0,1.032256,2
1737285489.7374775,1200,1737285489,733723328,base_link,0,1,33.6371383,72.9912759,525.0262077288705,0.506944,0.0,0.0,0.0,0.506944,0.0,0.0,0.0,1.032256,2
1737285489.838079,1201,1737285489,833723072,base_link,0,1,33.6371381,72.9912759,525.0162065029224,0.505521,0.0,0.0,0.0,0.505521,0.0,0.0,0.0,1.0342889999999998,2
1737285489.9386256,1202,1737285489,933723072,base_link,0,1,33.637138,72.9912758,525.0162054927594,0.505521,0.0,0.0,0.0,0.505521,0.0,0.0,0.0,1.0342889999999998,2
1737285490.039383,1203,1737285490,34722816,base_link,0,1,33.6371378,72.9912757,525.0062038696228,0.505521,0.0,0.0,0.0,0.505521,0.0,0.0,0.0,1.036324,2
1737285490.1373932,1204,1737285490,133724352,base_link,0,1,33.6371376,72.9912756,524.996202246487,0.505521,0.0,0.0,0.0,0.505521,0.0,0.0,0.0,1.036324,2
1737285490.2376468,1205,1737285490,233724096,base_link,0,1,33.6371374,72.9912754,524.986200226163,0.5041,0.0,0.0,0.0,0.5041,0.0,0.0,0.0,1.0383609999999999,2
1737285490.337622,1206,1737285490,333724096,base_link,0,1,33.6371373,72.9912752,524.9861988188126,0.5041,0.0,0.0,0.0,0.5041,0.0,0.0,0.0,1.0383609999999999,2
1737285490.4387739,1207,1737285490,433723840,base_link,0,1,33.6371372,72.9912751,524.9761978086511,0.5026809999999999,0.0,0.0,0.0,0.5026809999999999,0.0,0.0,0.0,1.0404,2
1737285490.536635,1208,1737285490,533723840,base_link,0,1,33.6371371,72.9912749,524.9861964013015,0.5026809999999999,0.0,0.0,0.0,0.5026809999999999,0.0,0.0,0.0,1.0404,2
1737285490.6371691,1209,1737285490,633723584,base_link,0,1,33.637137,72.9912748,524.9861953911405,0.5012639999999999,0.0,0.0,0.0,0.5012639999999999,0.0,0.0,0.0,1.0424409999999997,2
1737285490.7375922,1210,1737285490,733723584,base_link,0,1,33.637137,72.9912746,524.996194596764,0.5012639999999999,0.0,0.0,0.0,0.5012639999999999,0.0,0.0,0.0,1.0424409999999997,2
1737285490.8374796,1211,1737285490,833723328,base_link,0,1,33.637137,72.9912745,525.0061941995757,0.5012639999999999,0.0,0.0,0.0,0.5012639999999999,0.0,0.0,0.0,1.0424409999999997,2
1737285490.937595,1212,1737285490,933723328,base_link,0,1,33.637137,72.9912744,525.0161938023874,0.5012639999999999,0.0,0.0,0.0,0.5012639999999999,0.0,0.0,0.0,1.0424409999999997,2
1737285491.0371315,1213,1737285491,33723072,base_link,0,1,33.637137,72.9912743,525.0161934051993,0.49984899999999993,0.0,0.0,0.0,0.49984899999999993,0.0,0.0,0.0,1.044484,2
1737285491.1377068,1214,1737285491,133723328,base_link,0,1,33.637137,72.9912741,525.0261926108228,0.49984899999999993,0.0,0.0,0.0,0.49984899999999993,0.0,0.0,0.0,1.044484,2
1737285491.23716,1215,1737285491,233723072,base_link,0,1,33.637137,72.991274,525.0361922136346,0.49843599999999993,0.0,0.0,0.0,0.49843599999999993,0.0,0.0,0.0,1.044484,2
1737285491.337115,1216,1737285491,333723328,base_link,0,1,33.637137,72.9912739,525.0361918164465,0.49843599999999993,0.0,0.0,0.0,0.49843599999999993,0.0,0.0,0.0,1.044484,2
1737285491.4377809,1217,1737285491,433723328,base_link,0,1,33.6371369,72.9912739,525.0461912034743,0.49843599999999993,0.0,0.0,0.0,0.49843599999999993,0.0,0.0,0.0,1.044484,2
1737285491.538125,1218,1737285491,533723328,base_link,0,1,33.6371369,72.9912738,525.0561908062864,0.49843599999999993,0.0,0.0,0.0,0.49843599999999993,0.0,0.0,0.0,1.044484,2
1737285491.6386607,1219,1737285491,633723328,base_link,0,1,33.6371369,72.9912738,525.0561908062864,0.49702499999999994,0.0,0.0,0.0,0.49702499999999994,0.0,0.0,0.0,1.0465289999999998,2
1737285491.738399,1220,1737285491,733728192,base_link,0,1,33.6371368,72.9912739,525.0561905905023,0.49702499999999994,0.0,0.0,0.0,0.49702499999999994,0.0,0.0,0.0,1.0465289999999998,2
1737285491.8380482,1221,1737285491,833728192,base_link,0,1,33.6371368,72.9912739,525.0561905905023,0.49702499999999994,0.0,0.0,0.0,0.49702499999999994,0.0,0.0,0.0,1.048576,2
1737285491.937819,1222,1737285491,933728192,base_link,0,1,33.6371367,72.9912739,525.0561899775304,0.49702499999999994,0.0,0.0,0.0,0.49702499999999994,0.0,0.0,0.0,1.048576,2
1737285492.0379844,1223,1737285492,33733312,base_link,0,1,33.6371367,72.991274,525.0561903747184,0.49561599999999995,0.0,0.0,0.0,0.49561599999999995,0.0,0.0,0.0,1.050625,2
1737285492.1376998,1224,1737285492,133739456,base_link,0,1,33.6371366,72.991274,525.0561897617465,0.49561599999999995,0.0,0.0,0.0,0.49561599999999995,0.0,0.0,0.0,1.050625,2
1737285492.2377944,1225,1737285492,233739456,base_link,0,1,33.6371366,72.9912741,525.0561901589344,0.49561599999999995,0.0,0.0,0.0,0.49561599999999995,0.0,0.0,0.0,1.052676,2
1737285492.3374708,1226,1737285492,333739712,base_link,0,1,33.6371365,72.9912741,525.0561895459625,0.49561599999999995,0.0,0.0,0.0,0.49561599999999995,0.0,0.0,0.0,1.052676,2
1737285492.4380536,1227,1737285492,433739968,base_link,0,1,33.6371364,72.9912742,525.0561893301788,0.49420899999999995,0.0,0.0,0.0,0.49420899999999995,0.0,0.0,0.0,1.0547289999999998,2
1737285492.5393019,1228,1737285492,533740224,base_link,0,1,33.6371364,72.9912742,525.0561893301788,0.49420899999999995,0.0,0.0,0.0,0.49420899999999995,0.0,0.0,0.0,1.0547289999999998,2
1737285492.6375995,1229,1737285492,633745344,base_link,0,1,33.6371364,72.9912743,525.0561897273667,0.49420899999999995,0.0,0.0,0.0,0.49420899999999995,0.0,0.0,0.0,1.056784,2
1737285492.7381778,1230,1737285492,733745856,base_link,0,1,33.6371364,72.9912744,525.0561901245546,0.49420899999999995,0.0,0.0,0.0,0.49420899999999995,0.0,0.0,0.0,1.056784,2
1737285492.838018,1231,1737285492,833745856,base_link,0,1,33.6371364,72.9912744,525.0561901245546,0.49420899999999995,0.0,0.0,0.0,0.49420899999999995,0.0,0.0,0.0,1.058841,2
1737285492.9376445,1232,1737285492,933751232,base_link,0,1,33.6371364,72.9912745,525.0561905217426,0.49420899999999995,0.0,0.0,0.0,0.49420899999999995,0.0,0.0,0.0,1.058841,2
1737285493.038301,1233,1737285493,33751744,base_link,0,1,33.6371364,72.9912746,525.0561909189306,0.49561599999999995,0.0,0.0,0.0,0.49561599999999995,0.0,0.0,0.0,1.0629609999999998,2
1737285493.1373534,1234,1737285493,133752256,base_link,0,1,33.6371364,72.9912747,525.0561913161187,0.49561599999999995,0.0,0.0,0.0,0.49561599999999995,0.0,0.0,0.0,1.0629609999999998,2
1737285493.2375855,1235,1737285493,233752768,base_link,0,1,33.6371364,72.9912747,525.0561913161187,0.49561599999999995,0.0,0.0,0.0,0.49561599999999995,0.0,0.0,0.0,1.0670889999999997,2
1737285493.3416262,1236,1737285493,333756608,base_link,0,1,33.6371364,72.9912748,525.0561917133067,0.49561599999999995,0.0,0.0,0.0,0.49561599999999995,0.0,0.0,0.0,1.0670889999999997,2
1737285493.4382105,1237,1737285493,433757120,base_link,0,1,33.6371363,72.991275,525.0561918947108,0.49702499999999994,0.0,0.0,0.0,0.49702499999999994,0.0,0.0,0.0,1.0712249999999999,2
1737285493.5378847,1238,1737285493,533756096,base_link,0,1,33.6371363,72.991275,525.0561918947108,0.49702499999999994,0.0,0.0,0.0,0.49702499999999994,0.0,0.0,0.0,1.0712249999999999,2
1737285493.6376672,1239,1737285493,633756608,base_link,0,1,33.6371363,72.9912751,525.0561922918988,0.49843599999999993,0.0,0.0,0.0,0.49843599999999993,0.0,0.0,0.0,1.077444,2
1737285493.737634,1240,1737285493,733760192,base_link,0,1,33.6371363,72.9912752,525.056192689087,0.49843599999999993,0.0,0.0,0.0,0.49843599999999993,0.0,0.0,0.0,1.077444,2
1737285493.8383355,1241,1737285493,833760960,base_link,0,1,33.6371363,72.9912752,525.056192689087,0.49843599999999993,0.0,0.0,0.0,0.49843599999999993,0.0,0.0,0.0,1.0795209999999997,2
1737285493.9405158,1242,1737285493,933760192,base_link,0,1,33.6371362,72.9912753,525.056192473303,0.49843599999999993,0.0,0.0,0.0,0.49843599999999993,0.0,0.0,0.0,1.0795209999999997,2
1737285494.0378916,1243,1737285494,33760704,base_link,0,1,33.6371362,72.9912753,525.056192473303,0.49702499999999994,0.0,0.0,0.0,0.49702499999999994,0.0,0.0,0.0,1.0816000000000001,2
1737285494.1377919,1244,1737285494,133759936,base_link,0,1,33.6371362,72.9912753,525.056192473303,0.49702499999999994,0.0,0.0,0.0,0.49702499999999994,0.0,0.0,0.0,1.0816000000000001,2
1737285494.2375956,1245,1737285494,233764032,base_link,0,1,33.6371362,72.9912753,525.056192473303,0.49702499999999994,0.0,0.0,0.0,0.49702499999999994,0.0,0.0,0.0,1.083681,2
1737285494.3377085,1246,1737285494,333763520,base_link,0,1,33.6371362,72.9912754,525.056192870491,0.49702499999999994,0.0,0.0,0.0,0.49702499999999994,0.0,0.0,0.0,1.083681,2
1737285494.4377558,1247,1737285494,434767616,base_link,0,1,33.6371361,72.9912755,525.056192654707,0.49561599999999995,0.0,0.0,0.0,0.49561599999999995,0.0,0.0,0.0,1.083681,2
1737285494.5375946,1248,1737285494,534766848,base_link,0,1,33.6371361,72.9912755,525.056192654707,0.49561599999999995,0.0,0.0,0.0,0.49561599999999995,0.0,0.0,0.0,1.083681,2
1737285494.6386173,1249,1737285494,633770944,base_link,0,1,33.637136,72.9912755,525.056192041735,0.49420899999999995,0.0,0.0,0.0,0.49420899999999995,0.0,0.0,0.0,1.083681,2
1737285494.7377503,1250,1737285494,733775040,base_link,0,1,33.6371361,72.9912755,525.066192654707,0.49420899999999995,0.0,0.0,0.0,0.49420899999999995,0.0,0.0,0.0,1.083681,2
1737285494.838321,1251,1737285494,833779136,base_link,0,1,33.6371361,72.9912755,525.066192654707,0.49280399999999996,0.0,0.0,0.0,0.49280399999999996,0.0,0.0,0.0,1.0857640000000002,2
1737285494.9379232,1252,1737285494,933784768,base_link,0,1,33.6371361,72.9912755,525.066192654707,0.49280399999999996,0.0,0.0,0.0,0.49280399999999996,0.0,0.0,0.0,1.0857640000000002,2
1737285495.0376742,1253,1737285495,33785536,base_link,0,1,33.6371361,72.9912755,525.076192654707,0.49280399999999996,0.0,0.0,0.0,0.49280399999999996,0.0,0.0,0.0,1.0857640000000002,2
1737285495.1380036,1254,1737285495,133784768,base_link,0,1,33.6371361,72.9912754,525.076192257519,0.49280399999999996,0.0,0.0,0.0,0.49280399999999996,0.0,0.0,0.0,1.0857640000000002,2
1737285495.2394912,1255,1737285495,233785536,base_link,0,1,33.6371361,72.9912754,525.076192257519,0.4914009999999999,0.0,0.0,0.0,0.4914009999999999,0.0,0.0,0.0,1.0857640000000002,2
1737285495.338016,1256,1737285495,333791424,base_link,0,1,33.6371361,72.9912754,525.076192257519,0.4914009999999999,0.0,0.0,0.0,0.4914009999999999,0.0,0.0,0.0,1.0857640000000002,2
1737285495.4380517,1257,1737285495,433792448,base_link,0,1,33.6371361,72.9912753,525.0761918603309,0.48999999999999994,0.0,0.0,0.0,0.48999999999999994,0.0,0.0,0.0,1.0878489999999998,2
1737285495.5383494,1258,1737285495,533798336,base_link,0,1,33.6371361,72.9912753,525.0761918603309,0.48999999999999994,0.0,0.0,0.0,0.48999999999999994,0.0,0.0,0.0,1.0878489999999998,2
1737285495.638162,1259,1737285495,634802688,base_link,0,1,33.6371361,72.9912752,525.0761914631429,0.48999999999999994,0.0,0.0,0.0,0.48999999999999994,0.0,0.0,0.0,1.0878489999999998,2
1737285495.7380233,1260,1737285495,733803712,base_link,0,1,33.6371361,72.9912752,525.0761914631429,0.48999999999999994,0.0,0.0,0.0,0.48999999999999994,0.0,0.0,0.0,1.0878489999999998,2
1737285495.8385794,1261,1737285495,833808064,base_link,0,1,33.6371361,72.9912752,525.0761914631429,0.48999999999999994,0.0,0.0,0.0,0.48999999999999994,0.0,0.0,0.0,1.0878489999999998,2
1737285495.939152,1262,1737285495,933812416,base_link,0,1,33.6371361,72.9912752,525.0761914631429,0.48999999999999994,0.0,0.0,0.0,0.48999999999999994,0.0,0.0,0.0,1.0878489999999998,2
1737285496.0385394,1263,1737285496,33817024,base_link,0,1,33.6371361,72.9912751,525.0761910659548,0.48999999999999994,0.0,0.0,0.0,0.48999999999999994,0.0,0.0,0.0,1.089936,2
1737285496.1387405,1264,1737285496,133818048,base_link,0,1,33.6371361,72.9912751,525.0761910659548,0.48999999999999994,0.0,0.0,0.0,0.48999999999999994,0.0,0.0,0.0,1.089936,2
1737285496.2420733,1265,1737285496,233819072,base_link,0,1,33.6371361,72.9912751,525.0761910659548,0.48999999999999994,0.0,0.0,0.0,0.48999999999999994,0.0,0.0,0.0,1.089936,2
1737285496.3382883,1266,1737285496,333818816,base_link,0,1,33.6371361,72.9912751,525.0861910659548,0.48999999999999994,0.0,0.0,0.0,0.48999999999999994,0.0,0.0,0.0,1.089936,2
1737285496.4383457,1267,1737285496,433819840,base_link,0,1,33.6371361,72.9912751,525.0861910659548,0.48999999999999994,0.0,0.0,0.0,0.48999999999999994,0.0,0.0,0.0,1.089936,2
1737285496.538397,1268,1737285496,533820864,base_link,0,1,33.6371361,72.991275,525.0861906687669,0.48999999999999994,0.0,0.0,0.0,0.48999999999999994,0.0,0.0,0.0,1.089936,2
1737285496.6384275,1269,1737285496,633821888,base_link,0,1,33.6371361,72.991275,525.0861906687669,0.48999999999999994,0.0,0.0,0.0,0.48999999999999994,0.0,0.0,0.0,1.089936,2
1737285496.7371063,1270,1737285496,733826496,base_link,0,1,33.6371361,72.991275,525.0861906687669,0.48999999999999994,0.0,0.0,0.0,0.48999999999999994,0.0,0.0,0.0,1.089936,2
1737285496.8379183,1271,1737285496,833827776,base_link,0,1,33.6371361,72.991275,525.0861906687669,0.48999999999999994,0.0,0.0,0.0,0.48999999999999994,0.0,0.0,0.0,1.089936,2
1737285496.9429624,1272,1737285496,933832384,base_link,0,1,33.6371361,72.9912749,525.0861902715789,0.48999999999999994,0.0,0.0,0.0,0.48999999999999994,0.0,0.0,0.0,1.089936,2
1737285497.03677,1273,1737285497,33832128,base_link,0,1,33.6371361,72.9912749,525.0861902715789,0.48860099999999995,0.0,0.0,0.0,0.48860099999999995,0.0,0.0,0.0,1.0920249999999998,2
1737285497.1382847,1274,1737285497,133831872,base_link,0,1,33.6371362,72.9912749,525.0861908845507,0.48860099999999995,0.0,0.0,0.0,0.48860099999999995,0.0,0.0,0.0,1.0920249999999998,2
1737285497.23847,1275,1737285497,233836736,base_link,0,1,33.6371362,72.991275,525.0861912817388,0.48860099999999995,0.0,0.0,0.0,0.48860099999999995,0.0,0.0,0.0,1.0920249999999998,2
1737285497.3369236,1276,1737285497,333841600,base_link,0,1,33.6371363,72.991275,525.0861918947107,0.48860099999999995,0.0,0.0,0.0,0.48860099999999995,0.0,0.0,0.0,1.0920249999999998,2
1737285497.437113,1277,1737285497,433841344,base_link,0,1,33.6371363,72.991275,525.0861918947107,0.4872039999999999,0.0,0.0,0.0,0.4872039999999999,0.0,0.0,0.0,1.0920249999999998,2
1737285497.5368557,1278,1737285497,533841344,base_link,0,1,33.6371363,72.991275,525.0861918947107,0.4872039999999999,0.0,0.0,0.0,0.4872039999999999,0.0,0.0,0.0,1.0920249999999998,2
1737285497.638239,1279,1737285497,633841088,base_link,0,1,33.6371364,72.991275,525.0861925076829,0.4872039999999999,0.0,0.0,0.0,0.4872039999999999,0.0,0.0,0.0,1.0920249999999998,2
1737285497.7369454,1280,1737285497,733841088,base_link,0,1,33.6371364,72.991275,525.0861925076829,0.4872039999999999,0.0,0.0,0.0,0.4872039999999999,0.0,0.0,0.0,1.0920249999999998,2
1737285497.8374944,1281,1737285497,833845952,base_link,0,1,33.6371364,72.9912749,525.0861921104947,0.48580899999999994,0.0,0.0,0.0,0.48580899999999994,0.0,0.0,0.0,1.0920249999999998,2
1737285497.9376159,1282,1737285497,933850816,base_link,0,1,33.6371364,72.9912749,525.0861921104947,0.48580899999999994,0.0,0.0,0.0,0.48580899999999994,0.0,0.0,0.0,1.0920249999999998,2
1737285498.0376375,1283,1737285498,33855680,base_link,0,1,33.6371364,72.9912748,525.0861917133067,0.48441599999999996,0.0,0.0,0.0,0.48441599999999996,0.0,0.0,0.0,1.0920249999999998,2
1737285498.1373966,1284,1737285498,133860544,base_link,0,1,33.6371365,72.9912748,525.0961923262788,0.48441599999999996,0.0,0.0,0.0,0.48441599999999996,0.0,0.0,0.0,1.0920249999999998,2
1737285498.2401998,1285,1737285498,233865408,base_link,0,1,33.6371365,72.9912748,525.0961923262788,0.48441599999999996,0.0,0.0,0.0,0.48441599999999996,0.0,0.0,0.0,1.094116,2
1737285498.3381336,1286,1737285498,333870272,base_link,0,1,33.6371365,72.9912748,525.0961923262788,0.48441599999999996,0.0,0.0,0.0,0.48441599999999996,0.0,0.0,0.0,1.094116,2
1737285498.437429,1287,1737285498,433875136,base_link,0,1,33.6371365,72.9912748,525.0961923262788,0.4830249999999999,0.0,0.0,0.0,0.4830249999999999,0.0,0.0,0.0,1.094116,2
1737285498.5376801,1288,1737285498,533874880,base_link,0,1,33.6371365,72.9912748,525.0961923262788,0.4830249999999999,0.0,0.0,0.0,0.4830249999999999,0.0,0.0,0.0,1.094116,2
1737285498.637932,1289,1737285498,633879744,base_link,0,1,33.6371366,72.9912748,525.0961929392511,0.48163599999999995,0.0,0.0,0.0,0.48163599999999995,0.0,0.0,0.0,1.094116,2
1737285498.737925,1290,1737285498,733884608,base_link,0,1,33.6371366,72.9912748,525.0961929392511,0.48163599999999995,0.0,0.0,0.0,0.48163599999999995,0.0,0.0,0.0,1.094116,2
1737285498.8375335,1291,1737285498,833889472,base_link,0,1,33.6371366,72.9912748,525.0961929392511,0.4802489999999999,0.0,0.0,0.0,0.4802489999999999,0.0,0.0,0.0,1.094116,2
1737285498.9376853,1292,1737285498,933894592,base_link,0,1,33.6371366,72.9912747,525.0961925420629,0.4802489999999999,0.0,0.0,0.0,0.4802489999999999,0.0,0.0,0.0,1.094116,2
1737285499.0376704,1293,1737285499,33899712,base_link,0,1,33.6371366,72.9912747,525.0961925420629,0.4802489999999999,0.0,0.0,0.0,0.4802489999999999,0.0,0.0,0.0,1.0962089999999998,2
1737285499.1374507,1294,1737285499,133905088,base_link,0,1,33.6371366,72.9912747,525.0961925420629,0.4802489999999999,0.0,0.0,0.0,0.4802489999999999,0.0,0.0,0.0,1.0962089999999998,2
1737285499.2376964,1295,1737285499,234910208,base_link,0,1,33.6371366,72.9912747,525.0961925420629,0.47886399999999996,0.0,0.0,0.0,0.47886399999999996,0.0,0.0,0.0,1.0962089999999998,2
1737285499.3377967,1296,1737285499,333915328,base_link,0,1,33.6371366,72.9912746,525.0961921448747,0.47886399999999996,0.0,0.0,0.0,0.47886399999999996,0.0,0.0,0.0,1.0962089999999998,2
1737285499.4375818,1297,1737285499,433920704,base_link,0,1,33.6371366,72.9912745,525.0861917476866,0.47886399999999996,0.0,0.0,0.0,0.47886399999999996,0.0,0.0,0.0,1.0962089999999998,2
1737285499.5377908,1298,1737285499,533926080,base_link,0,1,33.6371366,72.9912745,525.0861917476866,0.47886399999999996,0.0,0.0,0.0,0.47886399999999996,0.0,0.0,0.0,1.0962089999999998,2
1737285499.6384475,1299,1737285499,633931456,base_link,0,1,33.6371366,72.9912745,525.0861917476866,0.47886399999999996,0.0,0.0,0.0,0.47886399999999996,0.0,0.0,0.0,1.0983040000000002,2
1737285499.7375162,1300,1737285499,734936576,base_link,0,1,33.6371366,72.9912745,525.0961917476867,0.47886399999999996,0.0,0.0,0.0,0.47886399999999996,0.0,0.0,0.0,1.0983040000000002,2
1737285499.8374064,1301,1737285499,833941952,base_link,0,1,33.6371366,72.9912746,525.0961921448747,0.47748099999999993,0.0,0.0,0.0,0.47748099999999993,0.0,0.0,0.0,1.0983040000000002,2
1737285499.9409263,1302,1737285499,933947328,base_link,0,1,33.6371366,72.9912746,525.0961921448747,0.47748099999999993,0.0,0.0,0.0,0.47748099999999993,0.0,0.0,0.0,1.0983040000000002,2
1737285500.0376356,1303,1737285500,33952704,base_link,0,1,33.6371366,72.9912746,525.1061921448747,0.47748099999999993,0.0,0.0,0.0,0.47748099999999993,0.0,0.0,0.0,1.0983040000000002,2
1737285500.138079,1304,1737285500,133952704,base_link,0,1,33.6371366,72.9912746,525.1061921448747,0.47748099999999993,0.0,0.0,0.0,0.47748099999999993,0.0,0.0,0.0,1.0983040000000002,2
1737285500.237919,1305,1737285500,233956544,base_link,0,1,33.6371366,72.9912746,525.1061921448747,0.47748099999999993,0.0,0.0,0.0,0.47748099999999993,0.0,0.0,0.0,1.0983040000000002,2
1737285500.3378794,1306,1737285500,333956800,base_link,0,1,33.6371366,72.9912746,525.1061921448747,0.47748099999999993,0.0,0.0,0.0,0.47748099999999993,0.0,0.0,0.0,1.0983040000000002,2
1737285500.4382734,1307,1737285500,433960640,base_link,0,1,33.6371366,72.9912746,525.0961921448747,0.47748099999999993,0.0,0.0,0.0,0.47748099999999993,0.0,0.0,0.0,1.0983040000000002,2
1737285500.5377178,1308,1737285500,533965760,base_link,0,1,33.6371366,72.9912746,525.0961921448747,0.47748099999999993,0.0,0.0,0.0,0.47748099999999993,0.0,0.0,0.0,1.0983040000000002,2
1737285500.6385527,1309,1737285500,633969600,base_link,0,1,33.6371365,72.9912746,525.0761915319025,0.47748099999999993,0.0,0.0,0.0,0.47748099999999993,0.0,0.0,0.0,1.0983040000000002,2
1737285500.7382655,1310,1737285500,733973184,base_link,0,1,33.6371365,72.9912747,525.0461919290907,0.47748099999999993,0.0,0.0,0.0,0.47748099999999993,0.0,0.0,0.0,1.0983040000000002,2
1737285500.8382208,1311,1737285500,834973440,base_link,0,1,33.6371364,72.9912747,525.0161913161187,0.4760999999999999,0.0,0.0,0.0,0.4760999999999999,0.0,0.0,0.0,1.100401,2
1737285500.9378703,1312,1737285500,933973696,base_link,0,1,33.6371363,72.9912747,524.9761907031467,0.4760999999999999,0.0,0.0,0.0,0.4760999999999999,0.0,0.0,0.0,1.100401,2
1737285501.0378375,1313,1737285501,34974208,base_link,0,1,33.6371363,72.9912747,524.9261907031466,0.4760999999999999,0.0,0.0,0.0,0.4760999999999999,0.0,0.0,0.0,1.100401,2
1737285501.1380284,1314,1737285501,133974464,base_link,0,1,33.6371362,72.9912747,524.8861900901749,0.4760999999999999,0.0,0.0,0.0,0.4760999999999999,0.0,0.0,0.0,1.100401,2
1737285501.2380028,1315,1737285501,233974976,base_link,0,1,33.6371362,72.9912747,524.8361900901748,0.4760999999999999,0.0,0.0,0.0,0.4760999999999999,0.0,0.0,0.0,1.100401,2
1737285501.3376195,1316,1737285501,333975488,base_link,0,1,33.6371362,72.9912748,524.7961904873628,0.4760999999999999,0.0,0.0,0.0,0.4760999999999999,0.0,0.0,0.0,1.100401,2
1737285501.4385753,1317,1737285501,433979328,base_link,0,1,33.6371363,72.9912749,524.7561914975228,0.4760999999999999,0.0,0.0,0.0,0.4760999999999999,0.0,0.0,0.0,1.0983040000000002,2
1737285501.54052,1318,1737285501,533983168,base_link,0,1,33.6371363,72.9912749,524.7161914975228,0.4760999999999999,0.0,0.0,0.0,0.4760999999999999,0.0,0.0,0.0,1.0983040000000002,2
1737285501.6389463,1319,1737285501,633987008,base_link,0,1,33.6371363,72.9912749,524.6761914975227,0.47472099999999995,0.0,0.0,0.0,0.47472099999999995,0.0,0.0,0.0,1.100401,2
1737285501.7383296,1320,1737285501,733990848,base_link,0,1,33.6371363,72.9912749,524.6361914975228,0.47472099999999995,0.0,0.0,0.0,0.47472099999999995,0.0,0.0,0.0,1.100401,2
1737285501.8380349,1321,1737285501,833991360,base_link,0,1,33.6371363,72.9912749,524.5961914975228,0.47472099999999995,0.0,0.0,0.0,0.47472099999999995,0.0,0.0,0.0,1.1025,2
1737285501.9377246,1322,1737285501,933995456,base_link,0,1,33.6371363,72.9912749,524.5461914975227,0.47472099999999995,0.0,0.0,0.0,0.47472099999999995,0.0,0.0,0.0,1.1025,2
1737285502.0380764,1323,1737285502,33999552,base_link,0,1,33.6371364,72.9912749,524.5061921104948,0.47334399999999993,0.0,0.0,0.0,0.47334399999999993,0.0,0.0,0.0,1.1025,2
1737285502.1378214,1324,1737285502,134003904,base_link,0,1,33.6371364,72.9912748,524.4561917133067,0.47334399999999993,0.0,0.0,0.0,0.47334399999999993,0.0,0.0,0.0,1.1025,2
1737285502.23779,1325,1737285502,234008256,base_link,0,1,33.6371364,72.9912748,524.4161917133067,0.47334399999999993,0.0,0.0,0.0,0.47334399999999993,0.0,0.0,0.0,1.104601,2
1737285502.3381538,1326,1737285502,334012608,base_link,0,1,33.6371364,72.9912748,524.3661917133068,0.47334399999999993,0.0,0.0,0.0,0.47334399999999993,0.0,0.0,0.0,1.104601,2
1737285502.4381652,1327,1737285502,434016960,base_link,0,1,33.6371364,72.9912748,524.3261917133067,0.47334399999999993,0.0,0.0,0.0,0.47334399999999993,0.0,0.0,0.0,1.104601,2
1737285502.5378165,1328,1737285502,534017728,base_link,0,1,33.6371364,72.9912748,524.2861917133067,0.47334399999999993,0.0,0.0,0.0,0.47334399999999993,0.0,0.0,0.0,1.104601,2
1737285502.638267,1329,1737285502,634022336,base_link,0,1,33.6371364,72.9912748,524.2461917133068,0.47334399999999993,0.0,0.0,0.0,0.47334399999999993,0.0,0.0,0.0,1.1067040000000001,2
1737285502.7380621,1330,1737285502,734026688,base_link,0,1,33.6371364,72.9912748,524.2061917133067,0.47334399999999993,0.0,0.0,0.0,0.47334399999999993,0.0,0.0,0.0,1.1067040000000001,2
1737285502.8383396,1331,1737285502,834031296,base_link,0,1,33.6371364,72.9912747,524.1661913161187,0.4719690000000001,0.0,0.0,0.0,0.4719690000000001,0.0,0.0,0.0,1.1067040000000001,2
1737285502.938041,1332,1737285502,934035648,base_link,0,1,33.6371364,72.9912747,524.1261913161187,0.4719690000000001,0.0,0.0,0.0,0.4719690000000001,0.0,0.0,0.0,1.1067040000000001,2
1737285503.0385435,1333,1737285503,34040000,base_link,0,1,33.6371364,72.9912748,524.0861917133067,0.4719690000000001,0.0,0.0,0.0,0.4719690000000001,0.0,0.0,0.0,1.104601,2
1737285503.1381516,1334,1737285503,134040512,base_link,0,1,33.6371364,72.9912748,524.0461917133067,0.4719690000000001,0.0,0.0,0.0,0.4719690000000001,0.0,0.0,0.0,1.104601,2
1737285503.2381449,1335,1737285503,234044608,base_link,0,1,33.6371364,72.9912747,524.0061913161187,0.4719690000000001,0.0,0.0,0.0,0.4719690000000001,0.0,0.0,0.0,1.1067040000000001,2
1737285503.3405652,1336,1737285503,334045632,base_link,0,1,33.6371364,72.9912748,523.9661917133068,0.4719690000000001,0.0,0.0,0.0,0.4719690000000001,0.0,0.0,0.0,1.1067040000000001,2
1737285503.438122,1337,1737285503,434049984,base_link,0,1,33.6371365,72.9912748,523.9261923262787,0.47059600000000007,0.0,0.0,0.0,0.47059600000000007,0.0,0.0,0.0,1.108809,2
1737285503.5383894,1338,1737285503,534055872,base_link,0,1,33.6371365,72.9912748,523.8861923262788,0.47059600000000007,0.0,0.0,0.0,0.47059600000000007,0.0,0.0,0.0,1.108809,2
1737285503.6391697,1339,1737285503,634056896,base_link,0,1,33.6371365,72.9912749,523.8461927234669,0.47059600000000007,0.0,0.0,0.0,0.47059600000000007,0.0,0.0,0.0,1.108809,2
1737285503.7427638,1340,1737285503,734061248,base_link,0,1,33.6371365,72.9912749,523.8061927234668,0.47059600000000007,0.0,0.0,0.0,0.47059600000000007,0.0,0.0,0.0,1.108809,2
1737285503.8384755,1341,1737285503,834065600,base_link,0,1,33.6371365,72.9912749,523.7661927234668,0.47059600000000007,0.0,0.0,0.0,0.47059600000000007,0.0,0.0,0.0,1.108809,2
1737285503.9382894,1342,1737285503,934070208,base_link,0,1,33.6371365,72.9912749,523.7361927234668,0.47059600000000007,0.0,0.0,0.0,0.47059600000000007,0.0,0.0,0.0,1.108809,2
1737285504.0390446,1343,1737285504,34074816,base_link,0,1,33.6371365,72.9912748,523.6961923262787,0.47059600000000007,0.0,0.0,0.0,0.47059600000000007,0.0,0.0,0.0,1.108809,2
1737285504.1380477,1344,1737285504,134075584,base_link,0,1,33.6371365,72.9912748,523.6561923262788,0.47059600000000007,0.0,0.0,0.0,0.47059600000000007,0.0,0.0,0.0,1.108809,2
1737285504.238039,1345,1737285504,234080192,base_link,0,1,33.6371365,72.9912748,523.6161923262788,0.47059600000000007,0.0,0.0,0.0,0.47059600000000007,0.0,0.0,0.0,1.108809,2
1737285504.3378744,1346,1737285504,334084544,base_link,0,1,33.6371365,72.9912747,523.5761919290907,0.47059600000000007,0.0,0.0,0.0,0.47059600000000007,0.0,0.0,0.0,1.108809,2
1737285504.4439814,1347,1737285504,435089152,base_link,0,1,33.6371364,72.9912746,523.5361909189306,0.46922500000000006,0.0,0.0,0.0,0.46922500000000006,0.0,0.0,0.0,1.108809,2
1737285504.5396414,1348,1737285504,534093760,base_link,0,1,33.6371364,72.9912746,523.4961909189307,0.46922500000000006,0.0,0.0,0.0,0.46922500000000006,0.0,0.0,0.0,1.108809,2
1737285504.636694,1349,1737285504,634098368,base_link,0,1,33.6371364,72.9912746,523.4661909189307,0.46922500000000006,0.0,0.0,0.0,0.46922500000000006,0.0,0.0,0.0,1.110916,2
1737285504.7394028,1350,1737285504,735102976,base_link,0,1,33.6371364,72.9912746,523.4261909189306,0.46922500000000006,0.0,0.0,0.0,0.46922500000000006,0.0,0.0,0.0,1.110916,2
1737285504.8371818,1351,1737285504,834111936,base_link,0,1,33.6371364,72.9912746,523.3861909189307,0.46922500000000006,0.0,0.0,0.0,0.46922500000000006,0.0,0.0,0.0,1.113025,2
1737285504.9375849,1352,1737285504,934117056,base_link,0,1,33.6371364,72.9912746,523.3461909189307,0.46922500000000006,0.0,0.0,0.0,0.46922500000000006,0.0,0.0,0.0,1.113025,2
1737285505.037432,1353,1737285505,34121920,base_link,0,1,33.6371364,72.9912746,523.3061909189306,0.46922500000000006,0.0,0.0,0.0,0.46922500000000006,0.0,0.0,0.0,1.1151360000000001,2
1737285505.1377368,1354,1737285505,134121664,base_link,0,1,33.6371364,72.9912746,523.2661909189306,0.46922500000000006,0.0,0.0,0.0,0.46922500000000006,0.0,0.0,0.0,1.1151360000000001,2
1737285505.2373354,1355,1737285505,234126784,base_link,0,1,33.6371364,72.9912746,523.2161909189307,0.46922500000000006,0.0,0.0,0.0,0.46922500000000006,0.0,0.0,0.0,1.113025,2
1737285505.338264,1356,1737285505,335131648,base_link,0,1,33.6371364,72.9912746,523.1761909189306,0.46922500000000006,0.0,0.0,0.0,0.46922500000000006,0.0,0.0,0.0,1.113025,2
1737285505.4373403,1357,1737285505,434136512,base_link,0,1,33.6371364,72.9912746,523.1361909189307,0.46785600000000005,0.0,0.0,0.0,0.46785600000000005,0.0,0.0,0.0,1.113025,2
1737285505.53728,1358,1737285505,535141376,base_link,0,1,33.6371364,72.9912745,523.0961905217426,0.46785600000000005,0.0,0.0,0.0,0.46785600000000005,0.0,0.0,0.0,1.113025,2
1737285505.6371853,1359,1737285505,634146240,base_link,0,1,33.6371364,72.9912745,523.0561905217426,0.46785600000000005,0.0,0.0,0.0,0.46785600000000005,0.0,0.0,0.0,1.110916,2
1737285505.7374902,1360,1737285505,735151104,base_link,0,1,33.6371364,72.9912745,523.0161905217426,0.46785600000000005,0.0,0.0,0.0,0.46785600000000005,0.0,0.0,0.0,1.110916,2
1737285505.8373964,1361,1737285505,834155968,base_link,0,1,33.6371364,72.9912745,522.9761905217426,0.4664890000000001,0.0,0.0,0.0,0.4664890000000001,0.0,0.0,0.0,1.108809,2
1737285505.937735,1362,1737285505,934160832,base_link,0,1,33.6371364,72.9912745,522.9361905217426,0.4664890000000001,0.0,0.0,0.0,0.4664890000000001,0.0,0.0,0.0,1.108809,2
1737285506.0380194,1363,1737285506,35165696,base_link,0,1,33.6371364,72.9912745,522.8961905217426,0.4664890000000001,0.0,0.0,0.0,0.4664890000000001,0.0,0.0,0.0,1.1067040000000001,2
1737285506.1386108,1364,1737285506,134165440,base_link,0,1,33.6371364,72.9912745,522.8561905217426,0.4664890000000001,0.0,0.0,0.0,0.4664890000000001,0.0,0.0,0.0,1.1067040000000001,2
1737285506.238325,1365,1737285506,234170560,base_link,0,1,33.6371364,72.9912745,522.8161905217426,0.4651240000000001,0.0,0.0,0.0,0.4651240000000001,0.0,0.0,0.0,1.104601,2
1737285506.33794,1366,1737285506,335175424,base_link,0,1,33.6371364,72.9912746,522.7761909189306,0.4651240000000001,0.0,0.0,0.0,0.4651240000000001,0.0,0.0,0.0,1.104601,2
1737285506.438553,1367,1737285506,434180544,base_link,0,1,33.6371364,72.9912746,522.7361909189307,0.4651240000000001,0.0,0.0,0.0,0.4651240000000001,0.0,0.0,0.0,1.104601,2
1737285506.5383306,1368,1737285506,534181056,base_link,0,1,33.6371364,72.9912746,522.6961909189306,0.4651240000000001,0.0,0.0,0.0,0.4651240000000001,0.0,0.0,0.0,1.104601,2
1737285506.637852,1369,1737285506,634186176,base_link,0,1,33.6371364,72.9912746,522.6561909189306,0.4637610000000001,0.0,0.0,0.0,0.4637610000000001,0.0,0.0,0.0,1.104601,2
1737285506.737738,1370,1737285506,734191296,base_link,0,1,33.6371364,72.9912746,522.6261909189307,0.4637610000000001,0.0,0.0,0.0,0.4637610000000001,0.0,0.0,0.0,1.104601,2
1737285506.837714,1371,1737285506,834196416,base_link,0,1,33.6371364,72.9912746,522.5861909189306,0.4637610000000001,0.0,0.0,0.0,0.4637610000000001,0.0,0.0,0.0,1.1067040000000001,2
1737285506.9380424,1372,1737285506,934201536,base_link,0,1,33.6371364,72.9912746,522.5461909189306,0.4637610000000001,0.0,0.0,0.0,0.4637610000000001,0.0,0.0,0.0,1.1067040000000001,2
1737285507.0377438,1373,1737285507,34206656,base_link,0,1,33.6371364,72.9912745,522.5061905217426,0.4637610000000001,0.0,0.0,0.0,0.4637610000000001,0.0,0.0,0.0,1.1067040000000001,2
1737285507.1389582,1374,1737285507,134206656,base_link,0,1,33.6371364,72.9912745,522.4661905217426,0.4637610000000001,0.0,0.0,0.0,0.4637610000000001,0.0,0.0,0.0,1.1067040000000001,2
1737285507.2378871,1375,1737285507,234206912,base_link,0,1,33.6371364,72.9912745,522.4261905217426,0.4637610000000001,0.0,0.0,0.0,0.4637610000000001,0.0,0.0,0.0,1.108809,2
1737285507.338636,1376,1737285507,334212032,base_link,0,1,33.6371364,72.9912745,522.3761905217426,0.4637610000000001,0.0,0.0,0.0,0.4637610000000001,0.0,0.0,0.0,1.108809,2
1737285507.43945,1377,1737285507,434216896,base_link,0,1,33.6371364,72.9912744,522.3361901245546,0.4637610000000001,0.0,0.0,0.0,0.4637610000000001,0.0,0.0,0.0,1.108809,2
1737285507.538512,1378,1737285507,534222016,base_link,0,1,33.6371364,72.9912744,522.2961901245546,0.4637610000000001,0.0,0.0,0.0,0.4637610000000001,0.0,0.0,0.0,1.108809,2
1737285507.6375656,1379,1737285507,634226880,base_link,0,1,33.6371364,72.9912744,522.2561901245547,0.4637610000000001,0.0,0.0,0.0,0.4637610000000001,0.0,0.0,0.0,1.110916,2
1737285507.738007,1380,1737285507,734231744,base_link,0,1,33.6371364,72.9912744,522.2161901245547,0.4637610000000001,0.0,0.0,0.0,0.4637610000000001,0.0,0.0,0.0,1.110916,2
1737285507.8376417,1381,1737285507,834235328,base_link,0,1,33.6371363,72.9912744,522.1761895115827,0.4637610000000001,0.0,0.0,0.0,0.4637610000000001,0.0,0.0,0.0,1.110916,2
1737285507.9385498,1382,1737285507,934240448,base_link,0,1,33.6371363,72.9912744,522.1361895115828,0.4637610000000001,0.0,0.0,0.0,0.4637610000000001,0.0,0.0,0.0,1.110916,2
1737285508.037756,1383,1737285508,34244288,base_link,0,1,33.6371363,72.9912744,522.0961895115828,0.4624000000000001,0.0,0.0,0.0,0.4624000000000001,0.0,0.0,0.0,1.110916,2
1737285508.137778,1384,1737285508,134249664,base_link,0,1,33.6371363,72.9912744,522.0461895115827,0.4624000000000001,0.0,0.0,0.0,0.4624000000000001,0.0,0.0,0.0,1.110916,2
1737285508.238096,1385,1737285508,234253504,base_link,0,1,33.6371363,72.9912744,522.0061895115828,0.4624000000000001,0.0,0.0,0.0,0.4624000000000001,0.0,0.0,0.0,1.108809,2
1737285508.339024,1386,1737285508,334258880,base_link,0,1,33.6371363,72.9912744,521.9561895115827,0.4624000000000001,0.0,0.0,0.0,0.4624000000000001,0.0,0.0,0.0,1.108809,2
1737285508.4376905,1387,1737285508,434262720,base_link,0,1,33.6371363,72.9912744,521.9161895115827,0.4624000000000001,0.0,0.0,0.0,0.4624000000000001,0.0,0.0,0.0,1.108809,2
1737285508.5378492,1388,1737285508,534268352,base_link,0,1,33.6371363,72.9912743,521.876189114395,0.4624000000000001,0.0,0.0,0.0,0.4624000000000001,0.0,0.0,0.0,1.108809,2
1737285508.643,1389,1737285508,634272448,base_link,0,1,33.6371362,72.9912743,521.8361885014232,0.4610410000000001,0.0,0.0,0.0,0.4610410000000001,0.0,0.0,0.0,1.1067040000000001,2
1737285508.7417636,1390,1737285508,734278080,base_link,0,1,33.6371362,72.9912742,521.7961881042354,0.4610410000000001,0.0,0.0,0.0,0.4610410000000001,0.0,0.0,0.0,1.1067040000000001,2
1737285508.8379416,1391,1737285508,834282176,base_link,0,1,33.6371362,72.9912742,521.7561881042354,0.4610410000000001,0.0,0.0,0.0,0.4610410000000001,0.0,0.0,0.0,1.108809,2
1737285508.937746,1392,1737285508,934286272,base_link,0,1,33.6371362,72.9912741,521.7161877070477,0.4610410000000001,0.0,0.0,0.0,0.4610410000000001,0.0,0.0,0.0,1.108809,2
1737285509.0378463,1393,1737285509,34290368,base_link,0,1,33.6371362,72.9912741,521.6761877070476,0.4610410000000001,0.0,0.0,0.0,0.4610410000000001,0.0,0.0,0.0,1.108809,2
1737285509.1380117,1394,1737285509,134295744,base_link,0,1,33.6371362,72.9912741,521.6461877070476,0.4610410000000001,0.0,0.0,0.0,0.4610410000000001,0.0,0.0,0.0,1.108809,2
1737285509.2384708,1395,1737285509,234299584,base_link,0,1,33.6371362,72.9912741,521.6061877070476,0.4610410000000001,0.0,0.0,0.0,0.4610410000000001,0.0,0.0,0.0,1.110916,2
1737285509.3378909,1396,1737285509,334303424,base_link,0,1,33.6371362,72.9912742,521.5761881042354,0.4610410000000001,0.0,0.0,0.0,0.4610410000000001,0.0,0.0,0.0,1.110916,2
1737285509.4377582,1397,1737285509,434307520,base_link,0,1,33.6371362,72.9912742,521.5361881042354,0.4610410000000001,0.0,0.0,0.0,0.4610410000000001,0.0,0.0,0.0,1.113025,2
1737285509.5380037,1398,1737285509,535312896,base_link,0,1,33.6371362,72.9912742,521.5061881042354,0.4610410000000001,0.0,0.0,0.0,0.4610410000000001,0.0,0.0,0.0,1.113025,2
1737285509.6380687,1399,1737285509,634313408,base_link,0,1,33.6371362,72.9912743,521.4661885014233,0.4610410000000001,0.0,0.0,0.0,0.4610410000000001,0.0,0.0,0.0,1.1151360000000001,2
1737285509.738213,1400,1737285509,734318784,base_link,0,1,33.6371362,72.9912743,521.4361885014232,0.4610410000000001,0.0,0.0,0.0,0.4610410000000001,0.0,0.0,0.0,1.1151360000000001,2
1737285509.8379264,1401,1737285509,835322880,base_link,0,1,33.6371362,72.9912743,521.3961885014232,0.4610410000000001,0.0,0.0,0.0,0.4610410000000001,0.0,0.0,0.0,1.1151360000000001,2
1737285509.938719,1402,1737285509,934328512,base_link,0,1,33.6371362,72.9912743,521.3661885014233,0.4610410000000001,0.0,0.0,0.0,0.4610410000000001,0.0,0.0,0.0,1.1151360000000001,2
1737285510.0389347,1403,1737285510,35332608,base_link,0,1,33.6371362,72.9912743,521.3261885014232,0.4610410000000001,0.0,0.0,0.0,0.4610410000000001,0.0,0.0,0.0,1.1151360000000001,2
1737285510.1380126,1404,1737285510,134338240,base_link,0,1,33.6371362,72.9912743,521.2761885014232,0.4610410000000001,0.0,0.0,0.0,0.4610410000000001,0.0,0.0,0.0,1.1151360000000001,2
1737285510.2379613,1405,1737285510,234342336,base_link,0,1,33.6371363,72.9912743,521.236189114395,0.4610410000000001,0.0,0.0,0.0,0.4610410000000001,0.0,0.0,0.0,1.117249,2
1737285510.3381526,1406,1737285510,334346432,base_link,0,1,33.6371363,72.9912743,521.1961891143949,0.4610410000000001,0.0,0.0,0.0,0.4610410000000001,0.0,0.0,0.0,1.117249,2
1737285510.437861,1407,1737285510,434350528,base_link,0,1,33.6371363,72.9912743,521.1561891143949,0.4610410000000001,0.0,0.0,0.0,0.4610410000000001,0.0,0.0,0.0,1.117249,2
1737285510.5380602,1408,1737285510,534354880,base_link,0,1,33.6371363,72.9912743,521.106189114395,0.4610410000000001,0.0,0.0,0.0,0.4610410000000001,0.0,0.0,0.0,1.117249,2
1737285510.6381774,1409,1737285510,634359232,base_link,0,1,33.6371363,72.9912743,521.0661891143949,0.4610410000000001,0.0,0.0,0.0,0.4610410000000001,0.0,0.0,0.0,1.1151360000000001,2
1737285510.7382615,1410,1737285510,735363328,base_link,0,1,33.6371363,72.9912743,521.0261891143949,0.4610410000000001,0.0,0.0,0.0,0.4610410000000001,0.0,0.0,0.0,1.1151360000000001,2
1737285510.8380637,1411,1737285510,834367680,base_link,0,1,33.6371363,72.9912744,520.9861895115828,0.45968400000000004,0.0,0.0,0.0,0.45968400000000004,0.0,0.0,0.0,1.1151360000000001,2
1737285510.9387665,1412,1737285510,934372288,base_link,0,1,33.6371363,72.9912744,520.9461895115827,0.45968400000000004,0.0,0.0,0.0,0.45968400000000004,0.0,0.0,0.0,1.1151360000000001,2
1737285511.0381303,1413,1737285511,34376896,base_link,0,1,33.6371363,72.9912744,520.9061895115827,0.45968400000000004,0.0,0.0,0.0,0.45968400000000004,0.0,0.0,0.0,1.1151360000000001,2
1737285511.1387625,1414,1737285511,134376896,base_link,0,1,33.6371363,72.9912744,520.8661895115828,0.45968400000000004,0.0,0.0,0.0,0.45968400000000004,0.0,0.0,0.0,1.1151360000000001,2
1737285511.2402732,1415,1737285511,234381760,base_link,0,1,33.6371363,72.9912745,520.8261899087707,0.45968400000000004,0.0,0.0,0.0,0.45968400000000004,0.0,0.0,0.0,1.113025,2
1737285511.3393006,1416,1737285511,335386112,base_link,0,1,33.6371362,72.9912745,520.786189295799,0.45968400000000004,0.0,0.0,0.0,0.45968400000000004,0.0,0.0,0.0,1.113025,2
1737285511.43858,1417,1737285511,435390464,base_link,0,1,33.6371362,72.9912744,520.7461888986111,0.45968400000000004,0.0,0.0,0.0,0.45968400000000004,0.0,0.0,0.0,1.1151360000000001,2
1737285511.537546,1418,1737285511,534394816,base_link,0,1,33.6371362,72.9912744,520.696188898611,0.45968400000000004,0.0,0.0,0.0,0.45968400000000004,0.0,0.0,0.0,1.1151360000000001,2
1737285511.6380415,1419,1737285511,635399168,base_link,0,1,33.6371362,72.9912744,520.656188898611,0.45832900000000004,0.0,0.0,0.0,0.45832900000000004,0.0,0.0,0.0,1.1151360000000001,2
1737285511.7383451,1420,1737285511,734403520,base_link,0,1,33.6371362,72.9912744,520.6061888986111,0.45832900000000004,0.0,0.0,0.0,0.45832900000000004,0.0,0.0,0.0,1.1151360000000001,2
1737285511.8382432,1421,1737285511,835407872,base_link,0,1,33.6371362,72.9912744,520.556188898611,0.45832900000000004,0.0,0.0,0.0,0.45832900000000004,0.0,0.0,0.0,1.117249,2
1737285511.93717,1422,1737285511,934412224,base_link,0,1,33.6371362,72.9912744,520.5161888986111,0.45832900000000004,0.0,0.0,0.0,0.45832900000000004,0.0,0.0,0.0,1.117249,2
1737285512.0384715,1423,1737285512,34416832,base_link,0,1,33.6371362,72.9912744,520.4761888986111,0.45968400000000004,0.0,0.0,0.0,0.45968400000000004,0.0,0.0,0.0,1.119364,2
1737285512.1407893,1424,1737285512,134421184,base_link,0,1,33.6371361,72.9912743,520.4361878884516,0.45968400000000004,0.0,0.0,0.0,0.45968400000000004,0.0,0.0,0.0,1.119364,2
1737285512.2381918,1425,1737285512,234425536,base_link,0,1,33.6371361,72.9912743,520.4061878884517,0.45968400000000004,0.0,0.0,0.0,0.45968400000000004,0.0,0.0,0.0,1.121481,2
1737285512.3372536,1426,1737285512,334429888,base_link,0,1,33.6371361,72.9912742,520.3661874912639,0.45968400000000004,0.0,0.0,0.0,0.45968400000000004,0.0,0.0,0.0,1.121481,2
1737285512.4376519,1427,1737285512,434434496,base_link,0,1,33.6371361,72.9912742,520.3261874912638,0.45832900000000004,0.0,0.0,0.0,0.45832900000000004,0.0,0.0,0.0,1.1236000000000002,2
1737285512.5373607,1428,1737285512,534439104,base_link,0,1,33.6371361,72.9912742,520.2961874912638,0.45832900000000004,0.0,0.0,0.0,0.45832900000000004,0.0,0.0,0.0,1.1236000000000002,2
1737285512.6376588,1429,1737285512,634443712,base_link,0,1,33.6371361,72.9912742,520.2561874912639,0.45832900000000004,0.0,0.0,0.0,0.45832900000000004,0.0,0.0,0.0,1.1236000000000002,2
1737285512.7386796,1430,1737285512,734448320,base_link,0,1,33.6371361,72.9912741,520.2261870940761,0.45832900000000004,0.0,0.0,0.0,0.45832900000000004,0.0,0.0,0.0,1.1236000000000002,2
1737285512.83789,1431,1737285512,834452928,base_link,0,1,33.6371361,72.9912741,520.196187094076,0.45832900000000004,0.0,0.0,0.0,0.45832900000000004,0.0,0.0,0.0,1.1236000000000002,2
1737285512.9410672,1432,1737285512,934457536,base_link,0,1,33.6371359,72.9912741,520.1861858681332,0.45832900000000004,0.0,0.0,0.0,0.45832900000000004,0.0,0.0,0.0,1.1236000000000002,2
1737285513.037912,1433,1737285513,34462144,base_link,0,1,33.6371358,72.9912742,520.1861856523496,0.45832900000000004,0.0,0.0,0.0,0.45832900000000004,0.0,0.0,0.0,1.1236000000000002,2
1737285513.1377218,1434,1737285513,134461888,base_link,0,1,33.6371357,72.9912742,520.1861850393785,0.45832900000000004,0.0,0.0,0.0,0.45832900000000004,0.0,0.0,0.0,1.1236000000000002,2
1737285513.23743,1435,1737285513,234466496,base_link,0,1,33.6371356,72.9912743,520.196184823595,0.45832900000000004,0.0,0.0,0.0,0.45832900000000004,0.0,0.0,0.0,1.1236000000000002,2
1737285513.338372,1436,1737285513,334470848,base_link,0,1,33.6371355,72.9912744,520.1961846078115,0.45832900000000004,0.0,0.0,0.0,0.45832900000000004,0.0,0.0,0.0,1.1236000000000002,2
1737285513.4374282,1437,1737285513,434477504,base_link,0,1,33.6371355,72.9912744,520.1861846078115,0.45832900000000004,0.0,0.0,0.0,0.45832900000000004,0.0,0.0,0.0,1.1236000000000002,2
1737285513.5376039,1438,1737285513,534481856,base_link,0,1,33.6371354,72.9912744,520.1861839948403,0.45832900000000004,0.0,0.0,0.0,0.45832900000000004,0.0,0.0,0.0,1.1236000000000002,2
1737285513.6380153,1439,1737285513,634481600,base_link,0,1,33.6371353,72.9912744,520.1761833818695,0.45832900000000004,0.0,0.0,0.0,0.45832900000000004,0.0,0.0,0.0,1.121481,2
1737285513.7382927,1440,1737285513,734486208,base_link,0,1,33.6371353,72.9912744,520.1761833818695,0.45832900000000004,0.0,0.0,0.0,0.45832900000000004,0.0,0.0,0.0,1.121481,2
1737285513.838,1441,1737285513,834490816,base_link,0,1,33.6371352,72.9912745,520.1761831660862,0.45832900000000004,0.0,0.0,0.0,0.45832900000000004,0.0,0.0,0.0,1.121481,2
1737285513.9376626,1442,1737285513,934495424,base_link,0,1,33.6371352,72.9912745,520.1761831660862,0.45832900000000004,0.0,0.0,0.0,0.45832900000000004,0.0,0.0,0.0,1.121481,2
1737285514.03771,1443,1737285514,34499776,base_link,0,1,33.6371352,72.9912745,520.1761831660862,0.45832900000000004,0.0,0.0,0.0,0.45832900000000004,0.0,0.0,0.0,1.121481,2
1737285514.137941,1444,1737285514,134504384,base_link,0,1,33.6371351,72.9912746,520.1661829503029,0.45832900000000004,0.0,0.0,0.0,0.45832900000000004,0.0,0.0,0.0,1.121481,2
1737285514.2380753,1445,1737285514,234508992,base_link,0,1,33.6371351,72.9912746,520.1661829503029,0.45832900000000004,0.0,0.0,0.0,0.45832900000000004,0.0,0.0,0.0,1.121481,2
1737285514.3408294,1446,1737285514,334513856,base_link,0,1,33.6371351,72.9912746,520.1661829503029,0.45832900000000004,0.0,0.0,0.0,0.45832900000000004,0.0,0.0,0.0,1.121481,2
1737285514.4381008,1447,1737285514,434518464,base_link,0,1,33.637135,72.9912746,520.1661823373321,0.45832900000000004,0.0,0.0,0.0,0.45832900000000004,0.0,0.0,0.0,1.119364,2
1737285514.5378594,1448,1737285514,534523584,base_link,0,1,33.637135,72.9912746,520.1561823373321,0.45832900000000004,0.0,0.0,0.0,0.45832900000000004,0.0,0.0,0.0,1.119364,2
1737285514.644363,1449,1737285514,634528704,base_link,0,1,33.6371349,72.9912746,520.1661817243614,0.45968400000000004,0.0,0.0,0.0,0.45968400000000004,0.0,0.0,0.0,1.119364,2
1737285514.737839,1450,1737285514,734533824,base_link,0,1,33.6371349,72.9912746,520.1661817243614,0.45968400000000004,0.0,0.0,0.0,0.45968400000000004,0.0,0.0,0.0,1.119364,2
1737285514.8379555,1451,1737285514,834538944,base_link,0,1,33.6371349,72.9912746,520.1661817243614,0.45968400000000004,0.0,0.0,0.0,0.45968400000000004,0.0,0.0,0.0,1.119364,2
1737285514.9374027,1452,1737285514,934544064,base_link,0,1,33.6371348,72.9912746,520.1561811113909,0.45968400000000004,0.0,0.0,0.0,0.45968400000000004,0.0,0.0,0.0,1.119364,2
1737285515.0387475,1453,1737285515,34547904,base_link,0,1,33.6371348,72.9912746,520.1561811113909,0.45968400000000004,0.0,0.0,0.0,0.45968400000000004,0.0,0.0,0.0,1.119364,2
1737285515.1377585,1454,1737285515,134548160,base_link,0,1,33.6371347,72.9912746,520.1661804984203,0.45968400000000004,0.0,0.0,0.0,0.45968400000000004,0.0,0.0,0.0,1.119364,2
1737285515.2377827,1455,1737285515,234552000,base_link,0,1,33.6371347,72.9912746,520.1661804984203,0.45968400000000004,0.0,0.0,0.0,0.45968400000000004,0.0,0.0,0.0,1.117249,2
1737285515.3382685,1456,1737285515,334557120,base_link,0,1,33.6371347,72.9912747,520.1661808956077,0.45968400000000004,0.0,0.0,0.0,0.45968400000000004,0.0,0.0,0.0,1.117249,2
1737285515.4390051,1457,1737285515,434561216,base_link,0,1,33.6371347,72.9912747,520.1661808956077,0.4610410000000001,0.0,0.0,0.0,0.4610410000000001,0.0,0.0,0.0,1.117249,2
1737285515.5378387,1458,1737285515,534566336,base_link,0,1,33.6371346,72.9912747,520.1661802826372,0.4610410000000001,0.0,0.0,0.0,0.4610410000000001,0.0,0.0,0.0,1.117249,2
1737285515.63839,1459,1737285515,634569920,base_link,0,1,33.6371346,72.9912747,520.1661802826372,0.4610410000000001,0.0,0.0,0.0,0.4610410000000001,0.0,0.0,0.0,1.117249,2
1737285515.7394805,1460,1737285515,734575296,base_link,0,1,33.6371345,72.9912747,520.1561796696669,0.4610410000000001,0.0,0.0,0.0,0.4610410000000001,0.0,0.0,0.0,1.117249,2
1737285515.8385458,1461,1737285515,834578880,base_link,0,1,33.6371345,72.9912747,520.1561796696669,0.4610410000000001,0.0,0.0,0.0,0.4610410000000001,0.0,0.0,0.0,1.117249,2
1737285515.9384139,1462,1737285515,934584256,base_link,0,1,33.6371345,72.9912746,520.1561792724797,0.4610410000000001,0.0,0.0,0.0,0.4610410000000001,0.0,0.0,0.0,1.117249,2
1737285516.038504,1463,1737285516,34588096,base_link,0,1,33.6371344,72.9912746,520.1461786595095,0.4610410000000001,0.0,0.0,0.0,0.4610410000000001,0.0,0.0,0.0,1.1151360000000001,2
1737285516.1391573,1464,1737285516,134591680,base_link,0,1,33.6371344,72.9912746,520.1461786595095,0.4610410000000001,0.0,0.0,0.0,0.4610410000000001,0.0,0.0,0.0,1.1151360000000001,2
1737285516.2392,1465,1737285516,234593984,base_link,0,1,33.6371344,72.9912746,520.1461786595095,0.4610410000000001,0.0,0.0,0.0,0.4610410000000001,0.0,0.0,0.0,1.1151360000000001,2
1737285516.3389719,1466,1737285516,334597824,base_link,0,1,33.6371344,72.9912746,520.1361786595095,0.4610410000000001,0.0,0.0,0.0,0.4610410000000001,0.0,0.0,0.0,1.1151360000000001,2
1737285516.43891,1467,1737285516,434601408,base_link,0,1,33.6371344,72.9912746,520.1361786595095,0.4610410000000001,0.0,0.0,0.0,0.4610410000000001,0.0,0.0,0.0,1.1151360000000001,2
1737285516.538201,1468,1737285516,534605248,base_link,0,1,33.6371344,72.9912746,520.1261786595095,0.4610410000000001,0.0,0.0,0.0,0.4610410000000001,0.0,0.0,0.0,1.1151360000000001,2
1737285516.6388075,1469,1737285516,634609088,base_link,0,1,33.6371344,72.9912746,520.1261786595095,0.4610410000000001,0.0,0.0,0.0,0.4610410000000001,0.0,0.0,0.0,1.113025,2
1737285516.7382247,1470,1737285516,734612928,base_link,0,1,33.6371343,72.9912746,520.1161780465394,0.4610410000000001,0.0,0.0,0.0,0.4610410000000001,0.0,0.0,0.0,1.113025,2
1737285516.8381703,1471,1737285516,834616768,base_link,0,1,33.6371343,72.9912746,520.1161780465394,0.4624000000000001,0.0,0.0,0.0,0.4624000000000001,0.0,0.0,0.0,1.113025,2
1737285516.942503,1472,1737285516,934620864,base_link,0,1,33.6371343,72.9912746,520.1161780465394,0.4624000000000001,0.0,0.0,0.0,0.4624000000000001,0.0,0.0,0.0,1.113025,2
1737285517.0385537,1473,1737285517,34624704,base_link,0,1,33.6371343,72.9912746,520.1061780465394,0.4624000000000001,0.0,0.0,0.0,0.4624000000000001,0.0,0.0,0.0,1.113025,2
1737285517.138444,1474,1737285517,134624960,base_link,0,1,33.6371343,72.9912746,520.1061780465394,0.4624000000000001,0.0,0.0,0.0,0.4624000000000001,0.0,0.0,0.0,1.113025,2
1737285517.2404008,1475,1737285517,234628800,base_link,0,1,33.6371342,72.9912745,520.1061770363824,0.4624000000000001,0.0,0.0,0.0,0.4624000000000001,0.0,0.0,0.0,1.113025,2
1737285517.3390393,1476,1737285517,334631360,base_link,0,1,33.6371342,72.9912745,520.1061770363824,0.4624000000000001,0.0,0.0,0.0,0.4624000000000001,0.0,0.0,0.0,1.113025,2
1737285517.4387252,1477,1737285517,434635456,base_link,0,1,33.6371342,72.9912745,520.1061770363824,0.4624000000000001,0.0,0.0,0.0,0.4624000000000001,0.0,0.0,0.0,1.110916,2
1737285517.5384336,1478,1737285517,534639040,base_link,0,1,33.6371342,72.9912744,520.0961766391953,0.4624000000000001,0.0,0.0,0.0,0.4624000000000001,0.0,0.0,0.0,1.110916,2
1737285517.6386986,1479,1737285517,634642880,base_link,0,1,33.6371342,72.9912744,520.0961766391953,0.4624000000000001,0.0,0.0,0.0,0.4624000000000001,0.0,0.0,0.0,1.110916,2
1737285517.738732,1480,1737285517,734646720,base_link,0,1,33.6371342,72.9912744,520.0961766391953,0.4624000000000001,0.0,0.0,0.0,0.4624000000000001,0.0,0.0,0.0,1.110916,2
1737285517.838896,1481,1737285517,834650560,base_link,0,1,33.6371341,72.9912744,520.0961760262254,0.4624000000000001,0.0,0.0,0.0,0.4624000000000001,0.0,0.0,0.0,1.108809,2
1737285517.9385383,1482,1737285517,934654400,base_link,0,1,33.6371341,72.9912744,520.0861760262253,0.4624000000000001,0.0,0.0,0.0,0.4624000000000001,0.0,0.0,0.0,1.108809,2
1737285518.0390868,1483,1737285518,34656960,base_link,0,1,33.6371341,72.9912743,520.0861756290384,0.4610410000000001,0.0,0.0,0.0,0.4610410000000001,0.0,0.0,0.0,1.1067040000000001,2
1737285518.138347,1484,1737285518,134660800,base_link,0,1,33.637134,72.9912743,520.0861750160688,0.4610410000000001,0.0,0.0,0.0,0.4610410000000001,0.0,0.0,0.0,1.1067040000000001,2
1737285518.2384696,1485,1737285518,234664640,base_link,0,1,33.637134,72.9912743,520.0761750160688,0.4610410000000001,0.0,0.0,0.0,0.4610410000000001,0.0,0.0,0.0,1.104601,2
1737285518.3381562,1486,1737285518,334668480,base_link,0,1,33.637134,72.9912743,520.0761750160688,0.4610410000000001,0.0,0.0,0.0,0.4610410000000001,0.0,0.0,0.0,1.104601,2
1737285518.4385757,1487,1737285518,434672576,base_link,0,1,33.637134,72.9912743,520.0661750160688,0.45968400000000004,0.0,0.0,0.0,0.45968400000000004,0.0,0.0,0.0,1.1025,2
1737285518.5383837,1488,1737285518,534676416,base_link,0,1,33.6371339,72.9912743,520.0661744030991,0.45968400000000004,0.0,0.0,0.0,0.45968400000000004,0.0,0.0,0.0,1.1025,2
1737285518.6384153,1489,1737285518,634680256,base_link,0,1,33.6371339,72.9912743,520.0561744030991,0.45968400000000004,0.0,0.0,0.0,0.45968400000000004,0.0,0.0,0.0,1.100401,2
1737285518.7376518,1490,1737285518,734684352,base_link,0,1,33.6371339,72.9912743,520.0561744030991,0.45968400000000004,0.0,0.0,0.0,0.45968400000000004,0.0,0.0,0.0,1.100401,2
1737285518.8391523,1491,1737285518,834688448,base_link,0,1,33.6371338,72.9912743,520.0561737901296,0.45968400000000004,0.0,0.0,0.0,0.45968400000000004,0.0,0.0,0.0,1.0983040000000002,2
1737285518.93863,1492,1737285518,934692800,base_link,0,1,33.6371338,72.9912743,520.0561737901296,0.45968400000000004,0.0,0.0,0.0,0.45968400000000004,0.0,0.0,0.0,1.0983040000000002,2
1737285519.043118,1493,1737285519,34696896,base_link,0,1,33.6371338,72.9912743,520.0461737901296,0.45968400000000004,0.0,0.0,0.0,0.45968400000000004,0.0,0.0,0.0,1.0983040000000002,2
1737285519.1382039,1494,1737285519,134696384,base_link,0,1,33.6371338,72.9912743,520.0461737901296,0.45968400000000004,0.0,0.0,0.0,0.45968400000000004,0.0,0.0,0.0,1.0983040000000002,2
1737285519.2380924,1495,1737285519,234700480,base_link,0,1,33.6371337,72.9912743,520.0461731771601,0.45832900000000004,0.0,0.0,0.0,0.45832900000000004,0.0,0.0,0.0,1.0962089999999998,2
1737285519.3374262,1496,1737285519,334704576,base_link,0,1,33.6371337,72.9912743,520.0361731771601,0.45832900000000004,0.0,0.0,0.0,0.45832900000000004,0.0,0.0,0.0,1.0962089999999998,2
1737285519.4380162,1497,1737285519,434708928,base_link,0,1,33.6371337,72.9912743,520.0361731771601,0.45832900000000004,0.0,0.0,0.0,0.45832900000000004,0.0,0.0,0.0,1.094116,2
1737285519.5377254,1498,1737285519,534713536,base_link,0,1,33.6371337,72.9912743,520.0361731771601,0.45832900000000004,0.0,0.0,0.0,0.45832900000000004,0.0,0.0,0.0,1.094116,2
1737285519.6377926,1499,1737285519,634716608,base_link,0,1,33.6371337,72.9912743,520.0261731771601,0.45832900000000004,0.0,0.0,0.0,0.45832900000000004,0.0,0.0,0.0,1.0920249999999998,2
