Time,header.seq,header.stamp.secs,header.stamp.nsecs,header.frame_id,magnetic_field.x,magnetic_field.y,magnetic_field.z,magnetic_field_covariance_0,magnetic_field_covariance_1,magnetic_field_covariance_2,magnetic_field_covariance_3,magnetic_field_covariance_4,magnetic_field_covariance_5,magnetic_field_covariance_6,magnetic_field_covariance_7,magnetic_field_covariance_8
1729690891.1185546,1606,1729690889,961678008,base_link,113000.0,360000.0,-138000.00000000006,-1.0,0.0,0.0,0.0,0.0,0.0,0.0,0.0,0.0
1729690891.1188452,1607,1729690890,61326008,base_link,72000.0,350000.0,-172000.00000000003,-1.0,0.0,0.0,0.0,0.0,0.0,0.0,0.0,0.0
1729690891.119003,1608,1729690890,157627008,base_link,65000.0,336000.0,-195000.00000000003,-1.0,0.0,0.0,0.0,0.0,0.0,0.0,0.0,0.0
1729690891.1193223,1609,1729690890,261199008,base_link,36000.0,329000.0,-205000.00000000003,-1.0,0.0,0.0,0.0,0.0,0.0,0.0,0.0,0.0
1729690891.1196916,1610,1729690890,360209008,base_link,28000.0,310000.0,-216000.00000000003,-1.0,0.0,0.0,0.0,0.0,0.0,0.0,0.0,0.0
1729690891.1197836,1611,1729690890,459564008,base_link,20000.0,306000.0,-231000.00000000003,-1.0,0.0,0.0,0.0,0.0,0.0,0.0,0.0,0.0
1729690891.1203487,1612,1729690890,561802008,base_link,20000.0,288000.0,-235000.00000000003,-1.0,0.0,0.0,0.0,0.0,0.0,0.0,0.0,0.0
1729690891.1205356,1613,1729690890,664283008,base_link,35000.0,281000.0,-234000.00000000003,-1.0,0.0,0.0,0.0,0.0,0.0,0.0,0.0,0.0
1729690891.1210876,1614,1729690890,761713008,base_link,30000.0,266000.0,-236000.00000000003,-1.0,0.0,0.0,0.0,0.0,0.0,0.0,0.0,0.0
1729690891.1214848,1615,1729690890,865847008,base_link,39000.0,266000.0,-236000.00000000003,-1.0,0.0,0.0,0.0,0.0,0.0,0.0,0.0,0.0
1729690891.122606,1616,1729690890,968551008,base_link,42000.0,252999.99999999997,-251000.00000000003,-1.0,0.0,0.0,0.0,0.0,0.0,0.0,0.0,0.0
1729690891.1228218,1617,1729690891,68220008,base_link,53000.0,241999.99999999997,-248000.00000000003,-1.0,0.0,0.0,0.0,0.0,0.0,0.0,0.0,0.0
1729690891.16299,1618,1729690891,160900008,base_link,56000.0,229999.99999999997,-266000.0,-1.0,0.0,0.0,0.0,0.0,0.0,0.0,0.0,0.0
1729690891.2620366,1619,1729690891,259890008,base_link,62000.0,222999.99999999997,-265000.0,-1.0,0.0,0.0,0.0,0.0,0.0,0.0,0.0,0.0
1729690891.3735487,1620,1729690891,370183008,base_link,64000.0,214999.99999999997,-271000.0,-1.0,0.0,0.0,0.0,0.0,0.0,0.0,0.0,0.0
1729690891.4621418,1621,1729690891,458222008,base_link,75000.0,203999.99999999997,-272000.0,-1.0,0.0,0.0,0.0,0.0,0.0,0.0,0.0,0.0
1729690891.566845,1622,1729690891,564914008,base_link,87000.0,190999.99999999997,-263000.0,-1.0,0.0,0.0,0.0,0.0,0.0,0.0,0.0,0.0
1729690891.661802,1623,1729690891,660916216,base_link,98000.0,180999.99999999997,-268000.0,-1.0,0.0,0.0,0.0,0.0,0.0,0.0,0.0,0.0
1729690891.7618945,1624,1729690891,760761424,base_link,110000.0,177999.99999999997,-266000.0,-1.0,0.0,0.0,0.0,0.0,0.0,0.0,0.0,0.0
1729690891.8626082,1625,1729690891,860292424,base_link,130000.0,197999.99999999997,-256000.00000000003,-1.0,0.0,0.0,0.0,0.0,0.0,0.0,0.0,0.0
1729690891.960528,1626,1729690891,958312584,base_link,132000.0,198999.99999999997,-253000.00000000003,-1.0,0.0,0.0,0.0,0.0,0.0,0.0,0.0,0.0
1729690892.0599015,1627,1729690892,58201536,base_link,144000.0,204999.99999999997,-254000.00000000003,-1.0,0.0,0.0,0.0,0.0,0.0,0.0,0.0,0.0
1729690892.157251,1628,1729690892,156029280,base_link,144000.0,184999.99999999997,-266000.0,-1.0,0.0,0.0,0.0,0.0,0.0,0.0,0.0,0.0
1729690892.259199,1629,1729690892,258287024,base_link,166000.0,165999.99999999997,-272000.0,-1.0,0.0,0.0,0.0,0.0,0.0,0.0,0.0,0.0
1729690892.3593795,1630,1729690892,358208768,base_link,168000.0,131999.99999999997,-277000.0,-1.0,0.0,0.0,0.0,0.0,0.0,0.0,0.0,0.0
1729690892.4596682,1631,1729690892,458199768,base_link,182000.0,103999.99999999997,-277000.0,-1.0,0.0,0.0,0.0,0.0,0.0,0.0,0.0,0.0
1729690892.5606434,1632,1729690892,558326024,base_link,199000.0,71999.99999999997,-267000.0,-1.0,0.0,0.0,0.0,0.0,0.0,0.0,0.0,0.0
1729690892.6654296,1633,1729690892,663743792,base_link,201000.0,42999.99999999996,-270000.0,-1.0,0.0,0.0,0.0,0.0,0.0,0.0,0.0,0.0
1729690892.7602224,1634,1729690892,758169560,base_link,215000.0,14999.999999999967,-269000.0,-1.0,0.0,0.0,0.0,0.0,0.0,0.0,0.0,0.0
1729690892.8601356,1635,1729690892,858767792,base_link,228000.0,-8000.000000000032,-259000.0,-1.0,0.0,0.0,0.0,0.0,0.0,0.0,0.0,0.0
1729690892.974213,1636,1729690892,958681280,base_link,235000.0,-33000.00000000003,-264000.0,-1.0,0.0,0.0,0.0,0.0,0.0,0.0,0.0,0.0
1729690893.0686128,1637,1729690893,60696280,base_link,235000.0,-61000.00000000003,-265000.0,-1.0,0.0,0.0,0.0,0.0,0.0,0.0,0.0,0.0
1729690893.1597817,1638,1729690893,155924280,base_link,230000.0,-101000.00000000003,-269000.0,-1.0,0.0,0.0,0.0,0.0,0.0,0.0,0.0,0.0
1729690893.2628398,1639,1729690893,258648280,base_link,232000.0,-114000.00000000003,-261000.0,-1.0,0.0,0.0,0.0,0.0,0.0,0.0,0.0,0.0
1729690893.3612955,1640,1729690893,358486536,base_link,227000.0,-117000.00000000003,-263000.0,-1.0,0.0,0.0,0.0,0.0,0.0,0.0,0.0,0.0
1729690893.459879,1641,1729690893,458229720,base_link,217000.0,-113000.00000000003,-269000.0,-1.0,0.0,0.0,0.0,0.0,0.0,0.0,0.0,0.0
1729690893.5583112,1642,1729690893,556745464,base_link,219000.0,-105000.00000000003,-257000.0,-1.0,0.0,0.0,0.0,0.0,0.0,0.0,0.0,0.0
1729690893.6585515,1643,1729690893,656606208,base_link,222000.0,-115000.00000000003,-261000.0,-1.0,0.0,0.0,0.0,0.0,0.0,0.0,0.0,0.0
1729690893.7623892,1644,1729690893,758482464,base_link,220000.0,-153000.00000000003,-254999.99999999997,-1.0,0.0,0.0,0.0,0.0,0.0,0.0,0.0,0.0
1729690893.8616464,1645,1729690893,858560696,base_link,222000.0,-199000.00000000003,-241999.99999999997,-1.0,0.0,0.0,0.0,0.0,0.0,0.0,0.0,0.0
1729690893.9597733,1646,1729690893,958547672,base_link,211000.0,-251000.00000000003,-227999.99999999997,-1.0,0.0,0.0,0.0,0.0,0.0,0.0,0.0,0.0
1729690894.0620024,1647,1729690894,59423160,base_link,217000.0,-276000.0,-212999.99999999997,-1.0,0.0,0.0,0.0,0.0,0.0,0.0,0.0,0.0
1729690894.1613946,1648,1729690894,159261440,base_link,205000.0,-301000.0,-197999.99999999997,-1.0,0.0,0.0,0.0,0.0,0.0,0.0,0.0,0.0
1729690894.2615821,1649,1729690894,259474696,base_link,197000.0,-330000.0,-185999.99999999997,-1.0,0.0,0.0,0.0,0.0,0.0,0.0,0.0,0.0
1729690894.3623757,1650,1729690894,359504440,base_link,197000.0,-318000.0,-184999.99999999997,-1.0,0.0,0.0,0.0,0.0,0.0,0.0,0.0,0.0
1729690894.4619715,1651,1729690894,459516648,base_link,208000.0,-316000.0,-198999.99999999997,-1.0,0.0,0.0,0.0,0.0,0.0,0.0,0.0,0.0
1729690894.562513,1652,1729690894,559464672,base_link,214000.0,-297000.0,-188999.99999999997,-1.0,0.0,0.0,0.0,0.0,0.0,0.0,0.0,0.0
1729690894.6617093,1653,1729690894,659870112,base_link,203000.0,-305000.0,-196999.99999999997,-1.0,0.0,0.0,0.0,0.0,0.0,0.0,0.0,0.0
1729690894.7630656,1654,1729690894,760176600,base_link,203000.0,-310000.0,-193999.99999999997,-1.0,0.0,0.0,0.0,0.0,0.0,0.0,0.0,0.0
1729690894.8620684,1655,1729690894,860592344,base_link,215000.0,-315000.0,-173999.99999999997,-1.0,0.0,0.0,0.0,0.0,0.0,0.0,0.0,0.0
1729690894.965132,1656,1729690894,962545552,base_link,211000.0,-321000.0,-166999.99999999997,-1.0,0.0,0.0,0.0,0.0,0.0,0.0,0.0,0.0
1729690895.0605338,1657,1729690895,58285552,base_link,191000.0,-322000.0,-183999.99999999997,-1.0,0.0,0.0,0.0,0.0,0.0,0.0,0.0,0.0
1729690895.1728413,1658,1729690895,171309504,base_link,196000.0,-323000.0,-178999.99999999997,-1.0,0.0,0.0,0.0,0.0,0.0,0.0,0.0,0.0
1729690895.2610729,1659,1729690895,258724016,base_link,182000.0,-328000.0,-182999.99999999997,-1.0,0.0,0.0,0.0,0.0,0.0,0.0,0.0,0.0
1729690895.3610146,1660,1729690895,356799248,base_link,172000.0,-328000.0,-188999.99999999997,-1.0,0.0,0.0,0.0,0.0,0.0,0.0,0.0,0.0
1729690895.4629714,1661,1729690895,461594528,base_link,173000.0,-334000.0,-191999.99999999997,-1.0,0.0,0.0,0.0,0.0,0.0,0.0,0.0,0.0
1729690895.5620618,1662,1729690895,559154736,base_link,182000.0,-332000.0,-183999.99999999997,-1.0,0.0,0.0,0.0,0.0,0.0,0.0,0.0,0.0
1729690895.661,1663,1729690895,659617944,base_link,199000.0,-317000.0,-192999.99999999997,-1.0,0.0,0.0,0.0,0.0,0.0,0.0,0.0,0.0
1729690895.7621274,1664,1729690895,759675408,base_link,239000.0,-284000.0,-186999.99999999997,-1.0,0.0,0.0,0.0,0.0,0.0,0.0,0.0,0.0
1729690895.8649588,1665,1729690895,860516432,base_link,267000.0,-263000.0,-183999.99999999997,-1.0,0.0,0.0,0.0,0.0,0.0,0.0,0.0,0.0
1729690895.961791,1666,1729690895,960311056,base_link,289000.0,-229000.00000000003,-177999.99999999997,-1.0,0.0,0.0,0.0,0.0,0.0,0.0,0.0,0.0
1729690896.0590544,1667,1729690896,58254704,base_link,299000.0,-196000.00000000003,-200999.99999999997,-1.0,0.0,0.0,0.0,0.0,0.0,0.0,0.0,0.0
1729690896.1621063,1668,1729690896,160711144,base_link,314000.0,-161000.00000000003,-204999.99999999997,-1.0,0.0,0.0,0.0,0.0,0.0,0.0,0.0,0.0
1729690896.2617729,1669,1729690896,260296608,base_link,307000.0,-130000.00000000003,-211999.99999999997,-1.0,0.0,0.0,0.0,0.0,0.0,0.0,0.0,0.0
1729690896.3592103,1670,1729690896,358186512,base_link,320000.0,-85000.00000000003,-210000.0,-1.0,0.0,0.0,0.0,0.0,0.0,0.0,0.0,0.0
1729690896.4590635,1671,1729690896,458286000,base_link,302000.0,-56000.00000000003,-219000.0,-1.0,0.0,0.0,0.0,0.0,0.0,0.0,0.0,0.0
1729690896.558899,1672,1729690896,558215232,base_link,291000.0,-22000.00000000003,-226000.0,-1.0,0.0,0.0,0.0,0.0,0.0,0.0,0.0,0.0
1729690896.6612792,1673,1729690896,658619720,base_link,276000.0,6999.999999999973,-226000.0,-1.0,0.0,0.0,0.0,0.0,0.0,0.0,0.0,0.0
1729690896.7620957,1674,1729690896,759533464,base_link,264000.0,32999.99999999997,-230000.0,-1.0,0.0,0.0,0.0,0.0,0.0,0.0,0.0,0.0
1729690896.8633194,1675,1729690896,860728160,base_link,261000.0,62999.99999999997,-228000.0,-1.0,0.0,0.0,0.0,0.0,0.0,0.0,0.0,0.0
1729690896.9749887,1676,1729690896,963499016,base_link,240000.0,82999.99999999997,-243000.0,-1.0,0.0,0.0,0.0,0.0,0.0,0.0,0.0,0.0
1729690897.0607603,1677,1729690897,59060432,base_link,227000.0,109999.99999999997,-253000.0,-1.0,0.0,0.0,0.0,0.0,0.0,0.0,0.0,0.0
1729690897.1623178,1678,1729690897,161248432,base_link,212000.0,125999.99999999997,-254000.00000000003,-1.0,0.0,0.0,0.0,0.0,0.0,0.0,0.0,0.0
1729690897.2602704,1679,1729690897,259449896,base_link,200000.0,140999.99999999997,-260000.00000000003,-1.0,0.0,0.0,0.0,0.0,0.0,0.0,0.0,0.0
1729690897.3611593,1680,1729690897,359808896,base_link,186000.0,152999.99999999997,-255000.00000000003,-1.0,0.0,0.0,0.0,0.0,0.0,0.0,0.0,0.0
1729690897.4596412,1681,1729690897,457792712,base_link,180000.0,159999.99999999997,-247000.00000000003,-1.0,0.0,0.0,0.0,0.0,0.0,0.0,0.0,0.0
1729690897.5602632,1682,1729690897,559627664,base_link,163000.0,164999.99999999997,-247000.00000000003,-1.0,0.0,0.0,0.0,0.0,0.0,0.0,0.0,0.0
1729690897.659959,1683,1729690897,659557920,base_link,172000.0,170999.99999999997,-248000.00000000003,-1.0,0.0,0.0,0.0,0.0,0.0,0.0,0.0,0.0
1729690897.7603502,1684,1729690897,759641688,base_link,160000.0,164999.99999999997,-257000.00000000003,-1.0,0.0,0.0,0.0,0.0,0.0,0.0,0.0,0.0
1729690897.8591337,1685,1729690897,858751992,base_link,150000.0,162999.99999999997,-258000.00000000003,-1.0,0.0,0.0,0.0,0.0,0.0,0.0,0.0,0.0
1729690897.9620223,1686,1729690897,960084712,base_link,133000.0,150999.99999999997,-270000.0,-1.0,0.0,0.0,0.0,0.0,0.0,0.0,0.0,0.0
1729690898.0599964,1687,1729690898,57870968,base_link,133000.0,150999.99999999997,-270000.0,-1.0,0.0,0.0,0.0,0.0,0.0,0.0,0.0,0.0
1729690898.1607912,1688,1729690898,159183432,base_link,141000.0,156999.99999999997,-277000.0,-1.0,0.0,0.0,0.0,0.0,0.0,0.0,0.0,0.0
1729690898.2626157,1689,1729690898,256806040,base_link,132000.0,154999.99999999997,-271000.0,-1.0,0.0,0.0,0.0,0.0,0.0,0.0,0.0,0.0
1729690898.3618064,1690,1729690898,359833528,base_link,134000.0,159999.99999999997,-270000.0,-1.0,0.0,0.0,0.0,0.0,0.0,0.0,0.0,0.0
1729690898.4593647,1691,1729690898,458855040,base_link,135000.0,157999.99999999997,-269000.0,-1.0,0.0,0.0,0.0,0.0,0.0,0.0,0.0,0.0
1729690898.561017,1692,1729690898,558372968,base_link,148000.0,165999.99999999997,-252000.00000000003,-1.0,0.0,0.0,0.0,0.0,0.0,0.0,0.0,0.0
1729690898.6635027,1693,1729690898,659581664,base_link,142000.0,158999.99999999997,-257000.00000000003,-1.0,0.0,0.0,0.0,0.0,0.0,0.0,0.0,0.0
1729690898.7614093,1694,1729690898,758515664,base_link,147000.0,167999.99999999997,-254000.00000000003,-1.0,0.0,0.0,0.0,0.0,0.0,0.0,0.0,0.0
1729690898.8612196,1695,1729690898,859786432,base_link,150000.0,165999.99999999997,-258000.00000000003,-1.0,0.0,0.0,0.0,0.0,0.0,0.0,0.0,0.0
1729690898.9613948,1696,1729690898,959129176,base_link,154000.0,162999.99999999997,-263000.0,-1.0,0.0,0.0,0.0,0.0,0.0,0.0,0.0,0.0
1729690899.0672758,1697,1729690899,56442056,base_link,154000.0,170999.99999999997,-264000.0,-1.0,0.0,0.0,0.0,0.0,0.0,0.0,0.0,0.0
1729690899.161486,1698,1729690899,160055032,base_link,154000.0,167999.99999999997,-278000.0,-1.0,0.0,0.0,0.0,0.0,0.0,0.0,0.0,0.0
1729690899.2606025,1699,1729690899,259172080,base_link,166000.0,161999.99999999997,-266000.0,-1.0,0.0,0.0,0.0,0.0,0.0,0.0,0.0,0.0
1729690899.3614502,1700,1729690899,360205520,base_link,181000.0,149999.99999999997,-257000.00000000003,-1.0,0.0,0.0,0.0,0.0,0.0,0.0,0.0,0.0
1729690899.460327,1701,1729690899,459587864,base_link,183000.0,134999.99999999997,-259000.00000000003,-1.0,0.0,0.0,0.0,0.0,0.0,0.0,0.0,0.0
1729690899.5567992,1702,1729690899,555832768,base_link,207000.0,129999.99999999997,-248000.00000000003,-1.0,0.0,0.0,0.0,0.0,0.0,0.0,0.0,0.0
1729690899.6615546,1703,1729690899,660242512,base_link,211000.0,121999.99999999997,-245000.00000000003,-1.0,0.0,0.0,0.0,0.0,0.0,0.0,0.0,0.0
1729690899.763829,1704,1729690899,762232536,base_link,222000.0,117999.99999999997,-238000.0,-1.0,0.0,0.0,0.0,0.0,0.0,0.0,0.0,0.0
1729690899.8608007,1705,1729690899,859455072,base_link,232000.0,105999.99999999997,-234000.0,-1.0,0.0,0.0,0.0,0.0,0.0,0.0,0.0,0.0
1729690899.962467,1706,1729690899,960386048,base_link,238000.0,98999.99999999997,-238000.0,-1.0,0.0,0.0,0.0,0.0,0.0,0.0,0.0,0.0
1729690900.062049,1707,1729690900,60221048,base_link,240000.0,87999.99999999997,-241000.0,-1.0,0.0,0.0,0.0,0.0,0.0,0.0,0.0,0.0
1729690900.159488,1708,1729690900,157209488,base_link,235000.0,78999.99999999997,-247000.0,-1.0,0.0,0.0,0.0,0.0,0.0,0.0,0.0,0.0
1729690900.264873,1709,1729690900,263628648,base_link,240000.0,70999.99999999997,-245000.0,-1.0,0.0,0.0,0.0,0.0,0.0,0.0,0.0,0.0
1729690900.358825,1710,1729690900,358122808,base_link,253000.0,65999.99999999997,-236000.0,-1.0,0.0,0.0,0.0,0.0,0.0,0.0,0.0,0.0
1729690900.4608512,1711,1729690900,459711248,base_link,254000.0,62999.99999999997,-244000.0,-1.0,0.0,0.0,0.0,0.0,0.0,0.0,0.0,0.0
1729690900.5607617,1712,1729690900,559145568,base_link,264000.0,55999.99999999997,-228000.0,-1.0,0.0,0.0,0.0,0.0,0.0,0.0,0.0,0.0
1729690900.65983,1713,1729690900,659090568,base_link,262000.0,55999.99999999997,-227000.0,-1.0,0.0,0.0,0.0,0.0,0.0,0.0,0.0,0.0
1729690900.762215,1714,1729690900,760787880,base_link,273000.0,45999.99999999997,-229000.0,-1.0,0.0,0.0,0.0,0.0,0.0,0.0,0.0,0.0
1729690900.8665514,1715,1729690900,865095248,base_link,266000.0,40999.99999999997,-230000.0,-1.0,0.0,0.0,0.0,0.0,0.0,0.0,0.0,0.0
1729690900.9631927,1716,1729690900,962015248,base_link,265000.0,37999.99999999997,-231000.0,-1.0,0.0,0.0,0.0,0.0,0.0,0.0,0.0,0.0
1729690901.062213,1717,1729690901,61121248,base_link,260000.0,38999.99999999997,-239000.0,-1.0,0.0,0.0,0.0,0.0,0.0,0.0,0.0,0.0
1729690901.1638114,1718,1729690901,162230808,base_link,271000.0,38999.99999999997,-240000.0,-1.0,0.0,0.0,0.0,0.0,0.0,0.0,0.0,0.0
1729690901.2675204,1719,1729690901,265801808,base_link,258000.0,30999.99999999997,-244000.0,-1.0,0.0,0.0,0.0,0.0,0.0,0.0,0.0,0.0
1729690901.366284,1720,1729690901,364492136,base_link,264000.0,32999.99999999997,-237000.0,-1.0,0.0,0.0,0.0,0.0,0.0,0.0,0.0,0.0
1729690901.4683075,1721,1729690901,467060344,base_link,255000.0,24999.99999999997,-246000.0,-1.0,0.0,0.0,0.0,0.0,0.0,0.0,0.0,0.0
1729690901.5662694,1722,1729690901,565224088,base_link,263000.0,21999.99999999997,-238000.0,-1.0,0.0,0.0,0.0,0.0,0.0,0.0,0.0,0.0
1729690901.6666198,1723,1729690901,663557904,base_link,258000.0,25999.99999999997,-239000.0,-1.0,0.0,0.0,0.0,0.0,0.0,0.0,0.0,0.0
1729690901.7607937,1724,1729690901,759368928,base_link,256000.0,25999.99999999997,-241000.0,-1.0,0.0,0.0,0.0,0.0,0.0,0.0,0.0,0.0
1729690901.8668535,1725,1729690901,865161952,base_link,254000.0,35999.99999999997,-238000.0,-1.0,0.0,0.0,0.0,0.0,0.0,0.0,0.0,0.0
1729690901.9619467,1726,1729690901,960736184,base_link,245000.0,35999.99999999997,-243000.0,-1.0,0.0,0.0,0.0,0.0,0.0,0.0,0.0,0.0
1729690902.0587378,1727,1729690902,57252856,base_link,252000.0,37999.99999999997,-250000.0,-1.0,0.0,0.0,0.0,0.0,0.0,0.0,0.0,0.0
1729690902.1609175,1728,1729690902,158819600,base_link,239000.0,46999.99999999997,-256000.0,-1.0,0.0,0.0,0.0,0.0,0.0,0.0,0.0,0.0
1729690902.2613225,1729,1729690902,260235832,base_link,243000.0,61999.99999999997,-256000.0,-1.0,0.0,0.0,0.0,0.0,0.0,0.0,0.0,0.0
1729690902.3605623,1730,1729690902,359097112,base_link,240000.0,59999.99999999997,-245000.0,-1.0,0.0,0.0,0.0,0.0,0.0,0.0,0.0,0.0
1729690902.4659722,1731,1729690902,460577552,base_link,231000.0,61999.99999999997,-251000.0,-1.0,0.0,0.0,0.0,0.0,0.0,0.0,0.0,0.0
1729690902.5626674,1732,1729690902,559444296,base_link,244000.0,70999.99999999997,-237000.0,-1.0,0.0,0.0,0.0,0.0,0.0,0.0,0.0,0.0
1729690902.6615465,1733,1729690902,658073040,base_link,238000.0,76999.99999999997,-239000.0,-1.0,0.0,0.0,0.0,0.0,0.0,0.0,0.0,0.0
1729690902.764251,1734,1729690902,759767272,base_link,225000.0,80999.99999999997,-247000.0,-1.0,0.0,0.0,0.0,0.0,0.0,0.0,0.0,0.0
1729690902.8657691,1735,1729690902,860444760,base_link,232000.0,77999.99999999997,-238000.0,-1.0,0.0,0.0,0.0,0.0,0.0,0.0,0.0,0.0
1729690902.9612944,1736,1729690902,959498992,base_link,225000.0,82999.99999999997,-247000.0,-1.0,0.0,0.0,0.0,0.0,0.0,0.0,0.0,0.0
1729690903.0593572,1737,1729690903,58080408,base_link,223000.0,77999.99999999997,-256000.0,-1.0,0.0,0.0,0.0,0.0,0.0,0.0,0.0,0.0
1729690903.1614685,1738,1729690903,159781176,base_link,236000.0,84999.99999999997,-249000.0,-1.0,0.0,0.0,0.0,0.0,0.0,0.0,0.0,0.0
1729690903.260712,1739,1729690903,259009968,base_link,237000.0,85999.99999999997,-249000.0,-1.0,0.0,0.0,0.0,0.0,0.0,0.0,0.0,0.0
1729690903.3612652,1740,1729690903,359771920,base_link,230000.0,77999.99999999997,-248000.0,-1.0,0.0,0.0,0.0,0.0,0.0,0.0,0.0,0.0
1729690903.460163,1741,1729690903,459033456,base_link,238000.0,70999.99999999997,-246000.0,-1.0,0.0,0.0,0.0,0.0,0.0,0.0,0.0,0.0
1729690903.5601704,1742,1729690903,557998640,base_link,240000.0,65999.99999999997,-240000.0,-1.0,0.0,0.0,0.0,0.0,0.0,0.0,0.0,0.0
1729690903.6611261,1743,1729690903,659094360,base_link,245000.0,62999.99999999997,-234000.0,-1.0,0.0,0.0,0.0,0.0,0.0,0.0,0.0,0.0
1729690903.762361,1744,1729690903,760189032,base_link,250000.0,57999.99999999997,-240000.0,-1.0,0.0,0.0,0.0,0.0,0.0,0.0,0.0,0.0
1729690903.8593802,1745,1729690903,857602216,base_link,258000.0,52999.99999999997,-232000.0,-1.0,0.0,0.0,0.0,0.0,0.0,0.0,0.0,0.0
1729690903.9609566,1746,1729690903,958634960,base_link,255000.0,56999.99999999997,-243000.0,-1.0,0.0,0.0,0.0,0.0,0.0,0.0,0.0,0.0
1729690904.05922,1747,1729690904,57822168,base_link,248000.0,54999.99999999997,-245000.0,-1.0,0.0,0.0,0.0,0.0,0.0,0.0,0.0,0.0
1729690904.161813,1748,1729690904,156982912,base_link,248000.0,54999.99999999997,-245000.0,-1.0,0.0,0.0,0.0,0.0,0.0,0.0,0.0,0.0
1729690904.2610369,1749,1729690904,259134192,base_link,254000.0,51999.99999999997,-237000.0,-1.0,0.0,0.0,0.0,0.0,0.0,0.0,0.0,0.0
1729690904.3646054,1750,1729690904,363014376,base_link,256000.0,55999.99999999997,-237000.0,-1.0,0.0,0.0,0.0,0.0,0.0,0.0,0.0,0.0
1729690904.4603825,1751,1729690904,459004912,base_link,256000.0,55999.99999999997,-237000.0,-1.0,0.0,0.0,0.0,0.0,0.0,0.0,0.0,0.0
1729690904.5613558,1752,1729690904,560589888,base_link,250000.0,52999.99999999997,-233000.0,-1.0,0.0,0.0,0.0,0.0,0.0,0.0,0.0,0.0
1729690904.6615617,1753,1729690904,659137096,base_link,253000.0,52999.99999999997,-228000.0,-1.0,0.0,0.0,0.0,0.0,0.0,0.0,0.0,0.0
1729690904.7618387,1754,1729690904,760759352,base_link,262000.0,44999.99999999997,-228000.0,-1.0,0.0,0.0,0.0,0.0,0.0,0.0,0.0,0.0
1729690904.8613513,1755,1729690904,859998792,base_link,261000.0,37999.99999999997,-227000.0,-1.0,0.0,0.0,0.0,0.0,0.0,0.0,0.0,0.0
1729690904.958344,1756,1729690904,956699280,base_link,264000.0,39999.99999999997,-228000.0,-1.0,0.0,0.0,0.0,0.0,0.0,0.0,0.0,0.0
1729690905.0615404,1757,1729690905,60459744,base_link,270000.0,31999.99999999997,-230000.0,-1.0,0.0,0.0,0.0,0.0,0.0,0.0,0.0,0.0
1729690905.1611235,1758,1729690905,159337256,base_link,260000.0,30999.99999999997,-233000.0,-1.0,0.0,0.0,0.0,0.0,0.0,0.0,0.0,0.0
1729690905.2602808,1759,1729690905,258322792,base_link,268000.0,20999.99999999997,-235000.0,-1.0,0.0,0.0,0.0,0.0,0.0,0.0,0.0,0.0
1729690905.3644638,1760,1729690905,359819536,base_link,265000.0,19999.99999999997,-237000.0,-1.0,0.0,0.0,0.0,0.0,0.0,0.0,0.0,0.0
1729690905.4595754,1761,1729690905,458384280,base_link,266000.0,19999.99999999997,-235000.0,-1.0,0.0,0.0,0.0,0.0,0.0,0.0,0.0,0.0
1729690905.5606716,1762,1729690905,559400464,base_link,278000.0,10999.999999999973,-223000.0,-1.0,0.0,0.0,0.0,0.0,0.0,0.0,0.0,0.0
1729690905.659653,1763,1729690905,658554208,base_link,277000.0,9999.999999999973,-225000.0,-1.0,0.0,0.0,0.0,0.0,0.0,0.0,0.0,0.0
1729690905.7617333,1764,1729690905,760557232,base_link,282000.0,5999.999999999973,-220000.0,-1.0,0.0,0.0,0.0,0.0,0.0,0.0,0.0,0.0
1729690905.8615806,1765,1729690905,859785952,base_link,279000.0,13999.999999999973,-220000.0,-1.0,0.0,0.0,0.0,0.0,0.0,0.0,0.0,0.0
1729690905.9599204,1766,1729690905,958990464,base_link,276000.0,13999.999999999973,-227000.0,-1.0,0.0,0.0,0.0,0.0,0.0,0.0,0.0,0.0
1729690906.060422,1767,1729690906,58229624,base_link,279000.0,22999.99999999997,-226000.0,-1.0,0.0,0.0,0.0,0.0,0.0,0.0,0.0,0.0
1729690906.160732,1768,1729690906,159941136,base_link,271000.0,23999.99999999997,-236000.0,-1.0,0.0,0.0,0.0,0.0,0.0,0.0,0.0,0.0
1729690906.2613664,1769,1729690906,259165048,base_link,270000.0,28999.99999999997,-236000.0,-1.0,0.0,0.0,0.0,0.0,0.0,0.0,0.0,0.0
1729690906.3601074,1770,1729690906,358532328,base_link,267000.0,30999.99999999997,-241000.0,-1.0,0.0,0.0,0.0,0.0,0.0,0.0,0.0,0.0
1729690906.4620314,1771,1729690906,460132256,base_link,270000.0,29999.99999999997,-234000.0,-1.0,0.0,0.0,0.0,0.0,0.0,0.0,0.0,0.0
1729690906.5586004,1772,1729690906,556693512,base_link,279000.0,25999.99999999997,-227000.0,-1.0,0.0,0.0,0.0,0.0,0.0,0.0,0.0,0.0
1729690906.6603863,1773,1729690906,658941624,base_link,277000.0,17999.99999999997,-227000.0,-1.0,0.0,0.0,0.0,0.0,0.0,0.0,0.0,0.0
1729690906.7590165,1774,1729690906,757938784,base_link,275000.0,15999.99999999997,-232000.0,-1.0,0.0,0.0,0.0,0.0,0.0,0.0,0.0,0.0
1729690906.8668237,1775,1729690906,865009224,base_link,279000.0,12999.999999999973,-229000.0,-1.0,0.0,0.0,0.0,0.0,0.0,0.0,0.0,0.0
1729690906.9608839,1776,1729690906,959170520,base_link,272000.0,7999.999999999972,-233000.0,-1.0,0.0,0.0,0.0,0.0,0.0,0.0,0.0,0.0
1729690907.0609713,1777,1729690907,58298520,base_link,271000.0,6999.999999999971,-240000.0,-1.0,0.0,0.0,0.0,0.0,0.0,0.0,0.0,0.0
1729690907.1620898,1778,1729690907,159301584,base_link,256000.0,10999.999999999969,-247000.0,-1.0,0.0,0.0,0.0,0.0,0.0,0.0,0.0,0.0
1729690907.2645957,1779,1729690907,263075952,base_link,258000.0,9999.999999999969,-251000.0,-1.0,0.0,0.0,0.0,0.0,0.0,0.0,0.0,0.0
1729690907.3618264,1780,1729690907,359778576,base_link,254000.0,7999.999999999971,-239000.0,-1.0,0.0,0.0,0.0,0.0,0.0,0.0,0.0,0.0
1729690907.4655802,1781,1729690907,463762760,base_link,266000.0,5999.99999999997,-248000.0,-1.0,0.0,0.0,0.0,0.0,0.0,0.0,0.0,0.0
1729690907.5648057,1782,1729690907,562784552,base_link,263000.0,-2.87791997799628e-11,-235000.0,-1.0,0.0,0.0,0.0,0.0,0.0,0.0,0.0,0.0
1729690907.6689708,1783,1729690907,667163736,base_link,273000.0,2999.9999999999723,-225000.0,-1.0,0.0,0.0,0.0,0.0,0.0,0.0,0.0,0.0
1729690907.7678132,1784,1729690907,765776272,base_link,269000.0,999.9999999999716,-232000.0,-1.0,0.0,0.0,0.0,0.0,0.0,0.0,0.0,0.0
1729690907.8670871,1785,1729690907,864677224,base_link,276000.0,-2.804441170047439e-11,-229000.0,-1.0,0.0,0.0,0.0,0.0,0.0,0.0,0.0,0.0
1729690907.9646385,1786,1729690907,962526480,base_link,273000.0,-2.8166876380389122e-11,-230000.0,-1.0,0.0,0.0,0.0,0.0,0.0,0.0,0.0,0.0
1729690908.0632014,1787,1729690908,61963080,base_link,261000.0,999.9999999999702,-243000.0,-1.0,0.0,0.0,0.0,0.0,0.0,0.0,0.0,0.0
1729690908.1582575,1788,1729690908,155688752,base_link,267000.0,-2.963645253936595e-11,-242000.0,-1.0,0.0,0.0,0.0,0.0,0.0,0.0,0.0,0.0
1729690908.2610223,1789,1729690908,259323960,base_link,259000.0,-3000.000000000029,-236000.0,-1.0,0.0,0.0,0.0,0.0,0.0,0.0,0.0,0.0
1729690908.3618717,1790,1729690908,360389984,base_link,270000.0,-3000.0000000000296,-241000.0,-1.0,0.0,0.0,0.0,0.0,0.0,0.0,0.0,0.0
1729690908.4602802,1791,1729690908,457678264,base_link,267000.0,-7000.00000000003,-243000.0,-1.0,0.0,0.0,0.0,0.0,0.0,0.0,0.0,0.0
1729690908.5616608,1792,1729690908,558589008,base_link,272000.0,-1000.000000000028,-228000.0,-1.0,0.0,0.0,0.0,0.0,0.0,0.0,0.0,0.0
1729690908.6601975,1793,1729690908,657710680,base_link,274000.0,-2000.0000000000277,-227000.0,-1.0,0.0,0.0,0.0,0.0,0.0,0.0,0.0,0.0
1729690908.7600067,1794,1729690908,756894448,base_link,270000.0,-4000.000000000028,-230000.0,-1.0,0.0,0.0,0.0,0.0,0.0,0.0,0.0,0.0
1729690908.8603268,1795,1729690908,858049352,base_link,269000.0,-6000.000000000028,-233000.0,-1.0,0.0,0.0,0.0,0.0,0.0,0.0,0.0,0.0
1729690908.9606638,1796,1729690908,959490560,base_link,268000.0,-10000.00000000003,-235000.0,-1.0,0.0,0.0,0.0,0.0,0.0,0.0,0.0,0.0
1729690909.0627975,1797,1729690909,59383720,base_link,266000.0,-3000.0000000000296,-241000.0,-1.0,0.0,0.0,0.0,0.0,0.0,0.0,0.0,0.0
1729690909.160165,1798,1729690909,158368112,base_link,273000.0,-10000.00000000003,-235000.0,-1.0,0.0,0.0,0.0,0.0,0.0,0.0,0.0,0.0
1729690909.2600157,1799,1729690909,257732112,base_link,268000.0,-13000.00000000003,-241000.0,-1.0,0.0,0.0,0.0,0.0,0.0,0.0,0.0,0.0
1729690909.3602927,1800,1729690909,358926856,base_link,274000.0,-16000.00000000003,-235000.0,-1.0,0.0,0.0,0.0,0.0,0.0,0.0,0.0,0.0
1729690909.4600422,1801,1729690909,457806064,base_link,271000.0,-18000.00000000003,-231000.0,-1.0,0.0,0.0,0.0,0.0,0.0,0.0,0.0,0.0
1729690909.5610635,1802,1729690909,559143344,base_link,281000.0,-16000.000000000027,-229000.0,-1.0,0.0,0.0,0.0,0.0,0.0,0.0,0.0,0.0
1729690909.662458,1803,1729690909,660594296,base_link,281000.0,-18000.000000000025,-221000.0,-1.0,0.0,0.0,0.0,0.0,0.0,0.0,0.0,0.0
1729690909.7628872,1804,1729690909,759675296,base_link,276000.0,-14000.000000000027,-224000.0,-1.0,0.0,0.0,0.0,0.0,0.0,0.0,0.0,0.0
1729690909.8637292,1805,1729690909,860339248,base_link,274000.0,-12000.000000000027,-225000.0,-1.0,0.0,0.0,0.0,0.0,0.0,0.0,0.0,0.0
1729690909.9630244,1806,1729690909,961729432,base_link,280000.0,-12000.000000000027,-222000.0,-1.0,0.0,0.0,0.0,0.0,0.0,0.0,0.0,0.0
1729690910.0589204,1807,1729690910,56589336,base_link,280000.0,-12000.000000000027,-222000.0,-1.0,0.0,0.0,0.0,0.0,0.0,0.0,0.0,0.0
1729690910.1636026,1808,1729690910,159986288,base_link,270000.0,-8000.000000000029,-241000.0,-1.0,0.0,0.0,0.0,0.0,0.0,0.0,0.0,0.0
1729690910.2579532,1809,1729690910,256149288,base_link,270000.0,-8000.000000000029,-241000.0,-1.0,0.0,0.0,0.0,0.0,0.0,0.0,0.0,0.0
1729690910.3621647,1810,1729690910,359657240,base_link,275000.0,-11000.00000000003,-234000.0,-1.0,0.0,0.0,0.0,0.0,0.0,0.0,0.0,0.0
1729690910.462286,1811,1729690910,459257752,base_link,270000.0,-12000.00000000003,-232000.0,-1.0,0.0,0.0,0.0,0.0,0.0,0.0,0.0,0.0
1729690910.5623815,1812,1729690910,560723752,base_link,276000.0,-15000.00000000003,-237000.0,-1.0,0.0,0.0,0.0,0.0,0.0,0.0,0.0,0.0
1729690910.6615815,1813,1729690910,659556472,base_link,274000.0,-18000.00000000003,-229000.0,-1.0,0.0,0.0,0.0,0.0,0.0,0.0,0.0,0.0
1729690910.7619777,1814,1729690910,758085376,base_link,275000.0,-13000.000000000027,-229000.0,-1.0,0.0,0.0,0.0,0.0,0.0,0.0,0.0,0.0
1729690910.8620303,1815,1729690910,860061840,base_link,264000.0,-13000.000000000027,-230000.0,-1.0,0.0,0.0,0.0,0.0,0.0,0.0,0.0,0.0
1729690910.9606035,1816,1729690910,958723608,base_link,276000.0,-13000.00000000003,-233000.0,-1.0,0.0,0.0,0.0,0.0,0.0,0.0,0.0,0.0
1729690911.0612166,1817,1729690911,59642816,base_link,265000.0,-12000.00000000003,-234000.0,-1.0,0.0,0.0,0.0,0.0,0.0,0.0,0.0,0.0
1729690911.1594272,1818,1729690911,158305840,base_link,265000.0,-14000.00000000003,-240000.0,-1.0,0.0,0.0,0.0,0.0,0.0,0.0,0.0,0.0
1729690911.2607002,1819,1729690911,259717352,base_link,270000.0,-19000.00000000003,-240000.0,-1.0,0.0,0.0,0.0,0.0,0.0,0.0,0.0,0.0
1729690911.3606746,1820,1729690911,359005144,base_link,269000.0,-19000.00000000003,-234000.0,-1.0,0.0,0.0,0.0,0.0,0.0,0.0,0.0,0.0
1729690911.4597116,1821,1729690911,458341400,base_link,264000.0,-18000.00000000003,-233000.0,-1.0,0.0,0.0,0.0,0.0,0.0,0.0,0.0,0.0
1729690911.5609388,1822,1729690911,559097400,base_link,264000.0,-25000.00000000003,-233000.0,-1.0,0.0,0.0,0.0,0.0,0.0,0.0,0.0,0.0
1729690911.659996,1823,1729690911,658488656,base_link,267000.0,-24000.00000000003,-228000.0,-1.0,0.0,0.0,0.0,0.0,0.0,0.0,0.0,0.0
1729690911.7620003,1824,1729690911,760443632,base_link,277000.0,-22000.00000000003,-224000.0,-1.0,0.0,0.0,0.0,0.0,0.0,0.0,0.0,0.0
1729690911.8618789,1825,1729690911,860065720,base_link,274000.0,-23000.00000000003,-231000.0,-1.0,0.0,0.0,0.0,0.0,0.0,0.0,0.0,0.0
1729690911.960732,1826,1729690911,958980952,base_link,283000.0,-25000.00000000003,-224000.0,-1.0,0.0,0.0,0.0,0.0,0.0,0.0,0.0,0.0
1729690912.0607226,1827,1729690912,59325904,base_link,277000.0,-19000.00000000003,-230000.0,-1.0,0.0,0.0,0.0,0.0,0.0,0.0,0.0,0.0
1729690912.161568,1828,1729690912,159889600,base_link,279000.0,-20000.00000000003,-229000.0,-1.0,0.0,0.0,0.0,0.0,0.0,0.0,0.0,0.0
1729690912.261309,1829,1729690912,259483296,base_link,271000.0,-19000.00000000003,-236000.0,-1.0,0.0,0.0,0.0,0.0,0.0,0.0,0.0,0.0
1729690912.3580108,1830,1729690912,356207688,base_link,271000.0,-16000.00000000003,-239000.0,-1.0,0.0,0.0,0.0,0.0,0.0,0.0,0.0,0.0
1729690912.460113,1831,1729690912,458010408,base_link,278000.0,-14000.00000000003,-235000.0,-1.0,0.0,0.0,0.0,0.0,0.0,0.0,0.0,0.0
1729690912.559712,1832,1729690912,557712336,base_link,271000.0,-9000.000000000027,-221000.0,-1.0,0.0,0.0,0.0,0.0,0.0,0.0,0.0,0.0
1729690912.6606565,1833,1729690912,659269344,base_link,277000.0,-13000.000000000027,-224000.0,-1.0,0.0,0.0,0.0,0.0,0.0,0.0,0.0,0.0
1729690912.7596495,1834,1729690912,758355888,base_link,275000.0,-17000.000000000025,-220000.0,-1.0,0.0,0.0,0.0,0.0,0.0,0.0,0.0,0.0
1729690912.8616269,1835,1729690912,860377208,base_link,278000.0,-12000.000000000027,-229000.0,-1.0,0.0,0.0,0.0,0.0,0.0,0.0,0.0,0.0
1729690912.9610176,1836,1729690912,959090760,base_link,271000.0,-24000.00000000003,-223000.0,-1.0,0.0,0.0,0.0,0.0,0.0,0.0,0.0,0.0
1729690913.063388,1837,1729690913,61641360,base_link,270000.0,-22000.00000000003,-230000.0,-1.0,0.0,0.0,0.0,0.0,0.0,0.0,0.0,0.0
1729690913.167505,1838,1729690913,165507704,base_link,268000.0,-26000.00000000003,-244000.0,-1.0,0.0,0.0,0.0,0.0,0.0,0.0,0.0,0.0
1729690913.2637424,1839,1729690913,261631656,base_link,275000.0,-23000.00000000003,-239000.0,-1.0,0.0,0.0,0.0,0.0,0.0,0.0,0.0,0.0
1729690913.3645701,1840,1729690913,363256400,base_link,270000.0,-23000.00000000003,-238000.0,-1.0,0.0,0.0,0.0,0.0,0.0,0.0,0.0,0.0
1729690913.4640367,1841,1729690913,462342144,base_link,265000.0,-17000.00000000003,-239000.0,-1.0,0.0,0.0,0.0,0.0,0.0,0.0,0.0,0.0
1729690913.5593665,1842,1729690913,557700352,base_link,271000.0,-27000.00000000003,-233000.0,-1.0,0.0,0.0,0.0,0.0,0.0,0.0,0.0,0.0
1729690913.6665761,1843,1729690913,665058376,base_link,267000.0,-23000.00000000003,-232000.0,-1.0,0.0,0.0,0.0,0.0,0.0,0.0,0.0,0.0
1729690913.7678425,1844,1729690913,766436608,base_link,261000.0,-21000.00000000003,-234000.0,-1.0,0.0,0.0,0.0,0.0,0.0,0.0,0.0,0.0
1729690913.8671954,1845,1729690913,865501840,base_link,274000.0,-18000.00000000003,-230000.0,-1.0,0.0,0.0,0.0,0.0,0.0,0.0,0.0,0.0
1729690913.9588034,1846,1729690913,957969424,base_link,265000.0,-20000.00000000003,-239000.0,-1.0,0.0,0.0,0.0,0.0,0.0,0.0,0.0,0.0
1729690914.067762,1847,1729690914,66050280,base_link,256000.0,-12000.00000000003,-242000.0,-1.0,0.0,0.0,0.0,0.0,0.0,0.0,0.0,0.0
1729690914.161669,1848,1729690914,159096304,base_link,260000.0,-11000.00000000003,-245000.0,-1.0,0.0,0.0,0.0,0.0,0.0,0.0,0.0,0.0
1729690914.263917,1849,1729690914,262433256,base_link,256000.0,-13000.00000000003,-245000.0,-1.0,0.0,0.0,0.0,0.0,0.0,0.0,0.0,0.0
1729690914.360894,1850,1729690914,358992464,base_link,253000.0,-12000.000000000031,-247000.0,-1.0,0.0,0.0,0.0,0.0,0.0,0.0,0.0,0.0
1729690914.4592106,1851,1729690914,457929976,base_link,257000.0,-13000.000000000031,-247000.0,-1.0,0.0,0.0,0.0,0.0,0.0,0.0,0.0,0.0
1729690914.5609522,1852,1729690914,559310696,base_link,264000.0,-19000.00000000003,-238000.0,-1.0,0.0,0.0,0.0,0.0,0.0,0.0,0.0,0.0
1729690914.6599128,1853,1729690914,658474256,base_link,271000.0,-28000.00000000003,-233000.0,-1.0,0.0,0.0,0.0,0.0,0.0,0.0,0.0,0.0
1729690914.7603931,1854,1729690914,757455024,base_link,267000.0,-27000.00000000003,-232000.0,-1.0,0.0,0.0,0.0,0.0,0.0,0.0,0.0,0.0
1729690914.861675,1855,1729690914,859078280,base_link,279000.0,-30000.00000000003,-227000.0,-1.0,0.0,0.0,0.0,0.0,0.0,0.0,0.0,0.0
1729690914.962859,1856,1729690914,960421464,base_link,276000.0,-26000.00000000003,-228000.0,-1.0,0.0,0.0,0.0,0.0,0.0,0.0,0.0,0.0
1729690915.0611465,1857,1729690915,59303184,base_link,268000.0,-28000.00000000003,-235000.0,-1.0,0.0,0.0,0.0,0.0,0.0,0.0,0.0,0.0
1729690915.1611688,1858,1729690915,156404440,base_link,266000.0,-28000.00000000003,-236000.0,-1.0,0.0,0.0,0.0,0.0,0.0,0.0,0.0,0.0
1729690915.2601852,1859,1729690915,257638624,base_link,264000.0,-26000.00000000003,-244000.0,-1.0,0.0,0.0,0.0,0.0,0.0,0.0,0.0,0.0
1729690915.3647838,1860,1729690915,359679392,base_link,259000.0,-30000.00000000003,-241000.0,-1.0,0.0,0.0,0.0,0.0,0.0,0.0,0.0,0.0
1729690915.4622495,1861,1729690915,458663040,base_link,261000.0,-27000.00000000003,-241000.0,-1.0,0.0,0.0,0.0,0.0,0.0,0.0,0.0,0.0
1729690915.5607958,1862,1729690915,557678992,base_link,267000.0,-25000.00000000003,-231000.0,-1.0,0.0,0.0,0.0,0.0,0.0,0.0,0.0,0.0
1729690915.6587915,1863,1729690915,656685480,base_link,273000.0,-25000.00000000003,-229000.0,-1.0,0.0,0.0,0.0,0.0,0.0,0.0,0.0,0.0
1729690915.7613182,1864,1729690915,760252664,base_link,265000.0,-20000.00000000003,-237000.0,-1.0,0.0,0.0,0.0,0.0,0.0,0.0,0.0,0.0
1729690915.8600976,1865,1729690915,858919872,base_link,264000.0,-23000.00000000003,-235000.0,-1.0,0.0,0.0,0.0,0.0,0.0,0.0,0.0,0.0
1729690915.959946,1866,1729690915,958566080,base_link,271000.0,-27000.00000000003,-237000.0,-1.0,0.0,0.0,0.0,0.0,0.0,0.0,0.0,0.0
1729690916.0611615,1867,1729690916,60056984,base_link,260000.0,-27000.00000000003,-250000.0,-1.0,0.0,0.0,0.0,0.0,0.0,0.0,0.0,0.0
1729690916.1613026,1868,1729690916,158662520,base_link,260000.0,-27000.00000000003,-250000.0,-1.0,0.0,0.0,0.0,0.0,0.0,0.0,0.0,0.0
1729690916.262305,1869,1729690916,259962776,base_link,262000.0,-28000.00000000003,-243000.0,-1.0,0.0,0.0,0.0,0.0,0.0,0.0,0.0,0.0
1729690916.361631,1870,1729690916,359065312,base_link,255000.0,-39000.00000000003,-246000.0,-1.0,0.0,0.0,0.0,0.0,0.0,0.0,0.0,0.0
1729690916.4610014,1871,1729690916,458187176,base_link,256000.0,-44000.00000000003,-244000.0,-1.0,0.0,0.0,0.0,0.0,0.0,0.0,0.0,0.0
1729690916.5604258,1872,1729690916,559290896,base_link,263000.0,-44000.00000000003,-238000.0,-1.0,0.0,0.0,0.0,0.0,0.0,0.0,0.0,0.0
1729690916.6590137,1873,1729690916,656505920,base_link,264000.0,-41000.00000000003,-239000.0,-1.0,0.0,0.0,0.0,0.0,0.0,0.0,0.0,0.0
1729690916.7612689,1874,1729690916,760054176,base_link,265000.0,-46000.00000000003,-237000.0,-1.0,0.0,0.0,0.0,0.0,0.0,0.0,0.0,0.0
1729690916.8594644,1875,1729690916,858337688,base_link,272000.0,-36000.00000000003,-233000.0,-1.0,0.0,0.0,0.0,0.0,0.0,0.0,0.0,0.0
1729690916.9582448,1876,1729690916,955682872,base_link,273000.0,-37000.00000000003,-232000.0,-1.0,0.0,0.0,0.0,0.0,0.0,0.0,0.0,0.0
1729690917.0606632,1877,1729690917,58992848,base_link,264000.0,-32000.00000000003,-230000.0,-1.0,0.0,0.0,0.0,0.0,0.0,0.0,0.0,0.0
1729690917.1594896,1878,1729690917,157976848,base_link,264000.0,-35000.00000000003,-247000.0,-1.0,0.0,0.0,0.0,0.0,0.0,0.0,0.0,0.0
1729690917.2604227,1879,1729690917,259553056,base_link,255000.0,-39000.00000000003,-247000.0,-1.0,0.0,0.0,0.0,0.0,0.0,0.0,0.0,0.0
1729690917.3608487,1880,1729690917,358835520,base_link,262000.0,-48000.00000000003,-241000.0,-1.0,0.0,0.0,0.0,0.0,0.0,0.0,0.0,0.0
1729690917.4633305,1881,1729690917,462171216,base_link,263000.0,-51000.00000000003,-245000.0,-1.0,0.0,0.0,0.0,0.0,0.0,0.0,0.0,0.0
1729690917.5605528,1882,1729690917,558861448,base_link,266000.0,-45000.00000000003,-237000.0,-1.0,0.0,0.0,0.0,0.0,0.0,0.0,0.0,0.0
1729690917.6616118,1883,1729690917,660039448,base_link,267000.0,-49000.00000000003,-233000.0,-1.0,0.0,0.0,0.0,0.0,0.0,0.0,0.0,0.0
1729690917.7607875,1884,1729690917,759424216,base_link,273000.0,-51000.00000000003,-230000.0,-1.0,0.0,0.0,0.0,0.0,0.0,0.0,0.0,0.0
1729690917.8593917,1885,1729690917,858518800,base_link,269000.0,-45000.00000000003,-231000.0,-1.0,0.0,0.0,0.0,0.0,0.0,0.0,0.0,0.0
1729690917.961462,1886,1729690917,959956056,base_link,261000.0,-40000.00000000003,-234000.0,-1.0,0.0,0.0,0.0,0.0,0.0,0.0,0.0,0.0
1729690918.0611157,1887,1729690918,59174632,base_link,272000.0,-41000.00000000003,-233000.0,-1.0,0.0,0.0,0.0,0.0,0.0,0.0,0.0,0.0
1729690918.1616757,1888,1729690918,159956328,base_link,265000.0,-38000.00000000003,-242000.0,-1.0,0.0,0.0,0.0,0.0,0.0,0.0,0.0,0.0
1729690918.2613747,1889,1729690918,259609072,base_link,271000.0,-32000.00000000003,-235000.0,-1.0,0.0,0.0,0.0,0.0,0.0,0.0,0.0,0.0
1729690918.3605075,1890,1729690918,358450352,base_link,267000.0,-37000.00000000003,-235000.0,-1.0,0.0,0.0,0.0,0.0,0.0,0.0,0.0,0.0
1729690918.459237,1891,1729690918,457825120,base_link,273000.0,-37000.00000000003,-239000.0,-1.0,0.0,0.0,0.0,0.0,0.0,0.0,0.0,0.0
1729690918.56049,1892,1729690918,558939352,base_link,274000.0,-46000.00000000003,-229000.0,-1.0,0.0,0.0,0.0,0.0,0.0,0.0,0.0,0.0
1729690918.6612394,1893,1729690918,659249840,base_link,271000.0,-46000.00000000003,-226000.0,-1.0,0.0,0.0,0.0,0.0,0.0,0.0,0.0,0.0
1729690918.7593985,1894,1729690918,757879912,base_link,267000.0,-50000.00000000003,-230000.0,-1.0,0.0,0.0,0.0,0.0,0.0,0.0,0.0,0.0
1729690918.8636801,1895,1729690918,862394264,base_link,274000.0,-48000.00000000003,-227000.0,-1.0,0.0,0.0,0.0,0.0,0.0,0.0,0.0,0.0
1729690918.960865,1896,1729690918,959449240,base_link,264000.0,-52000.00000000003,-234000.0,-1.0,0.0,0.0,0.0,0.0,0.0,0.0,0.0,0.0
1729690919.0634305,1897,1729690919,60631936,base_link,268000.0,-49000.00000000003,-239000.0,-1.0,0.0,0.0,0.0,0.0,0.0,0.0,0.0,0.0
1729690919.1639214,1898,1729690919,161998816,base_link,270000.0,-50000.00000000003,-234000.0,-1.0,0.0,0.0,0.0,0.0,0.0,0.0,0.0,0.0
1729690919.265769,1899,1729690919,264288256,base_link,261000.0,-49000.00000000003,-241000.0,-1.0,0.0,0.0,0.0,0.0,0.0,0.0,0.0,0.0
1729690919.3650882,1900,1729690919,363487488,base_link,261000.0,-62000.00000000003,-240000.0,-1.0,0.0,0.0,0.0,0.0,0.0,0.0,0.0,0.0
1729690919.4636178,1901,1729690919,462651256,base_link,267000.0,-61000.00000000003,-244000.0,-1.0,0.0,0.0,0.0,0.0,0.0,0.0,0.0,0.0
1729690919.5655286,1902,1729690919,563781928,base_link,261000.0,-71000.00000000003,-237000.0,-1.0,0.0,0.0,0.0,0.0,0.0,0.0,0.0,0.0
1729690919.668102,1903,1729690919,665440160,base_link,262000.0,-61000.00000000003,-234000.0,-1.0,0.0,0.0,0.0,0.0,0.0,0.0,0.0,0.0
1729690919.7675073,1904,1729690919,766606576,base_link,269000.0,-61000.00000000003,-234000.0,-1.0,0.0,0.0,0.0,0.0,0.0,0.0,0.0,0.0
1729690919.8602872,1905,1729690919,858862856,base_link,275000.0,-65000.00000000003,-225000.0,-1.0,0.0,0.0,0.0,0.0,0.0,0.0,0.0,0.0
1729690919.968586,1906,1729690919,966284064,base_link,270000.0,-62000.00000000003,-232000.0,-1.0,0.0,0.0,0.0,0.0,0.0,0.0,0.0,0.0
1729690920.0669637,1907,1729690920,65125624,base_link,274000.0,-55000.00000000003,-233000.0,-1.0,0.0,0.0,0.0,0.0,0.0,0.0,0.0,0.0
1729690920.161616,1908,1729690920,159978624,base_link,272000.0,-56000.00000000003,-238000.0,-1.0,0.0,0.0,0.0,0.0,0.0,0.0,0.0,0.0
1729690920.2594757,1909,1729690920,257570808,base_link,270000.0,-51000.00000000003,-233000.0,-1.0,0.0,0.0,0.0,0.0,0.0,0.0,0.0,0.0
1729690920.3625765,1910,1729690920,361650296,base_link,281000.0,-52000.00000000003,-230000.0,-1.0,0.0,0.0,0.0,0.0,0.0,0.0,0.0,0.0
1729690920.464405,1911,1729690920,460427968,base_link,275000.0,-50000.00000000003,-234000.0,-1.0,0.0,0.0,0.0,0.0,0.0,0.0,0.0,0.0
1729690920.5609965,1912,1729690920,559377176,base_link,276000.0,-49000.00000000003,-227000.0,-1.0,0.0,0.0,0.0,0.0,0.0,0.0,0.0,0.0
1729690920.6597497,1913,1729690920,658628152,base_link,281000.0,-56000.00000000003,-225000.0,-1.0,0.0,0.0,0.0,0.0,0.0,0.0,0.0,0.0
1729690920.7594461,1914,1729690920,757839384,base_link,272000.0,-65000.00000000003,-227000.0,-1.0,0.0,0.0,0.0,0.0,0.0,0.0,0.0,0.0
1729690920.8597307,1915,1729690920,859130128,base_link,268000.0,-74000.00000000003,-229000.0,-1.0,0.0,0.0,0.0,0.0,0.0,0.0,0.0,0.0
1729690920.9573998,1916,1729690920,955612592,base_link,275000.0,-68000.00000000003,-233000.0,-1.0,0.0,0.0,0.0,0.0,0.0,0.0,0.0,0.0
1729690921.0614522,1917,1729690921,60050544,base_link,268000.0,-70000.00000000003,-232000.0,-1.0,0.0,0.0,0.0,0.0,0.0,0.0,0.0,0.0
1729690921.1626441,1918,1729690921,159279032,base_link,268000.0,-64000.00000000003,-239000.0,-1.0,0.0,0.0,0.0,0.0,0.0,0.0,0.0,0.0
1729690921.261405,1919,1729690921,258495032,base_link,268000.0,-50000.00000000003,-240000.0,-1.0,0.0,0.0,0.0,0.0,0.0,0.0,0.0,0.0
1729690921.359772,1920,1729690921,357556056,base_link,268000.0,-45000.00000000003,-237000.0,-1.0,0.0,0.0,0.0,0.0,0.0,0.0,0.0,0.0
1729690921.4604368,1921,1729690921,458581264,base_link,273000.0,-54000.00000000003,-237000.0,-1.0,0.0,0.0,0.0,0.0,0.0,0.0,0.0,0.0
1729690921.560495,1922,1729690921,555801472,base_link,271000.0,-54000.00000000003,-225000.0,-1.0,0.0,0.0,0.0,0.0,0.0,0.0,0.0,0.0
1729690921.665823,1923,1729690921,659640424,base_link,273000.0,-60000.00000000003,-226000.0,-1.0,0.0,0.0,0.0,0.0,0.0,0.0,0.0,0.0
1729690921.761887,1924,1729690921,758637400,base_link,276000.0,-67000.00000000003,-232000.0,-1.0,0.0,0.0,0.0,0.0,0.0,0.0,0.0,0.0
1729690921.8597338,1925,1729690921,858010632,base_link,277000.0,-68000.00000000003,-235000.0,-1.0,0.0,0.0,0.0,0.0,0.0,0.0,0.0,0.0
1729690921.96177,1926,1729690921,959581400,base_link,262000.0,-76000.00000000003,-236000.0,-1.0,0.0,0.0,0.0,0.0,0.0,0.0,0.0,0.0
1729690922.0610542,1927,1729690922,58412072,base_link,262000.0,-76000.00000000003,-236000.0,-1.0,0.0,0.0,0.0,0.0,0.0,0.0,0.0,0.0
1729690922.1600046,1928,1729690922,157694000,base_link,266000.0,-79000.00000000003,-246000.0,-1.0,0.0,0.0,0.0,0.0,0.0,0.0,0.0,0.0
1729690922.2610745,1929,1729690922,259134024,base_link,263000.0,-76000.00000000003,-243000.0,-1.0,0.0,0.0,0.0,0.0,0.0,0.0,0.0,0.0
1729690922.360087,1930,1729690922,358266744,base_link,263000.0,-71000.00000000003,-241000.0,-1.0,0.0,0.0,0.0,0.0,0.0,0.0,0.0,0.0
1729690922.4598005,1931,1729690922,457483488,base_link,262000.0,-70000.00000000003,-240000.0,-1.0,0.0,0.0,0.0,0.0,0.0,0.0,0.0,0.0
1729690922.5605793,1932,1729690922,558863280,base_link,266000.0,-72000.00000000003,-236000.0,-1.0,0.0,0.0,0.0,0.0,0.0,0.0,0.0,0.0
1729690922.6625347,1933,1729690922,660545744,base_link,267000.0,-71000.00000000003,-227000.0,-1.0,0.0,0.0,0.0,0.0,0.0,0.0,0.0,0.0
1729690922.7601037,1934,1729690922,758930024,base_link,274000.0,-70000.00000000003,-231000.0,-1.0,0.0,0.0,0.0,0.0,0.0,0.0,0.0,0.0
1729690922.86151,1935,1729690922,859868280,base_link,269000.0,-77000.00000000003,-231000.0,-1.0,0.0,0.0,0.0,0.0,0.0,0.0,0.0,0.0
1729690922.9600835,1936,1729690922,958579256,base_link,277000.0,-75000.00000000003,-225000.0,-1.0,0.0,0.0,0.0,0.0,0.0,0.0,0.0,0.0
1729690923.0619912,1937,1729690923,60162464,base_link,269000.0,-70000.00000000003,-236000.0,-1.0,0.0,0.0,0.0,0.0,0.0,0.0,0.0,0.0
1729690923.160142,1938,1729690923,158973696,base_link,272000.0,-64000.00000000003,-237000.0,-1.0,0.0,0.0,0.0,0.0,0.0,0.0,0.0,0.0
1729690923.258158,1939,1729690923,256304112,base_link,264000.0,-67000.00000000003,-240000.0,-1.0,0.0,0.0,0.0,0.0,0.0,0.0,0.0,0.0
1729690923.3611567,1940,1729690923,359429552,base_link,263000.0,-69000.00000000003,-242000.0,-1.0,0.0,0.0,0.0,0.0,0.0,0.0,0.0,0.0
1729690923.4603581,1941,1729690923,458857944,base_link,272000.0,-66000.00000000003,-242000.0,-1.0,0.0,0.0,0.0,0.0,0.0,0.0,0.0,0.0
1729690923.560185,1942,1729690923,557619896,base_link,280000.0,-73000.00000000003,-232000.0,-1.0,0.0,0.0,0.0,0.0,0.0,0.0,0.0,0.0
1729690923.6611884,1943,1729690923,659525640,base_link,275000.0,-71000.00000000003,-225000.0,-1.0,0.0,0.0,0.0,0.0,0.0,0.0,0.0,0.0
1729690923.7610466,1944,1729690923,758578312,base_link,280000.0,-67000.00000000003,-225000.0,-1.0,0.0,0.0,0.0,0.0,0.0,0.0,0.0,0.0
1729690923.8619988,1945,1729690923,859760496,base_link,279000.0,-69000.00000000003,-224000.0,-1.0,0.0,0.0,0.0,0.0,0.0,0.0,0.0,0.0
1729690923.9571395,1946,1729690923,955489960,base_link,290000.0,-68000.00000000003,-217000.0,-1.0,0.0,0.0,0.0,0.0,0.0,0.0,0.0,0.0
1729690924.0634186,1947,1729690924,62477584,base_link,279000.0,-66000.00000000003,-225000.0,-1.0,0.0,0.0,0.0,0.0,0.0,0.0,0.0,0.0
1729690924.1609278,1948,1729690924,158449560,base_link,277000.0,-58000.00000000003,-230000.0,-1.0,0.0,0.0,0.0,0.0,0.0,0.0,0.0,0.0
1729690924.26366,1949,1729690924,259877560,base_link,281000.0,-71000.00000000003,-227000.0,-1.0,0.0,0.0,0.0,0.0,0.0,0.0,0.0,0.0
1729690924.3613298,1950,1729690924,358828352,base_link,282000.0,-69000.00000000003,-222000.0,-1.0,0.0,0.0,0.0,0.0,0.0,0.0,0.0,0.0
1729690924.4630244,1951,1729690924,460469768,base_link,280000.0,-76000.00000000003,-227000.0,-1.0,0.0,0.0,0.0,0.0,0.0,0.0,0.0,0.0
1729690924.5603786,1952,1729690924,559440320,base_link,284000.0,-82000.00000000003,-220000.0,-1.0,0.0,0.0,0.0,0.0,0.0,0.0,0.0,0.0
1729690924.6605868,1953,1729690924,659245040,base_link,280000.0,-87000.00000000003,-223000.0,-1.0,0.0,0.0,0.0,0.0,0.0,0.0,0.0,0.0
1729690924.7572567,1954,1729690924,755548480,base_link,285000.0,-85000.00000000003,-217000.0,-1.0,0.0,0.0,0.0,0.0,0.0,0.0,0.0,0.0
1729690924.8633547,1955,1729690924,862454064,base_link,276000.0,-82000.00000000003,-226000.0,-1.0,0.0,0.0,0.0,0.0,0.0,0.0,0.0,0.0
1729690924.9579113,1956,1729690924,956151016,base_link,274000.0,-77000.00000000003,-224000.0,-1.0,0.0,0.0,0.0,0.0,0.0,0.0,0.0,0.0
1729690925.0680382,1957,1729690925,66602376,base_link,266000.0,-79000.00000000003,-235000.0,-1.0,0.0,0.0,0.0,0.0,0.0,0.0,0.0,0.0
1729690925.161525,1958,1729690925,159925072,base_link,274000.0,-68000.00000000003,-230000.0,-1.0,0.0,0.0,0.0,0.0,0.0,0.0,0.0,0.0
1729690925.2618062,1959,1729690925,259171072,base_link,281000.0,-59000.00000000003,-229000.0,-1.0,0.0,0.0,0.0,0.0,0.0,0.0,0.0,0.0
1729690925.3604028,1960,1729690925,358114072,base_link,275000.0,-57000.00000000003,-229000.0,-1.0,0.0,0.0,0.0,0.0,0.0,0.0,0.0,0.0
1729690925.4657972,1961,1729690925,464207024,base_link,285000.0,-41000.00000000003,-228000.0,-1.0,0.0,0.0,0.0,0.0,0.0,0.0,0.0,0.0
1729690925.5616543,1962,1729690925,559589768,base_link,283000.0,-47000.00000000003,-222000.0,-1.0,0.0,0.0,0.0,0.0,0.0,0.0,0.0,0.0
1729690925.667632,1963,1729690925,666228304,base_link,280000.0,-44000.00000000003,-226000.0,-1.0,0.0,0.0,0.0,0.0,0.0,0.0,0.0,0.0
1729690925.7666104,1964,1729690925,765345840,base_link,273000.0,-53000.00000000003,-224000.0,-1.0,0.0,0.0,0.0,0.0,0.0,0.0,0.0,0.0
1729690925.8575253,1965,1729690925,855563048,base_link,267000.0,-59000.00000000003,-229000.0,-1.0,0.0,0.0,0.0,0.0,0.0,0.0,0.0,0.0
1729690925.9675155,1966,1729690925,965336072,base_link,269000.0,-69000.00000000003,-228000.0,-1.0,0.0,0.0,0.0,0.0,0.0,0.0,0.0,0.0
1729690926.0624354,1967,1729690926,60921000,base_link,274000.0,-72000.00000000003,-235000.0,-1.0,0.0,0.0,0.0,0.0,0.0,0.0,0.0,0.0
1729690926.160449,1968,1729690926,159095024,base_link,275000.0,-73000.00000000003,-230000.0,-1.0,0.0,0.0,0.0,0.0,0.0,0.0,0.0,0.0
1729690926.2594378,1969,1729690926,257888792,base_link,282000.0,-74000.00000000003,-223000.0,-1.0,0.0,0.0,0.0,0.0,0.0,0.0,0.0,0.0
1729690926.361362,1970,1729690926,359250816,base_link,284000.0,-68000.00000000003,-237000.0,-1.0,0.0,0.0,0.0,0.0,0.0,0.0,0.0,0.0
1729690926.4600039,1971,1729690926,458332560,base_link,283000.0,-66000.00000000003,-222000.0,-1.0,0.0,0.0,0.0,0.0,0.0,0.0,0.0,0.0
1729690926.560604,1972,1729690926,559457000,base_link,289000.0,-74000.00000000003,-218000.0,-1.0,0.0,0.0,0.0,0.0,0.0,0.0,0.0,0.0
1729690926.6596081,1973,1729690926,658478024,base_link,278000.0,-73000.00000000003,-223000.0,-1.0,0.0,0.0,0.0,0.0,0.0,0.0,0.0,0.0
1729690926.7593477,1974,1729690926,757467112,base_link,280000.0,-79000.00000000003,-221000.0,-1.0,0.0,0.0,0.0,0.0,0.0,0.0,0.0,0.0
1729690926.8607657,1975,1729690926,859109392,base_link,277000.0,-84000.00000000003,-223000.0,-1.0,0.0,0.0,0.0,0.0,0.0,0.0,0.0,0.0
1729690926.960677,1976,1729690926,959481320,base_link,278000.0,-84000.00000000003,-218000.0,-1.0,0.0,0.0,0.0,0.0,0.0,0.0,0.0,0.0
1729690927.060165,1977,1729690927,58758856,base_link,280000.0,-80000.00000000003,-228000.0,-1.0,0.0,0.0,0.0,0.0,0.0,0.0,0.0,0.0
1729690927.160699,1978,1729690927,159588064,base_link,276000.0,-81000.00000000003,-229000.0,-1.0,0.0,0.0,0.0,0.0,0.0,0.0,0.0,0.0
1729690927.2605624,1979,1729690927,258509296,base_link,283000.0,-81000.00000000003,-228000.0,-1.0,0.0,0.0,0.0,0.0,0.0,0.0,0.0,0.0
1729690927.362753,1980,1729690927,360196016,base_link,278000.0,-78000.00000000003,-228000.0,-1.0,0.0,0.0,0.0,0.0,0.0,0.0,0.0,0.0
1729690927.4586327,1981,1729690927,456453784,base_link,286000.0,-74000.00000000003,-225000.0,-1.0,0.0,0.0,0.0,0.0,0.0,0.0,0.0,0.0
1729690927.5612772,1982,1729690927,559867712,base_link,287000.0,-72000.00000000003,-218000.0,-1.0,0.0,0.0,0.0,0.0,0.0,0.0,0.0,0.0
1729690927.6607,1983,1729690927,659116336,base_link,278000.0,-74000.00000000003,-217000.0,-1.0,0.0,0.0,0.0,0.0,0.0,0.0,0.0,0.0
1729690927.7593453,1984,1729690927,757917432,base_link,290000.0,-69000.00000000003,-210000.0,-1.0,0.0,0.0,0.0,0.0,0.0,0.0,0.0,0.0
1729690927.8608904,1985,1729690927,859981272,base_link,288000.0,-70000.00000000003,-225000.0,-1.0,0.0,0.0,0.0,0.0,0.0,0.0,0.0,0.0
1729690927.9604642,1986,1729690927,958969808,base_link,288000.0,-76000.00000000003,-217000.0,-1.0,0.0,0.0,0.0,0.0,0.0,0.0,0.0,0.0
1729690928.0617452,1987,1729690928,59903272,base_link,279000.0,-73000.00000000003,-227000.0,-1.0,0.0,0.0,0.0,0.0,0.0,0.0,0.0,0.0
1729690928.1618435,1988,1729690928,159309272,base_link,277000.0,-74000.00000000003,-229000.0,-1.0,0.0,0.0,0.0,0.0,0.0,0.0,0.0,0.0
1729690928.261326,1989,1729690928,258177200,base_link,284000.0,-75000.00000000003,-227000.0,-1.0,0.0,0.0,0.0,0.0,0.0,0.0,0.0,0.0
1729690928.3627508,1990,1729690928,359670640,base_link,271000.0,-70000.00000000003,-232000.0,-1.0,0.0,0.0,0.0,0.0,0.0,0.0,0.0,0.0
1729690928.4608243,1991,1729690928,458768640,base_link,274000.0,-69000.00000000003,-229000.0,-1.0,0.0,0.0,0.0,0.0,0.0,0.0,0.0,0.0
1729690928.5609074,1992,1729690928,560110384,base_link,283000.0,-67000.00000000003,-225000.0,-1.0,0.0,0.0,0.0,0.0,0.0,0.0,0.0,0.0
1729690928.6603336,1993,1729690928,658551848,base_link,283000.0,-67000.00000000003,-225000.0,-1.0,0.0,0.0,0.0,0.0,0.0,0.0,0.0,0.0
1729690928.7590945,1994,1729690928,757776104,base_link,282000.0,-69000.00000000003,-217000.0,-1.0,0.0,0.0,0.0,0.0,0.0,0.0,0.0,0.0
1729690928.8639624,1995,1729690928,859318312,base_link,277000.0,-68000.00000000003,-223000.0,-1.0,0.0,0.0,0.0,0.0,0.0,0.0,0.0,0.0
1729690928.959762,1996,1729690928,958389008,base_link,277000.0,-78000.00000000003,-229000.0,-1.0,0.0,0.0,0.0,0.0,0.0,0.0,0.0,0.0
1729690929.0614,1997,1729690929,59730192,base_link,280000.0,-75000.00000000003,-227000.0,-1.0,0.0,0.0,0.0,0.0,0.0,0.0,0.0,0.0
1729690929.1580224,1998,1729690929,156168584,base_link,277000.0,-75000.00000000003,-231000.0,-1.0,0.0,0.0,0.0,0.0,0.0,0.0,0.0,0.0
1729690929.257744,1999,1729690929,255549072,base_link,267000.0,-88000.00000000003,-237000.0,-1.0,0.0,0.0,0.0,0.0,0.0,0.0,0.0,0.0
1729690929.3615673,2000,1729690929,359573096,base_link,271000.0,-85000.00000000003,-228000.0,-1.0,0.0,0.0,0.0,0.0,0.0,0.0,0.0,0.0
1729690929.4601302,2001,1729690929,458361768,base_link,270000.0,-87000.00000000003,-237000.0,-1.0,0.0,0.0,0.0,0.0,0.0,0.0,0.0,0.0
1729690929.5616057,2002,1729690929,559282280,base_link,271000.0,-96000.00000000003,-225000.0,-1.0,0.0,0.0,0.0,0.0,0.0,0.0,0.0,0.0
1729690929.661407,2003,1729690929,657868280,base_link,286000.0,-93000.00000000003,-220000.0,-1.0,0.0,0.0,0.0,0.0,0.0,0.0,0.0,0.0
1729690929.761737,2004,1729690929,759141792,base_link,281000.0,-86000.00000000003,-220000.0,-1.0,0.0,0.0,0.0,0.0,0.0,0.0,0.0,0.0
1729690929.8616369,2005,1729690929,857845048,base_link,286000.0,-86000.00000000003,-220000.0,-1.0,0.0,0.0,0.0,0.0,0.0,0.0,0.0,0.0
1729690929.960515,2006,1729690929,959317024,base_link,278000.0,-77000.00000000003,-226000.0,-1.0,0.0,0.0,0.0,0.0,0.0,0.0,0.0,0.0
1729690930.0610719,2007,1729690930,58331696,base_link,288000.0,-75000.00000000003,-223000.0,-1.0,0.0,0.0,0.0,0.0,0.0,0.0,0.0,0.0
1729690930.1617548,2008,1729690930,159948952,base_link,279000.0,-69000.00000000003,-232000.0,-1.0,0.0,0.0,0.0,0.0,0.0,0.0,0.0,0.0
1729690930.260808,2009,1729690930,258523320,base_link,273000.0,-76000.00000000003,-234000.0,-1.0,0.0,0.0,0.0,0.0,0.0,0.0,0.0,0.0
1729690930.3634396,2010,1729690930,359870576,base_link,271000.0,-80000.00000000003,-227000.0,-1.0,0.0,0.0,0.0,0.0,0.0,0.0,0.0,0.0
1729690930.460908,2011,1729690930,459450832,base_link,272000.0,-91000.00000000003,-231000.0,-1.0,0.0,0.0,0.0,0.0,0.0,0.0,0.0,0.0
1729690930.5602887,2012,1729690930,558324736,base_link,279000.0,-98000.00000000003,-222000.0,-1.0,0.0,0.0,0.0,0.0,0.0,0.0,0.0,0.0
1729690930.6616683,2013,1729690930,659498504,base_link,277000.0,-94000.00000000003,-226000.0,-1.0,0.0,0.0,0.0,0.0,0.0,0.0,0.0,0.0
1729690930.7595441,2014,1729690930,758377736,base_link,285000.0,-98000.00000000003,-218000.0,-1.0,0.0,0.0,0.0,0.0,0.0,0.0,0.0,0.0
1729690930.8592064,2015,1729690930,857494736,base_link,282000.0,-100000.00000000003,-219000.0,-1.0,0.0,0.0,0.0,0.0,0.0,0.0,0.0,0.0
1729690930.960874,2016,1729690930,958844480,base_link,273000.0,-101000.00000000003,-226000.0,-1.0,0.0,0.0,0.0,0.0,0.0,0.0,0.0,0.0
1729690931.059959,2017,1729690931,58170176,base_link,266000.0,-97000.00000000003,-233000.0,-1.0,0.0,0.0,0.0,0.0,0.0,0.0,0.0,0.0
1729690931.1608467,2018,1729690931,159248592,base_link,266000.0,-99000.00000000003,-238000.0,-1.0,0.0,0.0,0.0,0.0,0.0,0.0,0.0,0.0
1729690931.2610583,2019,1729690931,259050408,base_link,268000.0,-94000.00000000003,-231000.0,-1.0,0.0,0.0,0.0,0.0,0.0,0.0,0.0,0.0
1729690931.360132,2020,1729690931,357816528,base_link,277000.0,-88000.00000000003,-234000.0,-1.0,0.0,0.0,0.0,0.0,0.0,0.0,0.0,0.0
1729690931.4616606,2021,1729690931,460687528,base_link,283000.0,-80000.00000000003,-230000.0,-1.0,0.0,0.0,0.0,0.0,0.0,0.0,0.0,0.0
1729690931.5605824,2022,1729690931,559088760,base_link,288000.0,-86000.00000000003,-219000.0,-1.0,0.0,0.0,0.0,0.0,0.0,0.0,0.0,0.0
1729690931.665445,2023,1729690931,663823760,base_link,287000.0,-80000.00000000003,-218000.0,-1.0,0.0,0.0,0.0,0.0,0.0,0.0,0.0,0.0
1729690931.7618098,2024,1729690931,760310760,base_link,285000.0,-83000.00000000003,-218000.0,-1.0,0.0,0.0,0.0,0.0,0.0,0.0,0.0,0.0
1729690931.8617244,2025,1729690931,859369384,base_link,287000.0,-83000.00000000003,-218000.0,-1.0,0.0,0.0,0.0,0.0,0.0,0.0,0.0,0.0
1729690931.964336,2026,1729690931,963315472,base_link,280000.0,-80000.00000000003,-221000.0,-1.0,0.0,0.0,0.0,0.0,0.0,0.0,0.0,0.0
1729690932.0647678,2027,1729690932,63085704,base_link,275000.0,-86000.00000000003,-230000.0,-1.0,0.0,0.0,0.0,0.0,0.0,0.0,0.0,0.0
1729690932.1654618,2028,1729690932,164060192,base_link,284000.0,-84000.00000000003,-227000.0,-1.0,0.0,0.0,0.0,0.0,0.0,0.0,0.0,0.0
1729690932.259629,2029,1729690932,258522424,base_link,286000.0,-84000.00000000003,-221000.0,-1.0,0.0,0.0,0.0,0.0,0.0,0.0,0.0,0.0
1729690932.3676476,2030,1729690932,366467144,base_link,290000.0,-83000.00000000003,-222000.0,-1.0,0.0,0.0,0.0,0.0,0.0,0.0,0.0,0.0
1729690932.461454,2031,1729690932,459657376,base_link,285000.0,-81000.00000000003,-224000.0,-1.0,0.0,0.0,0.0,0.0,0.0,0.0,0.0,0.0
1729690932.5653348,2032,1729690932,563290840,base_link,298000.0,-85000.00000000003,-212000.0,-1.0,0.0,0.0,0.0,0.0,0.0,0.0,0.0,0.0
1729690932.666619,2033,1729690932,664920584,base_link,289000.0,-87000.00000000003,-213000.0,-1.0,0.0,0.0,0.0,0.0,0.0,0.0,0.0,0.0
1729690932.762428,2034,1729690932,760249072,base_link,289000.0,-84000.00000000003,-217000.0,-1.0,0.0,0.0,0.0,0.0,0.0,0.0,0.0,0.0
1729690932.862196,2035,1729690932,860126256,base_link,285000.0,-88000.00000000003,-220000.0,-1.0,0.0,0.0,0.0,0.0,0.0,0.0,0.0,0.0
1729690932.9584591,2036,1729690932,956492488,base_link,289000.0,-82000.00000000003,-215000.0,-1.0,0.0,0.0,0.0,0.0,0.0,0.0,0.0,0.0
1729690933.0623627,2037,1729690933,59683696,base_link,286000.0,-85000.00000000003,-221000.0,-1.0,0.0,0.0,0.0,0.0,0.0,0.0,0.0,0.0
1729690933.1606092,2038,1729690933,158826976,base_link,289000.0,-87000.00000000003,-226000.0,-1.0,0.0,0.0,0.0,0.0,0.0,0.0,0.0,0.0
1729690933.261385,2039,1729690933,259873904,base_link,289000.0,-92000.00000000003,-217000.0,-1.0,0.0,0.0,0.0,0.0,0.0,0.0,0.0,0.0
1729690933.359627,2040,1729690933,358374320,base_link,285000.0,-90000.00000000003,-222000.0,-1.0,0.0,0.0,0.0,0.0,0.0,0.0,0.0,0.0
1729690933.4585898,2041,1729690933,457393528,base_link,292000.0,-95000.00000000003,-218000.0,-1.0,0.0,0.0,0.0,0.0,0.0,0.0,0.0,0.0
1729690933.559615,2042,1729690933,558430992,base_link,292000.0,-87000.00000000003,-215000.0,-1.0,0.0,0.0,0.0,0.0,0.0,0.0,0.0,0.0
1729690933.6586177,2043,1729690933,657389432,base_link,285000.0,-83000.00000000003,-217000.0,-1.0,0.0,0.0,0.0,0.0,0.0,0.0,0.0,0.0
1729690933.7608287,2044,1729690933,759393944,base_link,293000.0,-91000.00000000003,-210000.0,-1.0,0.0,0.0,0.0,0.0,0.0,0.0,0.0,0.0
1729690933.8597996,2045,1729690933,858242152,base_link,285000.0,-89000.00000000003,-216000.0,-1.0,0.0,0.0,0.0,0.0,0.0,0.0,0.0,0.0
1729690933.9606955,2046,1729690933,959410360,base_link,283000.0,-81000.00000000003,-218000.0,-1.0,0.0,0.0,0.0,0.0,0.0,0.0,0.0,0.0
1729690934.060206,2047,1729690934,58366616,base_link,280000.0,-85000.00000000003,-233000.0,-1.0,0.0,0.0,0.0,0.0,0.0,0.0,0.0,0.0
1729690934.1611629,2048,1729690934,160036104,base_link,282000.0,-79000.00000000003,-230000.0,-1.0,0.0,0.0,0.0,0.0,0.0,0.0,0.0,0.0
1729690934.2586577,2049,1729690934,256997520,base_link,282000.0,-78000.00000000003,-223000.0,-1.0,0.0,0.0,0.0,0.0,0.0,0.0,0.0,0.0
1729690934.3603396,2050,1729690934,358661616,base_link,277000.0,-84000.00000000003,-230000.0,-1.0,0.0,0.0,0.0,0.0,0.0,0.0,0.0,0.0
1729690934.4600961,2051,1729690934,458084408,base_link,277000.0,-83000.00000000003,-225000.0,-1.0,0.0,0.0,0.0,0.0,0.0,0.0,0.0,0.0
1729690934.5610745,2052,1729690934,559411688,base_link,281000.0,-85000.00000000003,-217000.0,-1.0,0.0,0.0,0.0,0.0,0.0,0.0,0.0,0.0
1729690934.6603844,2053,1729690934,658317152,base_link,281000.0,-92000.00000000003,-218000.0,-1.0,0.0,0.0,0.0,0.0,0.0,0.0,0.0,0.0
1729690934.7611992,2054,1729690934,759264360,base_link,285000.0,-95000.00000000003,-215000.0,-1.0,0.0,0.0,0.0,0.0,0.0,0.0,0.0,0.0
1729690934.8608394,2055,1729690934,859142128,base_link,284000.0,-91000.00000000003,-219000.0,-1.0,0.0,0.0,0.0,0.0,0.0,0.0,0.0,0.0
1729690934.9645615,2056,1729690934,960313056,base_link,285000.0,-91000.00000000003,-218000.0,-1.0,0.0,0.0,0.0,0.0,0.0,0.0,0.0,0.0
1729690935.064073,2057,1729690935,59842448,base_link,279000.0,-93000.00000000003,-226000.0,-1.0,0.0,0.0,0.0,0.0,0.0,0.0,0.0,0.0
1729690935.1600945,2058,1729690935,158686680,base_link,279000.0,-93000.00000000003,-226000.0,-1.0,0.0,0.0,0.0,0.0,0.0,0.0,0.0,0.0
1729690935.2593577,2059,1729690935,257727072,base_link,282000.0,-95000.00000000003,-230000.0,-1.0,0.0,0.0,0.0,0.0,0.0,0.0,0.0,0.0
1729690935.3603036,2060,1729690935,359060256,base_link,279000.0,-89000.00000000003,-225000.0,-1.0,0.0,0.0,0.0,0.0,0.0,0.0,0.0,0.0
1729690935.4602478,2061,1729690935,458493488,base_link,273000.0,-92000.00000000003,-232000.0,-1.0,0.0,0.0,0.0,0.0,0.0,0.0,0.0,0.0
1729690935.5593936,2062,1729690935,557347208,base_link,280000.0,-89000.00000000003,-219000.0,-1.0,0.0,0.0,0.0,0.0,0.0,0.0,0.0,0.0
1729690935.660075,2063,1729690935,658901232,base_link,281000.0,-94000.00000000003,-219000.0,-1.0,0.0,0.0,0.0,0.0,0.0,0.0,0.0,0.0
1729690935.7611337,2064,1729690935,760010440,base_link,282000.0,-95000.00000000003,-222000.0,-1.0,0.0,0.0,0.0,0.0,0.0,0.0,0.0,0.0
1729690935.860769,2065,1729690935,859272416,base_link,289000.0,-95000.00000000003,-219000.0,-1.0,0.0,0.0,0.0,0.0,0.0,0.0,0.0,0.0
1729690935.9593713,2066,1729690935,958102112,base_link,284000.0,-98000.00000000003,-220000.0,-1.0,0.0,0.0,0.0,0.0,0.0,0.0,0.0,0.0
1729690936.0610335,2067,1729690936,60100624,base_link,291000.0,-91000.00000000003,-222000.0,-1.0,0.0,0.0,0.0,0.0,0.0,0.0,0.0,0.0
1729690936.160055,2068,1729690936,158909904,base_link,281000.0,-92000.00000000003,-233000.0,-1.0,0.0,0.0,0.0,0.0,0.0,0.0,0.0,0.0
1729690936.2607262,2069,1729690936,258672368,base_link,276000.0,-95000.00000000003,-229000.0,-1.0,0.0,0.0,0.0,0.0,0.0,0.0,0.0,0.0
1729690936.361718,2070,1729690936,359834368,base_link,275000.0,-93000.00000000003,-230000.0,-1.0,0.0,0.0,0.0,0.0,0.0,0.0,0.0,0.0
1729690936.4600317,2071,1729690936,459055832,base_link,279000.0,-96000.00000000003,-227000.0,-1.0,0.0,0.0,0.0,0.0,0.0,0.0,0.0,0.0
1729690936.5586276,2072,1729690936,555455344,base_link,284000.0,-94000.00000000003,-219000.0,-1.0,0.0,0.0,0.0,0.0,0.0,0.0,0.0,0.0
1729690936.6618893,2073,1729690936,659440808,base_link,288000.0,-98000.00000000003,-214000.0,-1.0,0.0,0.0,0.0,0.0,0.0,0.0,0.0,0.0
1729690936.760914,2074,1729690936,758482296,base_link,286000.0,-92000.00000000003,-213000.0,-1.0,0.0,0.0,0.0,0.0,0.0,0.0,0.0,0.0
1729690936.8584504,2075,1729690936,855880688,base_link,296000.0,-88000.00000000003,-204000.0,-1.0,0.0,0.0,0.0,0.0,0.0,0.0,0.0,0.0
1729690936.9606614,2076,1729690936,959173128,base_link,291000.0,-92000.00000000003,-216000.0,-1.0,0.0,0.0,0.0,0.0,0.0,0.0,0.0,0.0
1729690937.0595958,2077,1729690937,56641176,base_link,282000.0,-88000.00000000003,-225000.0,-1.0,0.0,0.0,0.0,0.0,0.0,0.0,0.0,0.0
1729690937.1574821,2078,1729690937,155303688,base_link,277000.0,-90000.00000000003,-231000.0,-1.0,0.0,0.0,0.0,0.0,0.0,0.0,0.0,0.0
1729690937.2619855,2079,1729690937,260009664,base_link,276000.0,-91000.00000000003,-236000.0,-1.0,0.0,0.0,0.0,0.0,0.0,0.0,0.0,0.0
1729690937.3602057,2080,1729690937,359074432,base_link,270000.0,-85000.00000000003,-238000.0,-1.0,0.0,0.0,0.0,0.0,0.0,0.0,0.0,0.0
1729690937.459544,2081,1729690937,456432128,base_link,275000.0,-85000.00000000003,-233000.0,-1.0,0.0,0.0,0.0,0.0,0.0,0.0,0.0,0.0
1729690937.562006,2082,1729690937,559705824,base_link,274000.0,-85000.00000000003,-235000.0,-1.0,0.0,0.0,0.0,0.0,0.0,0.0,0.0,0.0
1729690937.6613994,2083,1729690937,659402096,base_link,280000.0,-86000.00000000003,-221000.0,-1.0,0.0,0.0,0.0,0.0,0.0,0.0,0.0,0.0
1729690937.7619011,2084,1729690937,760293536,base_link,274000.0,-88000.00000000003,-227000.0,-1.0,0.0,0.0,0.0,0.0,0.0,0.0,0.0,0.0
1729690937.8605974,2085,1729690937,859080536,base_link,283000.0,-85000.00000000003,-223000.0,-1.0,0.0,0.0,0.0,0.0,0.0,0.0,0.0,0.0
1729690937.9623146,2086,1729690937,960695392,base_link,277000.0,-86000.00000000003,-225000.0,-1.0,0.0,0.0,0.0,0.0,0.0,0.0,0.0,0.0
1729690938.0651932,2087,1729690938,62845392,base_link,268000.0,-88000.00000000003,-238000.0,-1.0,0.0,0.0,0.0,0.0,0.0,0.0,0.0,0.0
1729690938.1627972,2088,1729690938,161445392,base_link,265000.0,-86000.00000000003,-233000.0,-1.0,0.0,0.0,0.0,0.0,0.0,0.0,0.0,0.0
1729690938.2651334,2089,1729690938,262840744,base_link,274000.0,-88000.00000000003,-238000.0,-1.0,0.0,0.0,0.0,0.0,0.0,0.0,0.0,0.0
1729690938.3690963,2090,1729690938,366961464,base_link,273000.0,-89000.00000000003,-235000.0,-1.0,0.0,0.0,0.0,0.0,0.0,0.0,0.0,0.0
1729690938.4675167,2091,1729690938,466284488,base_link,271000.0,-93000.00000000003,-234000.0,-1.0,0.0,0.0,0.0,0.0,0.0,0.0,0.0,0.0
1729690938.5650306,2092,1729690938,562304720,base_link,272000.0,-89000.00000000003,-232000.0,-1.0,0.0,0.0,0.0,0.0,0.0,0.0,0.0,0.0
1729690938.6711578,2093,1729690938,668779416,base_link,282000.0,-90000.00000000003,-222000.0,-1.0,0.0,0.0,0.0,0.0,0.0,0.0,0.0,0.0
1729690938.760761,2094,1729690938,758655648,base_link,280000.0,-98000.00000000003,-217000.0,-1.0,0.0,0.0,0.0,0.0,0.0,0.0,0.0,0.0
1729690938.8698661,2095,1729690938,866466368,base_link,271000.0,-96000.00000000003,-228000.0,-1.0,0.0,0.0,0.0,0.0,0.0,0.0,0.0,0.0
1729690938.966635,2096,1729690938,965375112,base_link,273000.0,-100000.00000000003,-221000.0,-1.0,0.0,0.0,0.0,0.0,0.0,0.0,0.0,0.0
1729690939.059569,2097,1729690939,58267600,base_link,269000.0,-103000.00000000003,-232000.0,-1.0,0.0,0.0,0.0,0.0,0.0,0.0,0.0,0.0
1729690939.16049,2098,1729690939,159203088,base_link,269000.0,-106000.00000000003,-230000.0,-1.0,0.0,0.0,0.0,0.0,0.0,0.0,0.0,0.0
1729690939.259293,2099,1729690939,258441576,base_link,264000.0,-110000.00000000003,-231000.0,-1.0,0.0,0.0,0.0,0.0,0.0,0.0,0.0,0.0
1729690939.361957,2100,1729690939,359812064,base_link,263000.0,-114000.00000000003,-234000.0,-1.0,0.0,0.0,0.0,0.0,0.0,0.0,0.0,0.0
1729690939.4601378,2101,1729690939,458793088,base_link,275000.0,-116000.00000000003,-223000.0,-1.0,0.0,0.0,0.0,0.0,0.0,0.0,0.0,0.0
1729690939.5592978,2102,1729690939,557259296,base_link,280000.0,-111000.00000000003,-221000.0,-1.0,0.0,0.0,0.0,0.0,0.0,0.0,0.0,0.0
1729690939.662373,2103,1729690939,658963576,base_link,285000.0,-109000.00000000003,-213000.0,-1.0,0.0,0.0,0.0,0.0,0.0,0.0,0.0,0.0
1729690939.7597313,2104,1729690939,757773784,base_link,285000.0,-114000.00000000003,-225000.0,-1.0,0.0,0.0,0.0,0.0,0.0,0.0,0.0,0.0
1729690939.8613012,2105,1729690939,859615784,base_link,277000.0,-103000.00000000003,-225000.0,-1.0,0.0,0.0,0.0,0.0,0.0,0.0,0.0,0.0
1729690939.9611428,2106,1729690939,958408712,base_link,287000.0,-107000.00000000003,-216000.0,-1.0,0.0,0.0,0.0,0.0,0.0,0.0,0.0,0.0
1729690940.059594,2107,1729690940,57966176,base_link,276000.0,-111000.00000000003,-224000.0,-1.0,0.0,0.0,0.0,0.0,0.0,0.0,0.0,0.0
1729690940.161345,2108,1729690940,159678776,base_link,271000.0,-113000.00000000003,-231000.0,-1.0,0.0,0.0,0.0,0.0,0.0,0.0,0.0,0.0
1729690940.2604938,2109,1729690940,258794872,base_link,275000.0,-108000.00000000003,-229000.0,-1.0,0.0,0.0,0.0,0.0,0.0,0.0,0.0,0.0
1729690940.3591418,2110,1729690940,357342480,base_link,268000.0,-107000.00000000003,-236000.0,-1.0,0.0,0.0,0.0,0.0,0.0,0.0,0.0,0.0
1729690940.4598758,2111,1729690940,458842504,base_link,271000.0,-111000.00000000003,-230000.0,-1.0,0.0,0.0,0.0,0.0,0.0,0.0,0.0,0.0
1729690940.5621743,2112,1729690940,560127528,base_link,273000.0,-110000.00000000003,-223000.0,-1.0,0.0,0.0,0.0,0.0,0.0,0.0,0.0,0.0
1729690940.6607296,2113,1729690940,659210064,base_link,272000.0,-110000.00000000003,-229000.0,-1.0,0.0,0.0,0.0,0.0,0.0,0.0,0.0,0.0
1729690940.7622716,2114,1729690940,760357784,base_link,273000.0,-112000.00000000003,-221000.0,-1.0,0.0,0.0,0.0,0.0,0.0,0.0,0.0,0.0
1729690940.8630939,2115,1729690940,860020528,base_link,272000.0,-116000.00000000003,-226000.0,-1.0,0.0,0.0,0.0,0.0,0.0,0.0,0.0,0.0
1729690940.9595394,2116,1729690940,958377528,base_link,272000.0,-113000.00000000003,-227000.0,-1.0,0.0,0.0,0.0,0.0,0.0,0.0,0.0,0.0
1729690941.0586152,2117,1729690941,57334664,base_link,272000.0,-113000.00000000003,-227000.0,-1.0,0.0,0.0,0.0,0.0,0.0,0.0,0.0,0.0
1729690941.159812,2118,1729690941,158396128,base_link,271000.0,-110000.00000000003,-231000.0,-1.0,0.0,0.0,0.0,0.0,0.0,0.0,0.0,0.0
1729690941.2586775,2119,1729690941,257277520,base_link,269000.0,-106000.00000000003,-232000.0,-1.0,0.0,0.0,0.0,0.0,0.0,0.0,0.0,0.0
1729690941.3608613,2120,1729690941,359035288,base_link,272000.0,-101000.00000000003,-229000.0,-1.0,0.0,0.0,0.0,0.0,0.0,0.0,0.0,0.0
1729690941.4583595,2121,1729690941,456316288,base_link,275000.0,-102000.00000000003,-232000.0,-1.0,0.0,0.0,0.0,0.0,0.0,0.0,0.0,0.0
1729690941.5623488,2122,1729690941,560452240,base_link,280000.0,-104000.00000000003,-218000.0,-1.0,0.0,0.0,0.0,0.0,0.0,0.0,0.0,0.0
1729690941.660404,2123,1729690941,658985192,base_link,277000.0,-102000.00000000003,-222000.0,-1.0,0.0,0.0,0.0,0.0,0.0,0.0,0.0,0.0
1729690941.758875,2124,1729690941,757993680,base_link,278000.0,-105000.00000000003,-224000.0,-1.0,0.0,0.0,0.0,0.0,0.0,0.0,0.0,0.0
1729690941.8598642,2125,1729690941,859043216,base_link,270000.0,-102000.00000000003,-227000.0,-1.0,0.0,0.0,0.0,0.0,0.0,0.0,0.0,0.0
1729690941.9577932,2126,1729690941,956229912,base_link,278000.0,-105000.00000000003,-224000.0,-1.0,0.0,0.0,0.0,0.0,0.0,0.0,0.0,0.0
1729690942.0615487,2127,1729690942,59985024,base_link,273000.0,-98000.00000000003,-233000.0,-1.0,0.0,0.0,0.0,0.0,0.0,0.0,0.0,0.0
1729690942.159864,2128,1729690942,158339672,base_link,278000.0,-102000.00000000003,-236000.0,-1.0,0.0,0.0,0.0,0.0,0.0,0.0,0.0,0.0
1729690942.2619555,2129,1729690942,260144392,base_link,266000.0,-109000.00000000003,-228000.0,-1.0,0.0,0.0,0.0,0.0,0.0,0.0,0.0,0.0
1729690942.361219,2130,1729690942,359212904,base_link,274000.0,-106000.00000000003,-229000.0,-1.0,0.0,0.0,0.0,0.0,0.0,0.0,0.0,0.0
1729690942.4608507,2131,1729690942,459842904,base_link,260000.0,-105000.00000000003,-236000.0,-1.0,0.0,0.0,0.0,0.0,0.0,0.0,0.0,0.0
1729690942.560113,2132,1729690942,558938368,base_link,257000.0,-110000.00000000003,-236000.0,-1.0,0.0,0.0,0.0,0.0,0.0,0.0,0.0,0.0
1729690942.658993,2133,1729690942,657708368,base_link,260000.0,-115000.00000000003,-227000.0,-1.0,0.0,0.0,0.0,0.0,0.0,0.0,0.0,0.0
1729690942.7613122,2134,1729690942,759398576,base_link,265000.0,-119000.00000000003,-231999.99999999997,-1.0,0.0,0.0,0.0,0.0,0.0,0.0,0.0,0.0
1729690942.859821,2135,1729690942,858797880,base_link,259000.0,-117000.00000000003,-229000.0,-1.0,0.0,0.0,0.0,0.0,0.0,0.0,0.0,0.0
1729690942.960431,2136,1729690942,958251344,base_link,255000.0,-124000.00000000003,-232999.99999999997,-1.0,0.0,0.0,0.0,0.0,0.0,0.0,0.0,0.0
1729690943.0623112,2137,1729690943,60336248,base_link,262000.0,-122000.00000000003,-233999.99999999997,-1.0,0.0,0.0,0.0,0.0,0.0,0.0,0.0,0.0
1729690943.1614583,2138,1729690943,159305992,base_link,254000.0,-117000.00000000003,-239000.0,-1.0,0.0,0.0,0.0,0.0,0.0,0.0,0.0,0.0
1729690943.2606125,2139,1729690943,258614456,base_link,258000.0,-117000.00000000003,-240000.0,-1.0,0.0,0.0,0.0,0.0,0.0,0.0,0.0,0.0
1729690943.3612053,2140,1729690943,359814688,base_link,254000.0,-111000.00000000003,-239000.0,-1.0,0.0,0.0,0.0,0.0,0.0,0.0,0.0,0.0
1729690943.4611087,2141,1729690943,458945080,base_link,254000.0,-116000.00000000003,-238000.0,-1.0,0.0,0.0,0.0,0.0,0.0,0.0,0.0,0.0
1729690943.5595703,2142,1729690943,557716520,base_link,263000.0,-114000.00000000003,-232000.0,-1.0,0.0,0.0,0.0,0.0,0.0,0.0,0.0,0.0
1729690943.6597435,2143,1729690943,657274888,base_link,260000.0,-116000.00000000003,-229000.0,-1.0,0.0,0.0,0.0,0.0,0.0,0.0,0.0,0.0
1729690943.759773,2144,1729690943,756304696,base_link,268000.0,-116000.00000000003,-230000.0,-1.0,0.0,0.0,0.0,0.0,0.0,0.0,0.0,0.0
1729690943.8621423,2145,1729690943,861173248,base_link,275000.0,-114000.00000000003,-217000.0,-1.0,0.0,0.0,0.0,0.0,0.0,0.0,0.0,0.0
1729690943.961797,2146,1729690943,957940592,base_link,269000.0,-110000.00000000003,-224000.0,-1.0,0.0,0.0,0.0,0.0,0.0,0.0,0.0,0.0
1729690944.0639002,2147,1729690944,62234216,base_link,266000.0,-110000.00000000003,-232000.0,-1.0,0.0,0.0,0.0,0.0,0.0,0.0,0.0,0.0
1729690944.1650808,2148,1729690944,164021888,base_link,274000.0,-103000.00000000003,-231000.0,-1.0,0.0,0.0,0.0,0.0,0.0,0.0,0.0,0.0
1729690944.2642078,2149,1729690944,263347608,base_link,273000.0,-94000.00000000003,-227000.0,-1.0,0.0,0.0,0.0,0.0,0.0,0.0,0.0,0.0
1729690944.3632429,2150,1729690944,362132120,base_link,270000.0,-100000.00000000003,-226000.0,-1.0,0.0,0.0,0.0,0.0,0.0,0.0,0.0,0.0
1729690944.4572392,2151,1729690944,455244240,base_link,283000.0,-93000.00000000003,-217000.0,-1.0,0.0,0.0,0.0,0.0,0.0,0.0,0.0,0.0
1729690944.5668273,2152,1729690944,564619912,base_link,276000.0,-102000.00000000003,-217000.0,-1.0,0.0,0.0,0.0,0.0,0.0,0.0,0.0,0.0
1729690944.6656046,2153,1729690944,664128096,base_link,288000.0,-103000.00000000003,-212000.0,-1.0,0.0,0.0,0.0,0.0,0.0,0.0,0.0,0.0
1729690944.7671368,2154,1729690944,765311096,base_link,287000.0,-104000.00000000003,-220000.0,-1.0,0.0,0.0,0.0,0.0,0.0,0.0,0.0,0.0
1729690944.8569944,2155,1729690944,855283816,base_link,282000.0,-109000.00000000003,-215000.0,-1.0,0.0,0.0,0.0,0.0,0.0,0.0,0.0,0.0
1729690944.958224,2156,1729690944,956376584,base_link,282000.0,-110000.00000000003,-215000.0,-1.0,0.0,0.0,0.0,0.0,0.0,0.0,0.0,0.0
1729690945.0611494,2157,1729690945,59090976,base_link,275000.0,-108000.00000000003,-230000.0,-1.0,0.0,0.0,0.0,0.0,0.0,0.0,0.0,0.0
1729690945.1611943,2158,1729690945,159302000,base_link,272000.0,-110000.00000000003,-226000.0,-1.0,0.0,0.0,0.0,0.0,0.0,0.0,0.0,0.0
1729690945.2611613,2159,1729690945,258996976,base_link,278000.0,-110000.00000000003,-227000.0,-1.0,0.0,0.0,0.0,0.0,0.0,0.0,0.0,0.0
1729690945.360699,2160,1729690945,358165720,base_link,280000.0,-105000.00000000003,-218000.0,-1.0,0.0,0.0,0.0,0.0,0.0,0.0,0.0,0.0
1729690945.4617782,2161,1729690945,460372208,base_link,278000.0,-111000.00000000003,-224000.0,-1.0,0.0,0.0,0.0,0.0,0.0,0.0,0.0,0.0
1729690945.561378,2162,1729690945,559130488,base_link,287000.0,-109000.00000000003,-214000.0,-1.0,0.0,0.0,0.0,0.0,0.0,0.0,0.0,0.0
1729690945.66043,2163,1729690945,658075696,base_link,280000.0,-112000.00000000003,-218000.0,-1.0,0.0,0.0,0.0,0.0,0.0,0.0,0.0,0.0
1729690945.7624536,2164,1729690945,759857904,base_link,283000.0,-107000.00000000003,-217000.0,-1.0,0.0,0.0,0.0,0.0,0.0,0.0,0.0,0.0
1729690945.86126,2165,1729690945,859073392,base_link,275000.0,-103000.00000000003,-221000.0,-1.0,0.0,0.0,0.0,0.0,0.0,0.0,0.0,0.0
1729690945.9624653,2166,1729690945,960172856,base_link,273000.0,-100000.00000000003,-220000.0,-1.0,0.0,0.0,0.0,0.0,0.0,0.0,0.0,0.0
1729690946.0605712,2167,1729690946,59213600,base_link,272000.0,-101000.00000000003,-230000.0,-1.0,0.0,0.0,0.0,0.0,0.0,0.0,0.0,0.0
1729690946.161108,2168,1729690946,158266064,base_link,265000.0,-101000.00000000003,-236000.0,-1.0,0.0,0.0,0.0,0.0,0.0,0.0,0.0,0.0
1729690946.262743,2169,1729690946,259068272,base_link,274000.0,-105000.00000000003,-226000.0,-1.0,0.0,0.0,0.0,0.0,0.0,0.0,0.0,0.0
1729690946.360886,2170,1729690946,357685736,base_link,266000.0,-102000.00000000003,-230000.0,-1.0,0.0,0.0,0.0,0.0,0.0,0.0,0.0,0.0
