Time,header.seq,header.stamp.secs,header.stamp.nsecs,header.frame_id,fix_type,lat,lon,alt,eph,epv,vel,cog,satellites_visible,alt_ellipsoid,h_acc,v_acc,vel_acc,hdg_acc,dgps_numch,dgps_age
1729690891.1181843,1603,1729689916,894123008,/wgs84,0,0,0,0,65535,65535,0,0,0,2147483647,4294967295,4294967295,4294967295,-1,0,0
1729690891.1185627,1604,1729689916,894123008,/wgs84,0,0,0,0,65535,65535,0,0,0,2147483647,4294967295,4294967295,4294967295,-1,0,0
1729690891.1186507,1605,1729689916,894123008,/wgs84,0,0,0,0,65535,65535,0,0,0,2147483647,4294967295,4294967295,4294967295,-1,0,0
1729690891.120825,1606,1729689916,894123008,/wgs84,0,0,0,0,65535,65535,0,0,0,2147483647,4294967295,4294967295,4294967295,-1,0,0
1729690891.1214983,1607,1729689916,894123008,/wgs84,0,0,0,0,65535,65535,0,0,0,2147483647,4294967295,4294967295,4294967295,-1,0,0
1729690891.121919,1608,1729689916,894123008,/wgs84,0,0,0,0,65535,65535,0,0,0,2147483647,4294967295,4294967295,4294967295,-1,0,0
1729690891.122778,1609,1729689916,894123008,/wgs84,0,0,0,0,65535,65535,0,0,0,2147483647,4294967295,4294967295,4294967295,-1,0,0
1729690891.1228461,1610,1729689916,894123008,/wgs84,0,0,0,0,65535,65535,0,0,0,2147483647,4294967295,4294967295,4294967295,-1,0,0
1729690891.1229157,1611,1729689916,894123008,/wgs84,0,0,0,0,65535,65535,0,0,0,2147483647,4294967295,4294967295,4294967295,-1,0,0
1729690891.1229856,1612,1729689916,894123008,/wgs84,0,0,0,0,65535,65535,0,0,0,2147483647,4294967295,4294967295,4294967295,-1,0,0
1729690891.123118,1613,1729689916,894123008,/wgs84,0,0,0,0,65535,65535,0,0,0,2147483647,4294967295,4294967295,4294967295,-1,0,0
1729690891.1232889,1614,1729689916,894123008,/wgs84,0,0,0,0,65535,65535,0,0,0,2147483647,4294967295,4294967295,4294967295,-1,0,0
1729690891.1273713,1615,1729689916,894123008,/wgs84,0,0,0,0,65535,65535,0,0,0,2147483647,4294967295,4294967295,4294967295,-1,0,0
1729690891.1275957,1616,1729689916,894123008,/wgs84,0,0,0,0,65535,65535,0,0,0,2147483647,4294967295,4294967295,4294967295,-1,0,0
1729690891.169401,1617,1729689916,894123008,/wgs84,0,0,0,0,65535,65535,0,0,0,2147483647,4294967295,4294967295,4294967295,-1,0,0
1729690891.2669508,1618,1729689916,894123008,/wgs84,0,0,0,0,65535,65535,0,0,0,2147483647,4294967295,4294967295,4294967295,-1,0,0
1729690891.3753712,1619,1729689916,894123008,/wgs84,0,0,0,0,65535,65535,0,0,0,2147483647,4294967295,4294967295,4294967295,-1,0,0
1729690891.466216,1620,1729689916,894123008,/wgs84,0,0,0,0,65535,65535,0,0,0,2147483647,4294967295,4294967295,4294967295,-1,0,0
1729690891.5727973,1621,1729689916,894123008,/wgs84,0,0,0,0,65535,65535,0,0,0,2147483647,4294967295,4294967295,4294967295,-1,0,0
1729690891.6642601,1622,1729689916,894121216,/wgs84,0,0,0,0,65535,65535,0,0,0,2147483647,4294967295,4294967295,4294967295,-1,0,0
1729690891.764314,1623,1729689916,894119424,/wgs84,0,0,0,0,65535,65535,0,0,0,2147483647,4294967295,4294967295,4294967295,-1,0,0
1729690891.8646383,1624,1729689916,894119424,/wgs84,0,0,0,0,65535,65535,0,0,0,2147483647,4294967295,4294967295,4294967295,-1,0,0
1729690891.9621508,1625,1729689916,894115584,/wgs84,0,0,0,0,65535,65535,0,0,0,2147483647,4294967295,4294967295,4294967295,-1,0,0
1729690892.0621192,1626,1729689916,894113536,/wgs84,0,0,0,0,65535,65535,0,0,0,2147483647,4294967295,4294967295,4294967295,-1,0,0
1729690892.1617568,1627,1729689916,894113280,/wgs84,0,0,0,0,65535,65535,0,0,0,2147483647,4294967295,4294967295,4294967295,-1,0,0
1729690892.2612612,1628,1729689916,894113024,/wgs84,0,0,0,0,65535,65535,0,0,0,2147483647,4294967295,4294967295,4294967295,-1,0,0
1729690892.3612108,1629,1729689916,894112768,/wgs84,0,0,0,0,65535,65535,0,0,0,2147483647,4294967295,4294967295,4294967295,-1,0,0
1729690892.4617145,1630,1729689916,894112768,/wgs84,0,0,0,0,65535,65535,0,0,0,2147483647,4294967295,4294967295,4294967295,-1,0,0
1729690892.5640588,1631,1729689916,894113024,/wgs84,0,0,0,0,65535,65535,0,0,0,2147483647,4294967295,4294967295,4294967295,-1,0,0
1729690892.6703794,1632,1729689916,894113792,/wgs84,0,0,0,0,65535,65535,0,0,0,2147483647,4294967295,4294967295,4294967295,-1,0,0
1729690892.7633326,1633,1729689916,894114560,/wgs84,0,0,0,0,65535,65535,0,0,0,2147483647,4294967295,4294967295,4294967295,-1,0,0
1729690892.8637638,1634,1729689916,894113792,/wgs84,0,0,0,0,65535,65535,0,0,0,2147483647,4294967295,4294967295,4294967295,-1,0,0
1729690892.9815247,1635,1729689916,894113280,/wgs84,0,0,0,0,65535,65535,0,0,0,2147483647,4294967295,4294967295,4294967295,-1,0,0
1729690893.0722826,1636,1729689916,894113280,/wgs84,0,0,0,0,65535,65535,0,0,0,2147483647,4294967295,4294967295,4294967295,-1,0,0
1729690893.1665058,1637,1729689916,894113280,/wgs84,0,0,0,0,65535,65535,0,0,0,2147483647,4294967295,4294967295,4294967295,-1,0,0
1729690893.2652028,1638,1729689916,894113280,/wgs84,0,0,0,0,65535,65535,0,0,0,2147483647,4294967295,4294967295,4294967295,-1,0,0
1729690893.3645086,1639,1729689916,894113536,/wgs84,0,0,0,0,65535,65535,0,0,0,2147483647,4294967295,4294967295,4294967295,-1,0,0
1729690893.4620912,1640,1729689916,894110720,/wgs84,0,0,0,0,65535,65535,0,0,0,2147483647,4294967295,4294967295,4294967295,-1,0,0
1729690893.5610297,1641,1729689916,894110464,/wgs84,0,0,0,0,65535,65535,0,0,0,2147483647,4294967295,4294967295,4294967295,-1,0,0
1729690893.661114,1642,1729689916,894110208,/wgs84,0,0,0,0,65535,65535,0,0,0,2147483647,4294967295,4294967295,4294967295,-1,0,0
1729690893.7640347,1643,1729689916,894110464,/wgs84,0,0,0,0,65535,65535,0,0,0,2147483647,4294967295,4294967295,4294967295,-1,0,0
1729690893.863487,1644,1729689916,894109696,/wgs84,0,0,0,0,65535,65535,0,0,0,2147483647,4294967295,4294967295,4294967295,-1,0,0
1729690893.9635406,1645,1729689916,894108672,/wgs84,0,0,0,0,65535,65535,0,0,0,2147483647,4294967295,4294967295,4294967295,-1,0,0
1729690894.0638678,1646,1729689916,894108160,/wgs84,0,0,0,0,65535,65535,0,0,0,2147483647,4294967295,4294967295,4294967295,-1,0,0
1729690894.1631672,1647,1729689916,894109440,/wgs84,0,0,0,0,65535,65535,0,0,0,2147483647,4294967295,4294967295,4294967295,-1,0,0
1729690894.2703698,1648,1729689916,894109696,/wgs84,0,0,0,0,65535,65535,0,0,0,2147483647,4294967295,4294967295,4294967295,-1,0,0
1729690894.3636012,1649,1729689916,894109440,/wgs84,0,0,0,0,65535,65535,0,0,0,2147483647,4294967295,4294967295,4294967295,-1,0,0
1729690894.4652607,1650,1729689916,894107648,/wgs84,0,0,0,0,65535,65535,0,0,0,2147483647,4294967295,4294967295,4294967295,-1,0,0
1729690894.5644147,1651,1729689916,894108672,/wgs84,0,0,0,0,65535,65535,0,0,0,2147483647,4294967295,4294967295,4294967295,-1,0,0
1729690894.6661177,1652,1729689916,894106112,/wgs84,0,0,0,0,65535,65535,0,0,0,2147483647,4294967295,4294967295,4294967295,-1,0,0
1729690894.7652683,1653,1729689916,894105600,/wgs84,0,0,0,0,65535,65535,0,0,0,2147483647,4294967295,4294967295,4294967295,-1,0,0
1729690894.8638241,1654,1729689916,894105344,/wgs84,0,0,0,0,65535,65535,0,0,0,2147483647,4294967295,4294967295,4294967295,-1,0,0
1729690894.9668448,1655,1729689916,894103552,/wgs84,0,0,0,0,65535,65535,0,0,0,2147483647,4294967295,4294967295,4294967295,-1,0,0
1729690895.0620797,1656,1729689916,894103552,/wgs84,0,0,0,0,65535,65535,0,0,0,2147483647,4294967295,4294967295,4294967295,-1,0,0
1729690895.1810231,1657,1729689916,894101504,/wgs84,0,0,0,0,65535,65535,0,0,0,2147483647,4294967295,4294967295,4294967295,-1,0,0
1729690895.2649093,1658,1729689916,894102016,/wgs84,0,0,0,0,65535,65535,0,0,0,2147483647,4294967295,4294967295,4294967295,-1,0,0
1729690895.3630495,1659,1729689916,894101248,/wgs84,0,0,0,0,65535,65535,0,0,0,2147483647,4294967295,4294967295,4294967295,-1,0,0
1729690895.4655051,1660,1729689916,894102528,/wgs84,0,0,0,0,65535,65535,0,0,0,2147483647,4294967295,4294967295,4294967295,-1,0,0
1729690895.5633223,1661,1729689916,894100736,/wgs84,0,0,0,0,65535,65535,0,0,0,2147483647,4294967295,4294967295,4294967295,-1,0,0
1729690895.6655312,1662,1729689916,894098944,/wgs84,0,0,0,0,65535,65535,0,0,0,2147483647,4294967295,4294967295,4294967295,-1,0,0
1729690895.765448,1663,1729689916,894097408,/wgs84,0,0,0,0,65535,65535,0,0,0,2147483647,4294967295,4294967295,4294967295,-1,0,0
1729690895.8685205,1664,1729689916,894098432,/wgs84,0,0,0,0,65535,65535,0,0,0,2147483647,4294967295,4294967295,4294967295,-1,0,0
1729690895.9638896,1665,1729689916,894093056,/wgs84,0,0,0,0,65535,65535,0,0,0,2147483647,4294967295,4294967295,4294967295,-1,0,0
1729690896.0621293,1666,1729689916,894088704,/wgs84,0,0,0,0,65535,65535,0,0,0,2147483647,4294967295,4294967295,4294967295,-1,0,0
1729690896.1643465,1667,1729689916,894086144,/wgs84,0,0,0,0,65535,65535,0,0,0,2147483647,4294967295,4294967295,4294967295,-1,0,0
1729690896.2639728,1668,1729689916,894084608,/wgs84,0,0,0,0,65535,65535,0,0,0,2147483647,4294967295,4294967295,4294967295,-1,0,0
1729690896.3620508,1669,1729689916,894080512,/wgs84,0,0,0,0,65535,65535,0,0,0,2147483647,4294967295,4294967295,4294967295,-1,0,0
1729690896.4617298,1670,1729689916,894080000,/wgs84,0,0,0,0,65535,65535,0,0,0,2147483647,4294967295,4294967295,4294967295,-1,0,0
1729690896.562351,1671,1729689916,894079232,/wgs84,0,0,0,0,65535,65535,0,0,0,2147483647,4294967295,4294967295,4294967295,-1,0,0
1729690896.6622403,1672,1729689916,894078720,/wgs84,0,0,0,0,65535,65535,0,0,0,2147483647,4294967295,4294967295,4294967295,-1,0,0
1729690896.763165,1673,1729689916,894078464,/wgs84,0,0,0,0,65535,65535,0,0,0,2147483647,4294967295,4294967295,4294967295,-1,0,0
1729690896.8660524,1674,1729689916,894076160,/wgs84,0,0,0,0,65535,65535,0,0,0,2147483647,4294967295,4294967295,4294967295,-1,0,0
1729690896.983137,1675,1729689916,894070016,/wgs84,0,0,0,0,65535,65535,0,0,0,2147483647,4294967295,4294967295,4294967295,-1,0,0
1729690897.063091,1676,1729689916,894066432,/wgs84,0,0,0,0,65535,65535,0,0,0,2147483647,4294967295,4294967295,4294967295,-1,0,0
1729690897.1642942,1677,1729689916,894066432,/wgs84,0,0,0,0,65535,65535,0,0,0,2147483647,4294967295,4294967295,4294967295,-1,0,0
1729690897.2620442,1678,1729689916,894064896,/wgs84,0,0,0,0,65535,65535,0,0,0,2147483647,4294967295,4294967295,4294967295,-1,0,0
1729690897.3725162,1679,1729689916,894064896,/wgs84,0,0,0,0,65535,65535,0,0,0,2147483647,4294967295,4294967295,4294967295,-1,0,0
1729690897.4614346,1680,1729689916,894067712,/wgs84,0,0,0,0,65535,65535,0,0,0,2147483647,4294967295,4294967295,4294967295,-1,0,0
1729690897.5661373,1681,1729689916,894065664,/wgs84,0,0,0,0,65535,65535,0,0,0,2147483647,4294967295,4294967295,4294967295,-1,0,0
1729690897.6622937,1682,1729689916,894065920,/wgs84,0,0,0,0,65535,65535,0,0,0,2147483647,4294967295,4294967295,4294967295,-1,0,0
1729690897.7635372,1683,1729689916,894066688,/wgs84,0,0,0,0,65535,65535,0,0,0,2147483647,4294967295,4294967295,4294967295,-1,0,0
1729690897.8625054,1684,1729689916,894068992,/wgs84,0,0,0,0,65535,65535,0,0,0,2147483647,4294967295,4294967295,4294967295,-1,0,0
1729690897.9669952,1685,1729689916,894067712,/wgs84,0,0,0,0,65535,65535,0,0,0,2147483647,4294967295,4294967295,4294967295,-1,0,0
1729690898.0623097,1686,1729689916,894067968,/wgs84,0,0,0,0,65535,65535,0,0,0,2147483647,4294967295,4294967295,4294967295,-1,0,0
1729690898.164134,1687,1729689916,894066432,/wgs84,0,0,0,0,65535,65535,0,0,0,2147483647,4294967295,4294967295,4294967295,-1,0,0
1729690898.262367,1688,1729689916,894071040,/wgs84,0,0,0,0,65535,65535,0,0,0,2147483647,4294967295,4294967295,4294967295,-1,0,0
1729690898.3648307,1689,1729689916,894070528,/wgs84,0,0,0,0,65535,65535,0,0,0,2147483647,4294967295,4294967295,4294967295,-1,0,0
1729690898.4637353,1690,1729689916,894071040,/wgs84,0,0,0,0,65535,65535,0,0,0,2147483647,4294967295,4294967295,4294967295,-1,0,0
1729690898.5635872,1691,1729689916,894067968,/wgs84,0,0,0,0,65535,65535,0,0,0,2147483647,4294967295,4294967295,4294967295,-1,0,0
1729690898.6643605,1692,1729689916,894065664,/wgs84,0,0,0,0,65535,65535,0,0,0,2147483647,4294967295,4294967295,4294967295,-1,0,0
1729690898.7667804,1693,1729689916,894065664,/wgs84,0,0,0,0,65535,65535,0,0,0,2147483647,4294967295,4294967295,4294967295,-1,0,0
1729690898.8647168,1694,1729689916,894066432,/wgs84,0,0,0,0,65535,65535,0,0,0,2147483647,4294967295,4294967295,4294967295,-1,0,0
1729690898.962655,1695,1729689916,894066176,/wgs84,0,0,0,0,65535,65535,0,0,0,2147483647,4294967295,4294967295,4294967295,-1,0,0
1729690899.0681581,1696,1729689916,894061056,/wgs84,0,0,0,0,65535,65535,0,0,0,2147483647,4294967295,4294967295,4294967295,-1,0,0
1729690899.1638205,1697,1729689916,894060032,/wgs84,0,0,0,0,65535,65535,0,0,0,2147483647,4294967295,4294967295,4294967295,-1,0,0
1729690899.2628634,1698,1729689916,894062080,/wgs84,0,0,0,0,65535,65535,0,0,0,2147483647,4294967295,4294967295,4294967295,-1,0,0
1729690899.3635252,1699,1729689916,894059520,/wgs84,0,0,0,0,65535,65535,0,0,0,2147483647,4294967295,4294967295,4294967295,-1,0,0
1729690899.4613292,1700,1729689916,894052864,/wgs84,0,0,0,0,65535,65535,0,0,0,2147483647,4294967295,4294967295,4294967295,-1,0,0
1729690899.5600398,1701,1729689916,894048768,/wgs84,0,0,0,0,65535,65535,0,0,0,2147483647,4294967295,4294967295,4294967295,-1,0,0
1729690899.6654708,1702,1729689916,894048512,/wgs84,0,0,0,0,65535,65535,0,0,0,2147483647,4294967295,4294967295,4294967295,-1,0,0
1729690899.7664309,1703,1729689916,894049536,/wgs84,0,0,0,0,65535,65535,0,0,0,2147483647,4294967295,4294967295,4294967295,-1,0,0
1729690899.8631651,1704,1729689916,894051072,/wgs84,0,0,0,0,65535,65535,0,0,0,2147483647,4294967295,4294967295,4294967295,-1,0,0
1729690899.965801,1705,1729689916,894050048,/wgs84,0,0,0,0,65535,65535,0,0,0,2147483647,4294967295,4294967295,4294967295,-1,0,0
1729690900.0651999,1706,1729689916,894050048,/wgs84,0,0,0,0,65535,65535,0,0,0,2147483647,4294967295,4294967295,4294967295,-1,0,0
1729690900.161342,1707,1729689916,894047488,/wgs84,0,0,0,0,65535,65535,0,0,0,2147483647,4294967295,4294967295,4294967295,-1,0,0
1729690900.2664464,1708,1729689916,894043648,/wgs84,0,0,0,0,65535,65535,0,0,0,2147483647,4294967295,4294967295,4294967295,-1,0,0
1729690900.3620076,1709,1729689916,894039808,/wgs84,0,0,0,0,65535,65535,0,0,0,2147483647,4294967295,4294967295,4294967295,-1,0,0
1729690900.4650311,1710,1729689916,894037248,/wgs84,0,0,0,0,65535,65535,0,0,0,2147483647,4294967295,4294967295,4294967295,-1,0,0
1729690900.5632882,1711,1729689916,894029568,/wgs84,0,0,0,0,65535,65535,0,0,0,2147483647,4294967295,4294967295,4294967295,-1,0,0
1729690900.6625142,1712,1729689916,894029568,/wgs84,0,0,0,0,65535,65535,0,0,0,2147483647,4294967295,4294967295,4294967295,-1,0,0
1729690900.7652059,1713,1729689916,894042880,/wgs84,0,0,0,0,65535,65535,0,0,0,2147483647,4294967295,4294967295,4294967295,-1,0,0
1729690900.869371,1714,1729689916,894037248,/wgs84,0,0,0,0,65535,65535,0,0,0,2147483647,4294967295,4294967295,4294967295,-1,0,0
1729690900.9662924,1715,1729689916,894037248,/wgs84,0,0,0,0,65535,65535,0,0,0,2147483647,4294967295,4294967295,4294967295,-1,0,0
1729690901.0656037,1716,1729689916,894037248,/wgs84,0,0,0,0,65535,65535,0,0,0,2147483647,4294967295,4294967295,4294967295,-1,0,0
1729690901.166342,1717,1729689916,894039808,/wgs84,0,0,0,0,65535,65535,0,0,0,2147483647,4294967295,4294967295,4294967295,-1,0,0
1729690901.2706409,1718,1729689916,894039808,/wgs84,0,0,0,0,65535,65535,0,0,0,2147483647,4294967295,4294967295,4294967295,-1,0,0
1729690901.368911,1719,1729689916,894043136,/wgs84,0,0,0,0,65535,65535,0,0,0,2147483647,4294967295,4294967295,4294967295,-1,0,0
1729690901.4737134,1720,1729689916,894041344,/wgs84,0,0,0,0,65535,65535,0,0,0,2147483647,4294967295,4294967295,4294967295,-1,0,0
1729690901.5701246,1721,1729689916,894041088,/wgs84,0,0,0,0,65535,65535,0,0,0,2147483647,4294967295,4294967295,4294967295,-1,0,0
1729690901.6718714,1722,1729689916,894043904,/wgs84,0,0,0,0,65535,65535,0,0,0,2147483647,4294967295,4294967295,4294967295,-1,0,0
1729690901.7697642,1723,1729689916,894044928,/wgs84,0,0,0,0,65535,65535,0,0,0,2147483647,4294967295,4294967295,4294967295,-1,0,0
1729690901.87047,1724,1729689916,894045952,/wgs84,0,0,0,0,65535,65535,0,0,0,2147483647,4294967295,4294967295,4294967295,-1,0,0
1729690901.9655876,1725,1729689916,894045184,/wgs84,0,0,0,0,65535,65535,0,0,0,2147483647,4294967295,4294967295,4294967295,-1,0,0
1729690902.0640209,1726,1729689916,894041856,/wgs84,0,0,0,0,65535,65535,0,0,0,2147483647,4294967295,4294967295,4294967295,-1,0,0
1729690902.16366,1727,1729689916,894041600,/wgs84,0,0,0,0,65535,65535,0,0,0,2147483647,4294967295,4294967295,4294967295,-1,0,0
1729690902.2644193,1728,1729689916,894040832,/wgs84,0,0,0,0,65535,65535,0,0,0,2147483647,4294967295,4294967295,4294967295,-1,0,0
1729690902.3653579,1729,1729689916,894042112,/wgs84,0,0,0,0,65535,65535,0,0,0,2147483647,4294967295,4294967295,4294967295,-1,0,0
1729690902.4657404,1730,1729689916,894039552,/wgs84,0,0,0,0,65535,65535,0,0,0,2147483647,4294967295,4294967295,4294967295,-1,0,0
1729690902.5665877,1731,1729689916,894039296,/wgs84,0,0,0,0,65535,65535,0,0,0,2147483647,4294967295,4294967295,4294967295,-1,0,0
1729690902.664763,1732,1729689916,894039040,/wgs84,0,0,0,0,65535,65535,0,0,0,2147483647,4294967295,4294967295,4294967295,-1,0,0
1729690902.7648287,1733,1729689916,894038272,/wgs84,0,0,0,0,65535,65535,0,0,0,2147483647,4294967295,4294967295,4294967295,-1,0,0
1729690902.8656638,1734,1729689916,894037760,/wgs84,0,0,0,0,65535,65535,0,0,0,2147483647,4294967295,4294967295,4294967295,-1,0,0
1729690902.962455,1735,1729689916,894036992,/wgs84,0,0,0,0,65535,65535,0,0,0,2147483647,4294967295,4294967295,4294967295,-1,0,0
1729690903.062532,1736,1729689916,894033408,/wgs84,0,0,0,0,65535,65535,0,0,0,2147483647,4294967295,4294967295,4294967295,-1,0,0
1729690903.1647034,1737,1729689916,894034176,/wgs84,0,0,0,0,65535,65535,0,0,0,2147483647,4294967295,4294967295,4294967295,-1,0,0
1729690903.2641215,1738,1729689916,894035968,/wgs84,0,0,0,0,65535,65535,0,0,0,2147483647,4294967295,4294967295,4294967295,-1,0,0
1729690903.3642552,1739,1729689916,894033920,/wgs84,0,0,0,0,65535,65535,0,0,0,2147483647,4294967295,4294967295,4294967295,-1,0,0
1729690903.4620445,1740,1729689916,894035456,/wgs84,0,0,0,0,65535,65535,0,0,0,2147483647,4294967295,4294967295,4294967295,-1,0,0
1729690903.5647163,1741,1729689916,894032640,/wgs84,0,0,0,0,65535,65535,0,0,0,2147483647,4294967295,4294967295,4294967295,-1,0,0
1729690903.6647751,1742,1729689916,894031360,/wgs84,0,0,0,0,65535,65535,0,0,0,2147483647,4294967295,4294967295,4294967295,-1,0,0
1729690903.7651598,1743,1729689916,894028032,/wgs84,0,0,0,0,65535,65535,0,0,0,2147483647,4294967295,4294967295,4294967295,-1,0,0
1729690903.8645387,1744,1729689916,894025216,/wgs84,0,0,0,0,65535,65535,0,0,0,2147483647,4294967295,4294967295,4294967295,-1,0,0
1729690903.9645994,1745,1729689916,894024960,/wgs84,0,0,0,0,65535,65535,0,0,0,2147483647,4294967295,4294967295,4294967295,-1,0,0
1729690904.0624466,1746,1729689916,894023168,/wgs84,0,0,0,0,65535,65535,0,0,0,2147483647,4294967295,4294967295,4294967295,-1,0,0
1729690904.1651635,1747,1729689916,894022912,/wgs84,0,0,0,0,65535,65535,0,0,0,2147483647,4294967295,4294967295,4294967295,-1,0,0
1729690904.2632074,1748,1729689916,894024192,/wgs84,0,0,0,0,65535,65535,0,0,0,2147483647,4294967295,4294967295,4294967295,-1,0,0
1729690904.3670197,1749,1729689916,894021376,/wgs84,0,0,0,0,65535,65535,0,0,0,2147483647,4294967295,4294967295,4294967295,-1,0,0
1729690904.4622705,1750,1729689916,894022912,/wgs84,0,0,0,0,65535,65535,0,0,0,2147483647,4294967295,4294967295,4294967295,-1,0,0
1729690904.5626938,1751,1729689916,894021888,/wgs84,0,0,0,0,65535,65535,0,0,0,2147483647,4294967295,4294967295,4294967295,-1,0,0
1729690904.6634946,1752,1729689916,894020096,/wgs84,0,0,0,0,65535,65535,0,0,0,2147483647,4294967295,4294967295,4294967295,-1,0,0
1729690904.7662086,1753,1729689916,894020352,/wgs84,0,0,0,0,65535,65535,0,0,0,2147483647,4294967295,4294967295,4294967295,-1,0,0
1729690904.8666902,1754,1729689916,894017792,/wgs84,0,0,0,0,65535,65535,0,0,0,2147483647,4294967295,4294967295,4294967295,-1,0,0
1729690904.9611053,1755,1729689916,894017280,/wgs84,0,0,0,0,65535,65535,0,0,0,2147483647,4294967295,4294967295,4294967295,-1,0,0
1729690905.0642912,1756,1729689916,894015744,/wgs84,0,0,0,0,65535,65535,0,0,0,2147483647,4294967295,4294967295,4294967295,-1,0,0
1729690905.163983,1757,1729689916,894016256,/wgs84,0,0,0,0,65535,65535,0,0,0,2147483647,4294967295,4294967295,4294967295,-1,0,0
1729690905.2634256,1758,1729689916,894017792,/wgs84,0,0,0,0,65535,65535,0,0,0,2147483647,4294967295,4294967295,4294967295,-1,0,0
1729690905.3680055,1759,1729689916,894017536,/wgs84,0,0,0,0,65535,65535,0,0,0,2147483647,4294967295,4294967295,4294967295,-1,0,0
1729690905.4624746,1760,1729689916,894017280,/wgs84,0,0,0,0,65535,65535,0,0,0,2147483647,4294967295,4294967295,4294967295,-1,0,0
1729690905.5638504,1761,1729689916,894014464,/wgs84,0,0,0,0,65535,65535,0,0,0,2147483647,4294967295,4294967295,4294967295,-1,0,0
1729690905.6613343,1762,1729689916,894014208,/wgs84,0,0,0,0,65535,65535,0,0,0,2147483647,4294967295,4294967295,4294967295,-1,0,0
1729690905.765633,1763,1729689916,894015232,/wgs84,0,0,0,0,65535,65535,0,0,0,2147483647,4294967295,4294967295,4294967295,-1,0,0
1729690905.8651843,1764,1729689916,894013952,/wgs84,0,0,0,0,65535,65535,0,0,0,2147483647,4294967295,4294967295,4294967295,-1,0,0
1729690905.9644914,1765,1729689916,894014464,/wgs84,0,0,0,0,65535,65535,0,0,0,2147483647,4294967295,4294967295,4294967295,-1,0,0
1729690906.0629334,1766,1729689916,894010624,/wgs84,0,0,0,0,65535,65535,0,0,0,2147483647,4294967295,4294967295,4294967295,-1,0,0
1729690906.164592,1767,1729689916,894011136,/wgs84,0,0,0,0,65535,65535,0,0,0,2147483647,4294967295,4294967295,4294967295,-1,0,0
1729690906.2649262,1768,1729689916,894018048,/wgs84,0,0,0,0,65535,65535,0,0,0,2147483647,4294967295,4294967295,4294967295,-1,0,0
1729690906.3632998,1769,1729689916,894019328,/wgs84,0,0,0,0,65535,65535,0,0,0,2147483647,4294967295,4294967295,4294967295,-1,0,0
1729690906.4641163,1770,1729689916,894016256,/wgs84,0,0,0,0,65535,65535,0,0,0,2147483647,4294967295,4294967295,4294967295,-1,0,0
1729690906.5619724,1771,1729689916,894016512,/wgs84,0,0,0,0,65535,65535,0,0,0,2147483647,4294967295,4294967295,4294967295,-1,0,0
1729690906.6647577,1772,1729689916,894010624,/wgs84,0,0,0,0,65535,65535,0,0,0,2147483647,4294967295,4294967295,4294967295,-1,0,0
1729690906.7626016,1773,1729689916,894006784,/wgs84,0,0,0,0,65535,65535,0,0,0,2147483647,4294967295,4294967295,4294967295,-1,0,0
1729690906.8694968,1774,1729689916,894004224,/wgs84,0,0,0,0,65535,65535,0,0,0,2147483647,4294967295,4294967295,4294967295,-1,0,0
1729690906.9632194,1775,1729689916,893995520,/wgs84,0,0,0,0,65535,65535,0,0,0,2147483647,4294967295,4294967295,4294967295,-1,0,0
1729690907.0643382,1776,1729689916,893995520,/wgs84,0,0,0,0,65535,65535,0,0,0,2147483647,4294967295,4294967295,4294967295,-1,0,0
1729690907.165644,1777,1729689916,893987584,/wgs84,0,0,0,0,65535,65535,0,0,0,2147483647,4294967295,4294967295,4294967295,-1,0,0
1729690907.2686868,1778,1729689916,893981952,/wgs84,0,0,0,0,65535,65535,0,0,0,2147483647,4294967295,4294967295,4294967295,-1,0,0
1729690907.366063,1779,1729689916,893976576,/wgs84,0,0,0,0,65535,65535,0,0,0,2147483647,4294967295,4294967295,4294967295,-1,0,0
1729690907.470446,1780,1729689916,893973760,/wgs84,0,0,0,0,65535,65535,0,0,0,2147483647,4294967295,4294967295,4294967295,-1,0,0
1729690907.5684717,1781,1729689916,893975552,/wgs84,0,0,0,0,65535,65535,0,0,0,2147483647,4294967295,4294967295,4294967295,-1,0,0
1729690907.6726444,1782,1729689916,893972736,/wgs84,0,0,0,0,65535,65535,0,0,0,2147483647,4294967295,4294967295,4294967295,-1,0,0
1729690907.772586,1783,1729689916,893974272,/wgs84,0,0,0,0,65535,65535,0,0,0,2147483647,4294967295,4294967295,4294967295,-1,0,0
1729690907.8711598,1784,1729689916,893972224,/wgs84,0,0,0,0,65535,65535,0,0,0,2147483647,4294967295,4294967295,4294967295,-1,0,0
1729690907.9708388,1785,1729689916,893972480,/wgs84,0,0,0,0,65535,65535,0,0,0,2147483647,4294967295,4294967295,4294967295,-1,0,0
1729690908.0674846,1786,1729689916,893966080,/wgs84,0,0,0,0,65535,65535,0,0,0,2147483647,4294967295,4294967295,4294967295,-1,0,0
1729690908.1615872,1787,1729689916,893962752,/wgs84,0,0,0,0,65535,65535,0,0,0,2147483647,4294967295,4294967295,4294967295,-1,0,0
1729690908.2637453,1788,1729689916,893960960,/wgs84,0,0,0,0,65535,65535,0,0,0,2147483647,4294967295,4294967295,4294967295,-1,0,0
1729690908.363962,1789,1729689916,893961984,/wgs84,0,0,0,0,65535,65535,0,0,0,2147483647,4294967295,4294967295,4294967295,-1,0,0
1729690908.4628253,1790,1729689916,893963264,/wgs84,0,0,0,0,65535,65535,0,0,0,2147483647,4294967295,4294967295,4294967295,-1,0,0
1729690908.5631063,1791,1729689916,893963008,/wgs84,0,0,0,0,65535,65535,0,0,0,2147483647,4294967295,4294967295,4294967295,-1,0,0
1729690908.6627243,1792,1729689916,893959680,/wgs84,0,0,0,0,65535,65535,0,0,0,2147483647,4294967295,4294967295,4294967295,-1,0,0
1729690908.7628453,1793,1729689916,893960448,/wgs84,0,0,0,0,65535,65535,0,0,0,2147483647,4294967295,4294967295,4294967295,-1,0,0
1729690908.8626585,1794,1729689916,893956352,/wgs84,0,0,0,0,65535,65535,0,0,0,2147483647,4294967295,4294967295,4294967295,-1,0,0
1729690908.9653134,1795,1729689916,893954560,/wgs84,0,0,0,0,65535,65535,0,0,0,2147483647,4294967295,4294967295,4294967295,-1,0,0
1729690909.0648491,1796,1729689916,893950720,/wgs84,0,0,0,0,65535,65535,0,0,0,2147483647,4294967295,4294967295,4294967295,-1,0,0
1729690909.1617572,1797,1729689916,893946112,/wgs84,0,0,0,0,65535,65535,0,0,0,2147483647,4294967295,4294967295,4294967295,-1,0,0
1729690909.2628767,1798,1729689916,893946112,/wgs84,0,0,0,0,65535,65535,0,0,0,2147483647,4294967295,4294967295,4294967295,-1,0,0
1729690909.3638287,1799,1729689916,893945856,/wgs84,0,0,0,0,65535,65535,0,0,0,2147483647,4294967295,4294967295,4294967295,-1,0,0
1729690909.4625416,1800,1729689916,893944064,/wgs84,0,0,0,0,65535,65535,0,0,0,2147483647,4294967295,4294967295,4294967295,-1,0,0
1729690909.564296,1801,1729689916,893945344,/wgs84,0,0,0,0,65535,65535,0,0,0,2147483647,4294967295,4294967295,4294967295,-1,0,0
1729690909.6651149,1802,1729689916,893943296,/wgs84,0,0,0,0,65535,65535,0,0,0,2147483647,4294967295,4294967295,4294967295,-1,0,0
1729690909.7657444,1803,1729689916,893943296,/wgs84,0,0,0,0,65535,65535,0,0,0,2147483647,4294967295,4294967295,4294967295,-1,0,0
1729690909.86491,1804,1729689916,893941248,/wgs84,0,0,0,0,65535,65535,0,0,0,2147483647,4294967295,4294967295,4294967295,-1,0,0
1729690909.9661913,1805,1729689916,893938432,/wgs84,0,0,0,0,65535,65535,0,0,0,2147483647,4294967295,4294967295,4294967295,-1,0,0
1729690910.061727,1806,1729689916,893934336,/wgs84,0,0,0,0,65535,65535,0,0,0,2147483647,4294967295,4294967295,4294967295,-1,0,0
1729690910.164591,1807,1729689916,893932288,/wgs84,0,0,0,0,65535,65535,0,0,0,2147483647,4294967295,4294967295,4294967295,-1,0,0
1729690910.2606294,1808,1729689916,893932288,/wgs84,0,0,0,0,65535,65535,0,0,0,2147483647,4294967295,4294967295,4294967295,-1,0,0
1729690910.3710923,1809,1729689916,893930240,/wgs84,0,0,0,0,65535,65535,0,0,0,2147483647,4294967295,4294967295,4294967295,-1,0,0
1729690910.4647763,1810,1729689916,893930752,/wgs84,0,0,0,0,65535,65535,0,0,0,2147483647,4294967295,4294967295,4294967295,-1,0,0
1729690910.5653148,1811,1729689916,893930752,/wgs84,0,0,0,0,65535,65535,0,0,0,2147483647,4294967295,4294967295,4294967295,-1,0,0
1729690910.6648011,1812,1729689916,893929472,/wgs84,0,0,0,0,65535,65535,0,0,0,2147483647,4294967295,4294967295,4294967295,-1,0,0
1729690910.7647388,1813,1729689916,893925376,/wgs84,0,0,0,0,65535,65535,0,0,0,2147483647,4294967295,4294967295,4294967295,-1,0,0
1729690910.8646994,1814,1729689916,893923840,/wgs84,0,0,0,0,65535,65535,0,0,0,2147483647,4294967295,4294967295,4294967295,-1,0,0
1729690910.9627404,1815,1729689916,893924608,/wgs84,0,0,0,0,65535,65535,0,0,0,2147483647,4294967295,4294967295,4294967295,-1,0,0
1729690911.0646796,1816,1729689916,893922816,/wgs84,0,0,0,0,65535,65535,0,0,0,2147483647,4294967295,4294967295,4294967295,-1,0,0
1729690911.1625662,1817,1729689916,893923840,/wgs84,0,0,0,0,65535,65535,0,0,0,2147483647,4294967295,4294967295,4294967295,-1,0,0
1729690911.2642078,1818,1729689916,893924352,/wgs84,0,0,0,0,65535,65535,0,0,0,2147483647,4294967295,4294967295,4294967295,-1,0,0
1729690911.3637834,1819,1729689916,893926144,/wgs84,0,0,0,0,65535,65535,0,0,0,2147483647,4294967295,4294967295,4294967295,-1,0,0
1729690911.462151,1820,1729689916,893926400,/wgs84,0,0,0,0,65535,65535,0,0,0,2147483647,4294967295,4294967295,4294967295,-1,0,0
1729690911.5629284,1821,1729689916,893926400,/wgs84,0,0,0,0,65535,65535,0,0,0,2147483647,4294967295,4294967295,4294967295,-1,0,0
1729690911.6613958,1822,1729689916,893926656,/wgs84,0,0,0,0,65535,65535,0,0,0,2147483647,4294967295,4294967295,4294967295,-1,0,0
1729690911.7650006,1823,1729689916,893925632,/wgs84,0,0,0,0,65535,65535,0,0,0,2147483647,4294967295,4294967295,4294967295,-1,0,0
1729690911.8651562,1824,1729689916,893918720,/wgs84,0,0,0,0,65535,65535,0,0,0,2147483647,4294967295,4294967295,4294967295,-1,0,0
1729690911.9642324,1825,1729689916,893917952,/wgs84,0,0,0,0,65535,65535,0,0,0,2147483647,4294967295,4294967295,4294967295,-1,0,0
1729690912.0621357,1826,1729689916,893915904,/wgs84,0,0,0,0,65535,65535,0,0,0,2147483647,4294967295,4294967295,4294967295,-1,0,0
1729690912.1630573,1827,1729689916,893913600,/wgs84,0,0,0,0,65535,65535,0,0,0,2147483647,4294967295,4294967295,4294967295,-1,0,0
1729690912.2647953,1828,1729689916,893911296,/wgs84,0,0,0,0,65535,65535,0,0,0,2147483647,4294967295,4294967295,4294967295,-1,0,0
1729690912.361102,1829,1729689916,893906688,/wgs84,0,0,0,0,65535,65535,0,0,0,2147483647,4294967295,4294967295,4294967295,-1,0,0
1729690912.4624991,1830,1729689916,893905408,/wgs84,0,0,0,0,65535,65535,0,0,0,2147483647,4294967295,4294967295,4294967295,-1,0,0
1729690912.5623722,1831,1729689916,893902336,/wgs84,0,0,0,0,65535,65535,0,0,0,2147483647,4294967295,4294967295,4294967295,-1,0,0
1729690912.6624162,1832,1729689916,893913344,/wgs84,0,0,0,0,65535,65535,0,0,0,2147483647,4294967295,4294967295,4294967295,-1,0,0
1729690912.7623217,1833,1729689916,893925888,/wgs84,0,0,0,0,65535,65535,0,0,0,2147483647,4294967295,4294967295,4294967295,-1,0,0
1729690912.8647015,1834,1729689916,893918208,/wgs84,0,0,0,0,65535,65535,0,0,0,2147483647,4294967295,4294967295,4294967295,-1,0,0
1729690912.964637,1835,1729689916,893909760,/wgs84,0,0,0,0,65535,65535,0,0,0,2147483647,4294967295,4294967295,4294967295,-1,0,0
1729690913.0657625,1836,1729689916,893903360,/wgs84,0,0,0,0,65535,65535,0,0,0,2147483647,4294967295,4294967295,4294967295,-1,0,0
1729690913.171641,1837,1729689916,893896704,/wgs84,0,0,0,0,65535,65535,0,0,0,2147483647,4294967295,4294967295,4294967295,-1,0,0
1729690913.2679555,1838,1729689916,893894656,/wgs84,0,0,0,0,65535,65535,0,0,0,2147483647,4294967295,4294967295,4294967295,-1,0,0
1729690913.370135,1839,1729689916,893894400,/wgs84,0,0,0,0,65535,65535,0,0,0,2147483647,4294967295,4294967295,4294967295,-1,0,0
1729690913.4683764,1840,1729689916,893894144,/wgs84,0,0,0,0,65535,65535,0,0,0,2147483647,4294967295,4294967295,4294967295,-1,0,0
1729690913.566843,1841,1729689916,893892352,/wgs84,0,0,0,0,65535,65535,0,0,0,2147483647,4294967295,4294967295,4294967295,-1,0,0
1729690913.6705914,1842,1729689916,893893376,/wgs84,0,0,0,0,65535,65535,0,0,0,2147483647,4294967295,4294967295,4294967295,-1,0,0
1729690913.770052,1843,1729689916,893892608,/wgs84,0,0,0,0,65535,65535,0,0,0,2147483647,4294967295,4294967295,4294967295,-1,0,0
1729690913.871182,1844,1729689916,893891840,/wgs84,0,0,0,0,65535,65535,0,0,0,2147483647,4294967295,4294967295,4294967295,-1,0,0
1729690913.9684136,1845,1729689916,893895424,/wgs84,0,0,0,0,65535,65535,0,0,0,2147483647,4294967295,4294967295,4294967295,-1,0,0
1729690914.0711024,1846,1729689916,893889280,/wgs84,0,0,0,0,65535,65535,0,0,0,2147483647,4294967295,4294967295,4294967295,-1,0,0
1729690914.1635025,1847,1729689916,893890304,/wgs84,0,0,0,0,65535,65535,0,0,0,2147483647,4294967295,4294967295,4294967295,-1,0,0
1729690914.2666986,1848,1729689916,893888256,/wgs84,0,0,0,0,65535,65535,0,0,0,2147483647,4294967295,4294967295,4294967295,-1,0,0
1729690914.3643136,1849,1729689916,893886464,/wgs84,0,0,0,0,65535,65535,0,0,0,2147483647,4294967295,4294967295,4294967295,-1,0,0
1729690914.462634,1850,1729689916,893886976,/wgs84,0,0,0,0,65535,65535,0,0,0,2147483647,4294967295,4294967295,4294967295,-1,0,0
1729690914.564151,1851,1729689916,893885696,/wgs84,0,0,0,0,65535,65535,0,0,0,2147483647,4294967295,4294967295,4294967295,-1,0,0
1729690914.6638153,1852,1729689916,893888256,/wgs84,0,0,0,0,65535,65535,0,0,0,2147483647,4294967295,4294967295,4294967295,-1,0,0
1729690914.7642787,1853,1729689916,893889024,/wgs84,0,0,0,0,65535,65535,0,0,0,2147483647,4294967295,4294967295,4294967295,-1,0,0
1729690914.8639054,1854,1729689916,893889280,/wgs84,0,0,0,0,65535,65535,0,0,0,2147483647,4294967295,4294967295,4294967295,-1,0,0
1729690914.965113,1855,1729689916,893886464,/wgs84,0,0,0,0,65535,65535,0,0,0,2147483647,4294967295,4294967295,4294967295,-1,0,0
1729690915.063614,1856,1729689916,893885184,/wgs84,0,0,0,0,65535,65535,0,0,0,2147483647,4294967295,4294967295,4294967295,-1,0,0
1729690915.1610584,1857,1729689916,893885440,/wgs84,0,0,0,0,65535,65535,0,0,0,2147483647,4294967295,4294967295,4294967295,-1,0,0
1729690915.2626913,1858,1729689916,893882624,/wgs84,0,0,0,0,65535,65535,0,0,0,2147483647,4294967295,4294967295,4294967295,-1,0,0
1729690915.3659008,1859,1729689916,893883392,/wgs84,0,0,0,0,65535,65535,0,0,0,2147483647,4294967295,4294967295,4294967295,-1,0,0
1729690915.465328,1860,1729689916,893879040,/wgs84,0,0,0,0,65535,65535,0,0,0,2147483647,4294967295,4294967295,4294967295,-1,0,0
1729690915.5662303,1861,1729689916,893876992,/wgs84,0,0,0,0,65535,65535,0,0,0,2147483647,4294967295,4294967295,4294967295,-1,0,0
1729690915.6625555,1862,1729689916,893876480,/wgs84,0,0,0,0,65535,65535,0,0,0,2147483647,4294967295,4294967295,4294967295,-1,0,0
1729690915.7652462,1863,1729689916,893873664,/wgs84,0,0,0,0,65535,65535,0,0,0,2147483647,4294967295,4294967295,4294967295,-1,0,0
1729690915.8666174,1864,1729689916,893871872,/wgs84,0,0,0,0,65535,65535,0,0,0,2147483647,4294967295,4294967295,4294967295,-1,0,0
1729690915.9625413,1865,1729689916,893870080,/wgs84,0,0,0,0,65535,65535,0,0,0,2147483647,4294967295,4294967295,4294967295,-1,0,0
1729690916.0641096,1866,1729689916,893865984,/wgs84,0,0,0,0,65535,65535,0,0,0,2147483647,4294967295,4294967295,4294967295,-1,0,0
1729690916.1640754,1867,1729689916,893867520,/wgs84,0,0,0,0,65535,65535,0,0,0,2147483647,4294967295,4294967295,4294967295,-1,0,0
1729690916.2658756,1868,1729689916,893867776,/wgs84,0,0,0,0,65535,65535,0,0,0,2147483647,4294967295,4294967295,4294967295,-1,0,0
1729690916.3656042,1869,1729689916,893869312,/wgs84,0,0,0,0,65535,65535,0,0,0,2147483647,4294967295,4294967295,4294967295,-1,0,0
1729690916.4649832,1870,1729689916,893874176,/wgs84,0,0,0,0,65535,65535,0,0,0,2147483647,4294967295,4294967295,4294967295,-1,0,0
1729690916.5643325,1871,1729689916,893872896,/wgs84,0,0,0,0,65535,65535,0,0,0,2147483647,4294967295,4294967295,4294967295,-1,0,0
1729690916.6615837,1872,1729689916,893873920,/wgs84,0,0,0,0,65535,65535,0,0,0,2147483647,4294967295,4294967295,4294967295,-1,0,0
1729690916.7638218,1873,1729689916,893874176,/wgs84,0,0,0,0,65535,65535,0,0,0,2147483647,4294967295,4294967295,4294967295,-1,0,0
1729690916.863433,1874,1729689916,893874688,/wgs84,0,0,0,0,65535,65535,0,0,0,2147483647,4294967295,4294967295,4294967295,-1,0,0
1729690916.9599776,1875,1729689916,893871872,/wgs84,0,0,0,0,65535,65535,0,0,0,2147483647,4294967295,4294967295,4294967295,-1,0,0
1729690917.0633214,1876,1729689916,893870848,/wgs84,0,0,0,0,65535,65535,0,0,0,2147483647,4294967295,4294967295,4294967295,-1,0,0
1729690917.1629732,1877,1729689916,893870848,/wgs84,0,0,0,0,65535,65535,0,0,0,2147483647,4294967295,4294967295,4294967295,-1,0,0
1729690917.265028,1878,1729689916,893869056,/wgs84,0,0,0,0,65535,65535,0,0,0,2147483647,4294967295,4294967295,4294967295,-1,0,0
1729690917.363839,1879,1729689916,893867520,/wgs84,0,0,0,0,65535,65535,0,0,0,2147483647,4294967295,4294967295,4294967295,-1,0,0
1729690917.4670026,1880,1729689916,893865216,/wgs84,0,0,0,0,65535,65535,0,0,0,2147483647,4294967295,4294967295,4294967295,-1,0,0
1729690917.5636692,1881,1729689916,893864448,/wgs84,0,0,0,0,65535,65535,0,0,0,2147483647,4294967295,4294967295,4294967295,-1,0,0
1729690917.664314,1882,1729689916,893864448,/wgs84,0,0,0,0,65535,65535,0,0,0,2147483647,4294967295,4294967295,4294967295,-1,0,0
1729690917.7639072,1883,1729689916,893865216,/wgs84,0,0,0,0,65535,65535,0,0,0,2147483647,4294967295,4294967295,4294967295,-1,0,0
1729690917.8623805,1884,1729689916,893868800,/wgs84,0,0,0,0,65535,65535,0,0,0,2147483647,4294967295,4294967295,4294967295,-1,0,0
1729690917.9644504,1885,1729689916,893869056,/wgs84,0,0,0,0,65535,65535,0,0,0,2147483647,4294967295,4294967295,4294967295,-1,0,0
1729690918.063605,1886,1729689916,893861632,/wgs84,0,0,0,0,65535,65535,0,0,0,2147483647,4294967295,4294967295,4294967295,-1,0,0
1729690918.1641438,1887,1729689916,893859328,/wgs84,0,0,0,0,65535,65535,0,0,0,2147483647,4294967295,4294967295,4294967295,-1,0,0
1729690918.2651289,1888,1729689916,893859072,/wgs84,0,0,0,0,65535,65535,0,0,0,2147483647,4294967295,4294967295,4294967295,-1,0,0
1729690918.362344,1889,1729689916,893860352,/wgs84,0,0,0,0,65535,65535,0,0,0,2147483647,4294967295,4294967295,4294967295,-1,0,0
1729690918.4630013,1890,1729689916,893861120,/wgs84,0,0,0,0,65535,65535,0,0,0,2147483647,4294967295,4294967295,4294967295,-1,0,0
1729690918.5624442,1891,1729689916,893860352,/wgs84,0,0,0,0,65535,65535,0,0,0,2147483647,4294967295,4294967295,4294967295,-1,0,0
1729690918.6648858,1892,1729689916,893859840,/wgs84,0,0,0,0,65535,65535,0,0,0,2147483647,4294967295,4294967295,4294967295,-1,0,0
1729690918.7624002,1893,1729689916,893862912,/wgs84,0,0,0,0,65535,65535,0,0,0,2147483647,4294967295,4294967295,4294967295,-1,0,0
1729690918.8668873,1894,1729689916,893867264,/wgs84,0,0,0,0,65535,65535,0,0,0,2147483647,4294967295,4294967295,4294967295,-1,0,0
1729690918.9660566,1895,1729689916,893866240,/wgs84,0,0,0,0,65535,65535,0,0,0,2147483647,4294967295,4294967295,4294967295,-1,0,0
1729690919.067214,1896,1729689916,893863936,/wgs84,0,0,0,0,65535,65535,0,0,0,2147483647,4294967295,4294967295,4294967295,-1,0,0
1729690919.1663537,1897,1729689916,893858816,/wgs84,0,0,0,0,65535,65535,0,0,0,2147483647,4294967295,4294967295,4294967295,-1,0,0
1729690919.2691605,1898,1729689916,893856256,/wgs84,0,0,0,0,65535,65535,0,0,0,2147483647,4294967295,4294967295,4294967295,-1,0,0
1729690919.3690186,1899,1729689916,893855488,/wgs84,0,0,0,0,65535,65535,0,0,0,2147483647,4294967295,4294967295,4294967295,-1,0,0
1729690919.4666998,1900,1729689916,893856256,/wgs84,0,0,0,0,65535,65535,0,0,0,2147483647,4294967295,4294967295,4294967295,-1,0,0
1729690919.5694437,1901,1729689916,893852928,/wgs84,0,0,0,0,65535,65535,0,0,0,2147483647,4294967295,4294967295,4294967295,-1,0,0
1729690919.6695423,1902,1729689916,893852160,/wgs84,0,0,0,0,65535,65535,0,0,0,2147483647,4294967295,4294967295,4294967295,-1,0,0
1729690919.7718935,1903,1729689916,893848576,/wgs84,0,0,0,0,65535,65535,0,0,0,2147483647,4294967295,4294967295,4294967295,-1,0,0
1729690919.8719976,1904,1729689916,893849856,/wgs84,0,0,0,0,65535,65535,0,0,0,2147483647,4294967295,4294967295,4294967295,-1,0,0
1729690919.970636,1905,1729689916,893848064,/wgs84,0,0,0,0,65535,65535,0,0,0,2147483647,4294967295,4294967295,4294967295,-1,0,0
1729690920.0704675,1906,1729689916,893850624,/wgs84,0,0,0,0,65535,65535,0,0,0,2147483647,4294967295,4294967295,4294967295,-1,0,0
1729690920.1707084,1907,1729689916,893850624,/wgs84,0,0,0,0,65535,65535,0,0,0,2147483647,4294967295,4294967295,4294967295,-1,0,0
1729690920.2614353,1908,1729689916,893847808,/wgs84,0,0,0,0,65535,65535,0,0,0,2147483647,4294967295,4294967295,4294967295,-1,0,0
1729690920.3660662,1909,1729689916,893847296,/wgs84,0,0,0,0,65535,65535,0,0,0,2147483647,4294967295,4294967295,4294967295,-1,0,0
1729690920.465301,1910,1729689916,893843968,/wgs84,0,0,0,0,65535,65535,0,0,0,2147483647,4294967295,4294967295,4294967295,-1,0,0
1729690920.564096,1911,1729689916,893842176,/wgs84,0,0,0,0,65535,65535,0,0,0,2147483647,4294967295,4294967295,4294967295,-1,0,0
1729690920.6642158,1912,1729689916,893841152,/wgs84,0,0,0,0,65535,65535,0,0,0,2147483647,4294967295,4294967295,4294967295,-1,0,0
1729690920.7633188,1913,1729689916,893840384,/wgs84,0,0,0,0,65535,65535,0,0,0,2147483647,4294967295,4294967295,4294967295,-1,0,0
1729690920.8632154,1914,1729689916,893840128,/wgs84,0,0,0,0,65535,65535,0,0,0,2147483647,4294967295,4294967295,4294967295,-1,0,0
1729690920.9601555,1915,1729689916,893838592,/wgs84,0,0,0,0,65535,65535,0,0,0,2147483647,4294967295,4294967295,4294967295,-1,0,0
1729690921.0652475,1916,1729689916,893836544,/wgs84,0,0,0,0,65535,65535,0,0,0,2147483647,4294967295,4294967295,4294967295,-1,0,0
1729690921.1665168,1917,1729689916,893836032,/wgs84,0,0,0,0,65535,65535,0,0,0,2147483647,4294967295,4294967295,4294967295,-1,0,0
1729690921.2645056,1918,1729689916,893836032,/wgs84,0,0,0,0,65535,65535,0,0,0,2147483647,4294967295,4294967295,4294967295,-1,0,0
1729690921.3634374,1919,1729689916,893837056,/wgs84,0,0,0,0,65535,65535,0,0,0,2147483647,4294967295,4294967295,4294967295,-1,0,0
1729690921.4645336,1920,1729689916,893835264,/wgs84,0,0,0,0,65535,65535,0,0,0,2147483647,4294967295,4294967295,4294967295,-1,0,0
1729690921.5653315,1921,1729689916,893833472,/wgs84,0,0,0,0,65535,65535,0,0,0,2147483647,4294967295,4294967295,4294967295,-1,0,0
1729690921.667319,1922,1729689916,893831424,/wgs84,0,0,0,0,65535,65535,0,0,0,2147483647,4294967295,4294967295,4294967295,-1,0,0
1729690921.764501,1923,1729689916,893830400,/wgs84,0,0,0,0,65535,65535,0,0,0,2147483647,4294967295,4294967295,4294967295,-1,0,0
1729690921.8643448,1924,1729689916,893829632,/wgs84,0,0,0,0,65535,65535,0,0,0,2147483647,4294967295,4294967295,4294967295,-1,0,0
1729690921.9662378,1925,1729689916,893830400,/wgs84,0,0,0,0,65535,65535,0,0,0,2147483647,4294967295,4294967295,4294967295,-1,0,0
1729690922.0633802,1926,1729689916,893827072,/wgs84,0,0,0,0,65535,65535,0,0,0,2147483647,4294967295,4294967295,4294967295,-1,0,0
1729690922.1646447,1927,1729689916,893824000,/wgs84,0,0,0,0,65535,65535,0,0,0,2147483647,4294967295,4294967295,4294967295,-1,0,0
1729690922.264309,1928,1729689916,893825024,/wgs84,0,0,0,0,65535,65535,0,0,0,2147483647,4294967295,4294967295,4294967295,-1,0,0
1729690922.3635683,1929,1729689916,893823744,/wgs84,0,0,0,0,65535,65535,0,0,0,2147483647,4294967295,4294967295,4294967295,-1,0,0
1729690922.4626083,1930,1729689916,893823488,/wgs84,0,0,0,0,65535,65535,0,0,0,2147483647,4294967295,4294967295,4294967295,-1,0,0
1729690922.5647562,1931,1729689916,893825280,/wgs84,0,0,0,0,65535,65535,0,0,0,2147483647,4294967295,4294967295,4294967295,-1,0,0
1729690922.6656673,1932,1729689916,893823744,/wgs84,0,0,0,0,65535,65535,0,0,0,2147483647,4294967295,4294967295,4294967295,-1,0,0
1729690922.7627594,1933,1729689916,893825024,/wgs84,0,0,0,0,65535,65535,0,0,0,2147483647,4294967295,4294967295,4294967295,-1,0,0
1729690922.8650093,1934,1729689916,893825280,/wgs84,0,0,0,0,65535,65535,0,0,0,2147483647,4294967295,4294967295,4294967295,-1,0,0
1729690922.9631455,1935,1729689916,893824256,/wgs84,0,0,0,0,65535,65535,0,0,0,2147483647,4294967295,4294967295,4294967295,-1,0,0
1729690923.0650465,1936,1729689916,893822464,/wgs84,0,0,0,0,65535,65535,0,0,0,2147483647,4294967295,4294967295,4294967295,-1,0,0
1729690923.1634245,1937,1729689916,893821696,/wgs84,0,0,0,0,65535,65535,0,0,0,2147483647,4294967295,4294967295,4294967295,-1,0,0
1729690923.2611647,1938,1729689916,893818112,/wgs84,0,0,0,0,65535,65535,0,0,0,2147483647,4294967295,4294967295,4294967295,-1,0,0
1729690923.3666053,1939,1729689916,893815552,/wgs84,0,0,0,0,65535,65535,0,0,0,2147483647,4294967295,4294967295,4294967295,-1,0,0
1729690923.4632204,1940,1729689916,893810944,/wgs84,0,0,0,0,65535,65535,0,0,0,2147483647,4294967295,4294967295,4294967295,-1,0,0
1729690923.5630918,1941,1729689916,893808896,/wgs84,0,0,0,0,65535,65535,0,0,0,2147483647,4294967295,4294967295,4294967295,-1,0,0
1729690923.6643972,1942,1729689916,893808640,/wgs84,0,0,0,0,65535,65535,0,0,0,2147483647,4294967295,4294967295,4294967295,-1,0,0
1729690923.7635412,1943,1729689916,893805312,/wgs84,0,0,0,0,65535,65535,0,0,0,2147483647,4294967295,4294967295,4294967295,-1,0,0
1729690923.865682,1944,1729689916,893802496,/wgs84,0,0,0,0,65535,65535,0,0,0,2147483647,4294967295,4294967295,4294967295,-1,0,0
1729690923.9613743,1945,1729689916,893800960,/wgs84,0,0,0,0,65535,65535,0,0,0,2147483647,4294967295,4294967295,4294967295,-1,0,0
1729690924.0662787,1946,1729689916,893795584,/wgs84,0,0,0,0,65535,65535,0,0,0,2147483647,4294967295,4294967295,4294967295,-1,0,0
1729690924.1627626,1947,1729689916,893794560,/wgs84,0,0,0,0,65535,65535,0,0,0,2147483647,4294967295,4294967295,4294967295,-1,0,0
1729690924.2664843,1948,1729689916,893794560,/wgs84,0,0,0,0,65535,65535,0,0,0,2147483647,4294967295,4294967295,4294967295,-1,0,0
1729690924.3647919,1949,1729689916,893796352,/wgs84,0,0,0,0,65535,65535,0,0,0,2147483647,4294967295,4294967295,4294967295,-1,0,0
1729690924.4652107,1950,1729689916,893792768,/wgs84,0,0,0,0,65535,65535,0,0,0,2147483647,4294967295,4294967295,4294967295,-1,0,0
1729690924.5628297,1951,1729689916,893784320,/wgs84,0,0,0,0,65535,65535,0,0,0,2147483647,4294967295,4294967295,4294967295,-1,0,0
1729690924.6637597,1952,1729689916,893783040,/wgs84,0,0,0,0,65535,65535,0,0,0,2147483647,4294967295,4294967295,4294967295,-1,0,0
1729690924.7611554,1953,1729689916,893780480,/wgs84,0,0,0,0,65535,65535,0,0,0,2147483647,4294967295,4294967295,4294967295,-1,0,0
1729690924.8671699,1954,1729689916,893784064,/wgs84,0,0,0,0,65535,65535,0,0,0,2147483647,4294967295,4294967295,4294967295,-1,0,0
1729690924.9606848,1955,1729689916,893782016,/wgs84,0,0,0,0,65535,65535,0,0,0,2147483647,4294967295,4294967295,4294967295,-1,0,0
1729690925.0714839,1956,1729689916,893797376,/wgs84,0,0,0,0,65535,65535,0,0,0,2147483647,4294967295,4294967295,4294967295,-1,0,0
1729690925.164798,1957,1729689916,893795072,/wgs84,0,0,0,0,65535,65535,0,0,0,2147483647,4294967295,4294967295,4294967295,-1,0,0
1729690925.265283,1958,1729689916,893795072,/wgs84,0,0,0,0,65535,65535,0,0,0,2147483647,4294967295,4294967295,4294967295,-1,0,0
1729690925.3646305,1959,1729689916,893795072,/wgs84,0,0,0,0,65535,65535,0,0,0,2147483647,4294967295,4294967295,4294967295,-1,0,0
1729690925.4682877,1960,1729689916,893793024,/wgs84,0,0,0,0,65535,65535,0,0,0,2147483647,4294967295,4294967295,4294967295,-1,0,0
1729690925.569943,1961,1729689916,893792768,/wgs84,0,0,0,0,65535,65535,0,0,0,2147483647,4294967295,4294967295,4294967295,-1,0,0
1729690925.6706116,1962,1729689916,893794304,/wgs84,0,0,0,0,65535,65535,0,0,0,2147483647,4294967295,4294967295,4294967295,-1,0,0
1729690925.7680633,1963,1729689916,893795840,/wgs84,0,0,0,0,65535,65535,0,0,0,2147483647,4294967295,4294967295,4294967295,-1,0,0
1729690925.8673174,1964,1729689916,893794048,/wgs84,0,0,0,0,65535,65535,0,0,0,2147483647,4294967295,4294967295,4294967295,-1,0,0
1729690925.9704096,1965,1729689916,893795072,/wgs84,0,0,0,0,65535,65535,0,0,0,2147483647,4294967295,4294967295,4294967295,-1,0,0
1729690926.0650156,1966,1729689916,893792000,/wgs84,0,0,0,0,65535,65535,0,0,0,2147483647,4294967295,4294967295,4294967295,-1,0,0
1729690926.1629422,1967,1729689916,893793024,/wgs84,0,0,0,0,65535,65535,0,0,0,2147483647,4294967295,4294967295,4294967295,-1,0,0
1729690926.262421,1968,1729689916,893793792,/wgs84,0,0,0,0,65535,65535,0,0,0,2147483647,4294967295,4294967295,4294967295,-1,0,0
1729690926.3717048,1969,1729689916,893794816,/wgs84,0,0,0,0,65535,65535,0,0,0,2147483647,4294967295,4294967295,4294967295,-1,0,0
1729690926.462511,1970,1729689916,893794560,/wgs84,0,0,0,0,65535,65535,0,0,0,2147483647,4294967295,4294967295,4294967295,-1,0,0
1729690926.5648282,1971,1729689916,893792000,/wgs84,0,0,0,0,65535,65535,0,0,0,2147483647,4294967295,4294967295,4294967295,-1,0,0
1729690926.663988,1972,1729689916,893793024,/wgs84,0,0,0,0,65535,65535,0,0,0,2147483647,4294967295,4294967295,4294967295,-1,0,0
1729690926.763407,1973,1729689916,893786112,/wgs84,0,0,0,0,65535,65535,0,0,0,2147483647,4294967295,4294967295,4294967295,-1,0,0
1729690926.864115,1974,1729689916,893787392,/wgs84,0,0,0,0,65535,65535,0,0,0,2147483647,4294967295,4294967295,4294967295,-1,0,0
1729690926.9648874,1975,1729689916,893784320,/wgs84,0,0,0,0,65535,65535,0,0,0,2147483647,4294967295,4294967295,4294967295,-1,0,0
1729690927.0645978,1976,1729689916,893785856,/wgs84,0,0,0,0,65535,65535,0,0,0,2147483647,4294967295,4294967295,4294967295,-1,0,0
1729690927.1648002,1977,1729689916,893784064,/wgs84,0,0,0,0,65535,65535,0,0,0,2147483647,4294967295,4294967295,4294967295,-1,0,0
1729690927.2644296,1978,1729689916,893783296,/wgs84,0,0,0,0,65535,65535,0,0,0,2147483647,4294967295,4294967295,4294967295,-1,0,0
1729690927.3674328,1979,1729689916,893782016,/wgs84,0,0,0,0,65535,65535,0,0,0,2147483647,4294967295,4294967295,4294967295,-1,0,0
1729690927.4611366,1980,1729689916,893782784,/wgs84,0,0,0,0,65535,65535,0,0,0,2147483647,4294967295,4294967295,4294967295,-1,0,0
1729690927.5652947,1981,1729689916,893779712,/wgs84,0,0,0,0,65535,65535,0,0,0,2147483647,4294967295,4294967295,4294967295,-1,0,0
1729690927.664325,1982,1729689916,893774336,/wgs84,0,0,0,0,65535,65535,0,0,0,2147483647,4294967295,4294967295,4294967295,-1,0,0
1729690927.7630398,1983,1729689916,893778432,/wgs84,0,0,0,0,65535,65535,0,0,0,2147483647,4294967295,4294967295,4294967295,-1,0,0
1729690927.8645387,1984,1729689916,893782272,/wgs84,0,0,0,0,65535,65535,0,0,0,2147483647,4294967295,4294967295,4294967295,-1,0,0
1729690927.9640718,1985,1729689916,893783808,/wgs84,0,0,0,0,65535,65535,0,0,0,2147483647,4294967295,4294967295,4294967295,-1,0,0
1729690928.0650225,1986,1729689916,893782272,/wgs84,0,0,0,0,65535,65535,0,0,0,2147483647,4294967295,4294967295,4294967295,-1,0,0
1729690928.1640303,1987,1729689916,893782272,/wgs84,0,0,0,0,65535,65535,0,0,0,2147483647,4294967295,4294967295,4294967295,-1,0,0
1729690928.2629006,1988,1729689916,893779200,/wgs84,0,0,0,0,65535,65535,0,0,0,2147483647,4294967295,4294967295,4294967295,-1,0,0
1729690928.36608,1989,1729689916,893776640,/wgs84,0,0,0,0,65535,65535,0,0,0,2147483647,4294967295,4294967295,4294967295,-1,0,0
1729690928.4637508,1990,1729689916,893776640,/wgs84,0,0,0,0,65535,65535,0,0,0,2147483647,4294967295,4294967295,4294967295,-1,0,0
1729690928.5631046,1991,1729689916,893776384,/wgs84,0,0,0,0,65535,65535,0,0,0,2147483647,4294967295,4294967295,4294967295,-1,0,0
1729690928.6639168,1992,1729689916,893774848,/wgs84,0,0,0,0,65535,65535,0,0,0,2147483647,4294967295,4294967295,4294967295,-1,0,0
1729690928.7638113,1993,1729689916,893775104,/wgs84,0,0,0,0,65535,65535,0,0,0,2147483647,4294967295,4294967295,4294967295,-1,0,0
1729690928.8653336,1994,1729689916,893773312,/wgs84,0,0,0,0,65535,65535,0,0,0,2147483647,4294967295,4294967295,4294967295,-1,0,0
1729690928.963684,1995,1729689916,893771008,/wgs84,0,0,0,0,65535,65535,0,0,0,2147483647,4294967295,4294967295,4294967295,-1,0,0
1729690929.0657206,1996,1729689916,893768192,/wgs84,0,0,0,0,65535,65535,0,0,0,2147483647,4294967295,4294967295,4294967295,-1,0,0
1729690929.16246,1997,1729689916,893763584,/wgs84,0,0,0,0,65535,65535,0,0,0,2147483647,4294967295,4294967295,4294967295,-1,0,0
1729690929.2614555,1998,1729689916,893763072,/wgs84,0,0,0,0,65535,65535,0,0,0,2147483647,4294967295,4294967295,4294967295,-1,0,0
1729690929.3647754,1999,1729689916,893764096,/wgs84,0,0,0,0,65535,65535,0,0,0,2147483647,4294967295,4294967295,4294967295,-1,0,0
1729690929.4616847,2000,1729689916,893760768,/wgs84,0,0,0,0,65535,65535,0,0,0,2147483647,4294967295,4294967295,4294967295,-1,0,0
1729690929.5651114,2001,1729689916,893761280,/wgs84,0,0,0,0,65535,65535,0,0,0,2147483647,4294967295,4294967295,4294967295,-1,0,0
1729690929.664295,2002,1729689916,893761280,/wgs84,0,0,0,0,65535,65535,0,0,0,2147483647,4294967295,4294967295,4294967295,-1,0,0
1729690929.7647448,2003,1729689916,893761792,/wgs84,0,0,0,0,65535,65535,0,0,0,2147483647,4294967295,4294967295,4294967295,-1,0,0
1729690929.864206,2004,1729689916,893762048,/wgs84,0,0,0,0,65535,65535,0,0,0,2147483647,4294967295,4294967295,4294967295,-1,0,0
1729690929.9654076,2005,1729689916,893761024,/wgs84,0,0,0,0,65535,65535,0,0,0,2147483647,4294967295,4294967295,4294967295,-1,0,0
1729690930.062998,2006,1729689916,893757696,/wgs84,0,0,0,0,65535,65535,0,0,0,2147483647,4294967295,4294967295,4294967295,-1,0,0
1729690930.1662292,2007,1729689916,893757952,/wgs84,0,0,0,0,65535,65535,0,0,0,2147483647,4294967295,4294967295,4294967295,-1,0,0
1729690930.2646255,2008,1729689916,893752320,/wgs84,0,0,0,0,65535,65535,0,0,0,2147483647,4294967295,4294967295,4294967295,-1,0,0
1729690930.3650668,2009,1729689916,893752576,/wgs84,0,0,0,0,65535,65535,0,0,0,2147483647,4294967295,4294967295,4294967295,-1,0,0
1729690930.4637074,2010,1729689916,893752832,/wgs84,0,0,0,0,65535,65535,0,0,0,2147483647,4294967295,4294967295,4294967295,-1,0,0
1729690930.5616324,2011,1729689916,893748736,/wgs84,0,0,0,0,65535,65535,0,0,0,2147483647,4294967295,4294967295,4294967295,-1,0,0
1729690930.6646512,2012,1729689916,893749504,/wgs84,0,0,0,0,65535,65535,0,0,0,2147483647,4294967295,4294967295,4294967295,-1,0,0
1729690930.7622578,2013,1729689916,893748736,/wgs84,0,0,0,0,65535,65535,0,0,0,2147483647,4294967295,4294967295,4294967295,-1,0,0
1729690930.8627357,2014,1729689916,893748736,/wgs84,0,0,0,0,65535,65535,0,0,0,2147483647,4294967295,4294967295,4294967295,-1,0,0
1729690930.9630816,2015,1729689916,893748480,/wgs84,0,0,0,0,65535,65535,0,0,0,2147483647,4294967295,4294967295,4294967295,-1,0,0
1729690931.0622873,2016,1729689916,893746176,/wgs84,0,0,0,0,65535,65535,0,0,0,2147483647,4294967295,4294967295,4294967295,-1,0,0
1729690931.1640942,2017,1729689916,893742592,/wgs84,0,0,0,0,65535,65535,0,0,0,2147483647,4294967295,4294967295,4294967295,-1,0,0
1729690931.2631483,2018,1729689916,893745408,/wgs84,0,0,0,0,65535,65535,0,0,0,2147483647,4294967295,4294967295,4294967295,-1,0,0
1729690931.3652623,2019,1729689916,893750528,/wgs84,0,0,0,0,65535,65535,0,0,0,2147483647,4294967295,4294967295,4294967295,-1,0,0
1729690931.4669428,2020,1729689916,893750528,/wgs84,0,0,0,0,65535,65535,0,0,0,2147483647,4294967295,4294967295,4294967295,-1,0,0
1729690931.5630577,2021,1729689916,893749760,/wgs84,0,0,0,0,65535,65535,0,0,0,2147483647,4294967295,4294967295,4294967295,-1,0,0
1729690931.6677656,2022,1729689916,893749760,/wgs84,0,0,0,0,65535,65535,0,0,0,2147483647,4294967295,4294967295,4294967295,-1,0,0
1729690931.7643054,2023,1729689916,893749760,/wgs84,0,0,0,0,65535,65535,0,0,0,2147483647,4294967295,4294967295,4294967295,-1,0,0
1729690931.8634987,2024,1729689916,893744384,/wgs84,0,0,0,0,65535,65535,0,0,0,2147483647,4294967295,4294967295,4294967295,-1,0,0
1729690931.9662468,2025,1729689916,893737472,/wgs84,0,0,0,0,65535,65535,0,0,0,2147483647,4294967295,4294967295,4294967295,-1,0,0
1729690932.0673037,2026,1729689916,893736704,/wgs84,0,0,0,0,65535,65535,0,0,0,2147483647,4294967295,4294967295,4294967295,-1,0,0
1729690932.1686132,2027,1729689916,893736192,/wgs84,0,0,0,0,65535,65535,0,0,0,2147483647,4294967295,4294967295,4294967295,-1,0,0
1729690932.2699807,2028,1729689916,893735424,/wgs84,0,0,0,0,65535,65535,0,0,0,2147483647,4294967295,4294967295,4294967295,-1,0,0
1729690932.371997,2029,1729689916,893734144,/wgs84,0,0,0,0,65535,65535,0,0,0,2147483647,4294967295,4294967295,4294967295,-1,0,0
1729690932.4681053,2030,1729689916,893733376,/wgs84,0,0,0,0,65535,65535,0,0,0,2147483647,4294967295,4294967295,4294967295,-1,0,0
1729690932.5704474,2031,1729689916,893731840,/wgs84,0,0,0,0,65535,65535,0,0,0,2147483647,4294967295,4294967295,4294967295,-1,0,0
1729690932.669608,2032,1729689916,893731584,/wgs84,0,0,0,0,65535,65535,0,0,0,2147483647,4294967295,4294967295,4294967295,-1,0,0
1729690932.7673213,2033,1729689916,893731072,/wgs84,0,0,0,0,65535,65535,0,0,0,2147483647,4294967295,4294967295,4294967295,-1,0,0
1729690932.8653429,2034,1729689916,893728256,/wgs84,0,0,0,0,65535,65535,0,0,0,2147483647,4294967295,4294967295,4294967295,-1,0,0
1729690932.9613414,2035,1729689916,893727488,/wgs84,0,0,0,0,65535,65535,0,0,0,2147483647,4294967295,4294967295,4294967295,-1,0,0
1729690933.067363,2036,1729689916,893725696,/wgs84,0,0,0,0,65535,65535,0,0,0,2147483647,4294967295,4294967295,4294967295,-1,0,0
1729690933.1634307,2037,1729689916,893726976,/wgs84,0,0,0,0,65535,65535,0,0,0,2147483647,4294967295,4294967295,4294967295,-1,0,0
1729690933.2652507,2038,1729689916,893723904,/wgs84,0,0,0,0,65535,65535,0,0,0,2147483647,4294967295,4294967295,4294967295,-1,0,0
1729690933.3634372,2039,1729689916,893720320,/wgs84,0,0,0,0,65535,65535,0,0,0,2147483647,4294967295,4294967295,4294967295,-1,0,0
1729690933.4628375,2040,1729689916,893718528,/wgs84,0,0,0,0,65535,65535,0,0,0,2147483647,4294967295,4294967295,4294967295,-1,0,0
1729690933.5635896,2041,1729689916,893716992,/wgs84,0,0,0,0,65535,65535,0,0,0,2147483647,4294967295,4294967295,4294967295,-1,0,0
1729690933.6626685,2042,1729689916,893714432,/wgs84,0,0,0,0,65535,65535,0,0,0,2147483647,4294967295,4294967295,4294967295,-1,0,0
1729690933.7638695,2043,1729689916,893714944,/wgs84,0,0,0,0,65535,65535,0,0,0,2147483647,4294967295,4294967295,4294967295,-1,0,0
1729690933.8629584,2044,1729689916,893713152,/wgs84,0,0,0,0,65535,65535,0,0,0,2147483647,4294967295,4294967295,4294967295,-1,0,0
1729690933.9649768,2045,1729689916,893711360,/wgs84,0,0,0,0,65535,65535,0,0,0,2147483647,4294967295,4294967295,4294967295,-1,0,0
1729690934.0648108,2046,1729689916,893711616,/wgs84,0,0,0,0,65535,65535,0,0,0,2147483647,4294967295,4294967295,4294967295,-1,0,0
1729690934.164799,2047,1729689916,893711104,/wgs84,0,0,0,0,65535,65535,0,0,0,2147483647,4294967295,4294967295,4294967295,-1,0,0
1729690934.263196,2048,1729689916,893707520,/wgs84,0,0,0,0,65535,65535,0,0,0,2147483647,4294967295,4294967295,4294967295,-1,0,0
1729690934.3633897,2049,1729689916,893711616,/wgs84,0,0,0,0,65535,65535,0,0,0,2147483647,4294967295,4294967295,4294967295,-1,0,0
1729690934.4646215,2050,1729689916,893713408,/wgs84,0,0,0,0,65535,65535,0,0,0,2147483647,4294967295,4294967295,4294967295,-1,0,0
1729690934.5636292,2051,1729689916,893714688,/wgs84,0,0,0,0,65535,65535,0,0,0,2147483647,4294967295,4294967295,4294967295,-1,0,0
1729690934.6624274,2052,1729689916,893713152,/wgs84,0,0,0,0,65535,65535,0,0,0,2147483647,4294967295,4294967295,4294967295,-1,0,0
1729690934.765049,2053,1729689916,893711360,/wgs84,0,0,0,0,65535,65535,0,0,0,2147483647,4294967295,4294967295,4294967295,-1,0,0
1729690934.8640068,2054,1729689916,893712128,/wgs84,0,0,0,0,65535,65535,0,0,0,2147483647,4294967295,4294967295,4294967295,-1,0,0
1729690934.965523,2055,1729689916,893709056,/wgs84,0,0,0,0,65535,65535,0,0,0,2147483647,4294967295,4294967295,4294967295,-1,0,0
1729690935.0661983,2056,1729689916,893704448,/wgs84,0,0,0,0,65535,65535,0,0,0,2147483647,4294967295,4294967295,4294967295,-1,0,0
1729690935.165777,2057,1729689916,893703680,/wgs84,0,0,0,0,65535,65535,0,0,0,2147483647,4294967295,4294967295,4294967295,-1,0,0
1729690935.2646854,2058,1729689916,893699072,/wgs84,0,0,0,0,65535,65535,0,0,0,2147483647,4294967295,4294967295,4294967295,-1,0,0
1729690935.3651721,2059,1729689916,893696256,/wgs84,0,0,0,0,65535,65535,0,0,0,2147483647,4294967295,4294967295,4294967295,-1,0,0
1729690935.4643412,2060,1729689916,893695488,/wgs84,0,0,0,0,65535,65535,0,0,0,2147483647,4294967295,4294967295,4294967295,-1,0,0
1729690935.5632129,2061,1729689916,893694208,/wgs84,0,0,0,0,65535,65535,0,0,0,2147483647,4294967295,4294967295,4294967295,-1,0,0
1729690935.663079,2062,1729689916,893695232,/wgs84,0,0,0,0,65535,65535,0,0,0,2147483647,4294967295,4294967295,4294967295,-1,0,0
1729690935.764134,2063,1729689916,893693440,/wgs84,0,0,0,0,65535,65535,0,0,0,2147483647,4294967295,4294967295,4294967295,-1,0,0
1729690935.8646772,2064,1729689916,893692416,/wgs84,0,0,0,0,65535,65535,0,0,0,2147483647,4294967295,4294967295,4294967295,-1,0,0
1729690935.9636497,2065,1729689916,893690112,/wgs84,0,0,0,0,65535,65535,0,0,0,2147483647,4294967295,4294967295,4294967295,-1,0,0
1729690936.0626752,2066,1729689916,893690624,/wgs84,0,0,0,0,65535,65535,0,0,0,2147483647,4294967295,4294967295,4294967295,-1,0,0
1729690936.163263,2067,1729689916,893691904,/wgs84,0,0,0,0,65535,65535,0,0,0,2147483647,4294967295,4294967295,4294967295,-1,0,0
1729690936.263855,2068,1729689916,893690368,/wgs84,0,0,0,0,65535,65535,0,0,0,2147483647,4294967295,4294967295,4294967295,-1,0,0
1729690936.364397,2069,1729689916,893690368,/wgs84,0,0,0,0,65535,65535,0,0,0,2147483647,4294967295,4294967295,4294967295,-1,0,0
1729690936.462104,2070,1729689916,893688832,/wgs84,0,0,0,0,65535,65535,0,0,0,2147483647,4294967295,4294967295,4294967295,-1,0,0
1729690936.56212,2071,1729689916,893689344,/wgs84,0,0,0,0,65535,65535,0,0,0,2147483647,4294967295,4294967295,4294967295,-1,0,0
1729690936.6670513,2072,1729689916,893687808,/wgs84,0,0,0,0,65535,65535,0,0,0,2147483647,4294967295,4294967295,4294967295,-1,0,0
1729690936.7656965,2073,1729689916,893687296,/wgs84,0,0,0,0,65535,65535,0,0,0,2147483647,4294967295,4294967295,4294967295,-1,0,0
1729690936.8613336,2074,1729689916,893682688,/wgs84,0,0,0,0,65535,65535,0,0,0,2147483647,4294967295,4294967295,4294967295,-1,0,0
1729690936.965208,2075,1729689916,893680128,/wgs84,0,0,0,0,65535,65535,0,0,0,2147483647,4294967295,4294967295,4294967295,-1,0,0
1729690937.0625792,2076,1729689916,893682176,/wgs84,0,0,0,0,65535,65535,0,0,0,2147483647,4294967295,4294967295,4294967295,-1,0,0
1729690937.1627088,2077,1729689916,893682688,/wgs84,0,0,0,0,65535,65535,0,0,0,2147483647,4294967295,4294967295,4294967295,-1,0,0
1729690937.265781,2078,1729689916,893681664,/wgs84,0,0,0,0,65535,65535,0,0,0,2147483647,4294967295,4294967295,4294967295,-1,0,0
1729690937.3636405,2079,1729689916,893682432,/wgs84,0,0,0,0,65535,65535,0,0,0,2147483647,4294967295,4294967295,4294967295,-1,0,0
1729690937.4625304,2080,1729689916,893680128,/wgs84,0,0,0,0,65535,65535,0,0,0,2147483647,4294967295,4294967295,4294967295,-1,0,0
1729690937.567088,2081,1729689916,893677824,/wgs84,0,0,0,0,65535,65535,0,0,0,2147483647,4294967295,4294967295,4294967295,-1,0,0
1729690937.6641576,2082,1729689916,893668096,/wgs84,0,0,0,0,65535,65535,0,0,0,2147483647,4294967295,4294967295,4294967295,-1,0,0
1729690937.7642217,2083,1729689916,893665536,/wgs84,0,0,0,0,65535,65535,0,0,0,2147483647,4294967295,4294967295,4294967295,-1,0,0
1729690937.864037,2084,1729689916,893665536,/wgs84,0,0,0,0,65535,65535,0,0,0,2147483647,4294967295,4294967295,4294967295,-1,0,0
1729690937.9657567,2085,1729689916,893659392,/wgs84,0,0,0,0,65535,65535,0,0,0,2147483647,4294967295,4294967295,4294967295,-1,0,0
1729690938.067919,2086,1729689916,893659392,/wgs84,0,0,0,0,65535,65535,0,0,0,2147483647,4294967295,4294967295,4294967295,-1,0,0
1729690938.1672127,2087,1729689916,893659392,/wgs84,0,0,0,0,65535,65535,0,0,0,2147483647,4294967295,4294967295,4294967295,-1,0,0
1729690938.268194,2088,1729689916,893663744,/wgs84,0,0,0,0,65535,65535,0,0,0,2147483647,4294967295,4294967295,4294967295,-1,0,0
1729690938.3730154,2089,1729689916,893662464,/wgs84,0,0,0,0,65535,65535,0,0,0,2147483647,4294967295,4294967295,4294967295,-1,0,0
1729690938.4715543,2090,1729689916,893663488,/wgs84,0,0,0,0,65535,65535,0,0,0,2147483647,4294967295,4294967295,4294967295,-1,0,0
1729690938.5683317,2091,1729689916,893662720,/wgs84,0,0,0,0,65535,65535,0,0,0,2147483647,4294967295,4294967295,4294967295,-1,0,0
1729690938.6740203,2092,1729689916,893660416,/wgs84,0,0,0,0,65535,65535,0,0,0,2147483647,4294967295,4294967295,4294967295,-1,0,0
1729690938.7720952,2093,1729689916,893659648,/wgs84,0,0,0,0,65535,65535,0,0,0,2147483647,4294967295,4294967295,4294967295,-1,0,0
1729690938.8720443,2094,1729689916,893658368,/wgs84,0,0,0,0,65535,65535,0,0,0,2147483647,4294967295,4294967295,4294967295,-1,0,0
1729690938.9707994,2095,1729689916,893658112,/wgs84,0,0,0,0,65535,65535,0,0,0,2147483647,4294967295,4294967295,4294967295,-1,0,0
1729690939.062249,2096,1729689916,893657600,/wgs84,0,0,0,0,65535,65535,0,0,0,2147483647,4294967295,4294967295,4294967295,-1,0,0
1729690939.1665633,2097,1729689916,893657088,/wgs84,0,0,0,0,65535,65535,0,0,0,2147483647,4294967295,4294967295,4294967295,-1,0,0
1729690939.2637472,2098,1729689916,893656576,/wgs84,0,0,0,0,65535,65535,0,0,0,2147483647,4294967295,4294967295,4294967295,-1,0,0
1729690939.3648434,2099,1729689916,893656064,/wgs84,0,0,0,0,65535,65535,0,0,0,2147483647,4294967295,4294967295,4294967295,-1,0,0
1729690939.4641273,2100,1729689916,893657088,/wgs84,0,0,0,0,65535,65535,0,0,0,2147483647,4294967295,4294967295,4294967295,-1,0,0
1729690939.5635078,2101,1729689916,893655296,/wgs84,0,0,0,0,65535,65535,0,0,0,2147483647,4294967295,4294967295,4294967295,-1,0,0
1729690939.6662846,2102,1729689916,893656576,/wgs84,0,0,0,0,65535,65535,0,0,0,2147483647,4294967295,4294967295,4294967295,-1,0,0
1729690939.762622,2103,1729689916,893654784,/wgs84,0,0,0,0,65535,65535,0,0,0,2147483647,4294967295,4294967295,4294967295,-1,0,0
1729690939.8636312,2104,1729689916,893654784,/wgs84,0,0,0,0,65535,65535,0,0,0,2147483647,4294967295,4294967295,4294967295,-1,0,0
1729690939.9638171,2105,1729689916,893651712,/wgs84,0,0,0,0,65535,65535,0,0,0,2147483647,4294967295,4294967295,4294967295,-1,0,0
1729690940.0627763,2106,1729689916,893650176,/wgs84,0,0,0,0,65535,65535,0,0,0,2147483647,4294967295,4294967295,4294967295,-1,0,0
1729690940.1663105,2107,1729689916,893643776,/wgs84,0,0,0,0,65535,65535,0,0,0,2147483647,4294967295,4294967295,4294967295,-1,0,0
1729690940.2630966,2108,1729689916,893647872,/wgs84,0,0,0,0,65535,65535,0,0,0,2147483647,4294967295,4294967295,4294967295,-1,0,0
1729690940.3614125,2109,1729689916,893652480,/wgs84,0,0,0,0,65535,65535,0,0,0,2147483647,4294967295,4294967295,4294967295,-1,0,0
1729690940.4633763,2110,1729689916,893653504,/wgs84,0,0,0,0,65535,65535,0,0,0,2147483647,4294967295,4294967295,4294967295,-1,0,0
1729690940.5651293,2111,1729689916,893654528,/wgs84,0,0,0,0,65535,65535,0,0,0,2147483647,4294967295,4294967295,4294967295,-1,0,0
1729690940.6622996,2112,1729689916,893656064,/wgs84,0,0,0,0,65535,65535,0,0,0,2147483647,4294967295,4294967295,4294967295,-1,0,0
1729690940.7656457,2113,1729689916,893654784,/wgs84,0,0,0,0,65535,65535,0,0,0,2147483647,4294967295,4294967295,4294967295,-1,0,0
1729690940.864418,2114,1729689916,893654528,/wgs84,0,0,0,0,65535,65535,0,0,0,2147483647,4294967295,4294967295,4294967295,-1,0,0
1729690940.9660683,2115,1729689916,893654528,/wgs84,0,0,0,0,65535,65535,0,0,0,2147483647,4294967295,4294967295,4294967295,-1,0,0
1729690941.0623727,2116,1729689916,893649664,/wgs84,0,0,0,0,65535,65535,0,0,0,2147483647,4294967295,4294967295,4294967295,-1,0,0
1729690941.1637676,2117,1729689916,893648128,/wgs84,0,0,0,0,65535,65535,0,0,0,2147483647,4294967295,4294967295,4294967295,-1,0,0
1729690941.2619433,2118,1729689916,893643520,/wgs84,0,0,0,0,65535,65535,0,0,0,2147483647,4294967295,4294967295,4294967295,-1,0,0
1729690941.3637888,2119,1729689916,893644288,/wgs84,0,0,0,0,65535,65535,0,0,0,2147483647,4294967295,4294967295,4294967295,-1,0,0
1729690941.4621556,2120,1729689916,893644288,/wgs84,0,0,0,0,65535,65535,0,0,0,2147483647,4294967295,4294967295,4294967295,-1,0,0
1729690941.566884,2121,1729689916,893642240,/wgs84,0,0,0,0,65535,65535,0,0,0,2147483647,4294967295,4294967295,4294967295,-1,0,0
1729690941.6642988,2122,1729689916,893640192,/wgs84,0,0,0,0,65535,65535,0,0,0,2147483647,4294967295,4294967295,4294967295,-1,0,0
1729690941.7618148,2123,1729689916,893639680,/wgs84,0,0,0,0,65535,65535,0,0,0,2147483647,4294967295,4294967295,4294967295,-1,0,0
1729690941.8643997,2124,1729689916,893641216,/wgs84,0,0,0,0,65535,65535,0,0,0,2147483647,4294967295,4294967295,4294967295,-1,0,0
1729690941.9614062,2125,1729689916,893638912,/wgs84,0,0,0,0,65535,65535,0,0,0,2147483647,4294967295,4294967295,4294967295,-1,0,0
1729690942.0649729,2126,1729689916,893633024,/wgs84,0,0,0,0,65535,65535,0,0,0,2147483647,4294967295,4294967295,4294967295,-1,0,0
1729690942.1628697,2127,1729689916,893628672,/wgs84,0,0,0,0,65535,65535,0,0,0,2147483647,4294967295,4294967295,4294967295,-1,0,0
1729690942.2640932,2128,1729689916,893627392,/wgs84,0,0,0,0,65535,65535,0,0,0,2147483647,4294967295,4294967295,4294967295,-1,0,0
1729690942.3638477,2129,1729689916,893627904,/wgs84,0,0,0,0,65535,65535,0,0,0,2147483647,4294967295,4294967295,4294967295,-1,0,0
1729690942.464067,2130,1729689916,893627904,/wgs84,0,0,0,0,65535,65535,0,0,0,2147483647,4294967295,4294967295,4294967295,-1,0,0
1729690942.56376,2131,1729689916,893626368,/wgs84,0,0,0,0,65535,65535,0,0,0,2147483647,4294967295,4294967295,4294967295,-1,0,0
1729690942.6624103,2132,1729689916,893626368,/wgs84,0,0,0,0,65535,65535,0,0,0,2147483647,4294967295,4294967295,4294967295,-1,0,0
1729690942.7654126,2133,1729689916,893624576,/wgs84,0,0,0,0,65535,65535,0,0,0,2147483647,4294967295,4294967295,4294967295,-1,0,0
1729690942.864193,2134,1729689916,893626880,/wgs84,0,0,0,0,65535,65535,0,0,0,2147483647,4294967295,4294967295,4294967295,-1,0,0
1729690942.9627097,2135,1729689916,893625344,/wgs84,0,0,0,0,65535,65535,0,0,0,2147483647,4294967295,4294967295,4294967295,-1,0,0
1729690943.0648723,2136,1729689916,893621248,/wgs84,0,0,0,0,65535,65535,0,0,0,2147483647,4294967295,4294967295,4294967295,-1,0,0
1729690943.1653197,2137,1729689916,893620992,/wgs84,0,0,0,0,65535,65535,0,0,0,2147483647,4294967295,4294967295,4294967295,-1,0,0
1729690943.265082,2138,1729689916,893619456,/wgs84,0,0,0,0,65535,65535,0,0,0,2147483647,4294967295,4294967295,4294967295,-1,0,0
1729690943.364637,2139,1729689916,893618688,/wgs84,0,0,0,0,65535,65535,0,0,0,2147483647,4294967295,4294967295,4294967295,-1,0,0
1729690943.4639494,2140,1729689916,893614080,/wgs84,0,0,0,0,65535,65535,0,0,0,2147483647,4294967295,4294967295,4294967295,-1,0,0
1729690943.5623243,2141,1729689916,893611520,/wgs84,0,0,0,0,65535,65535,0,0,0,2147483647,4294967295,4294967295,4294967295,-1,0,0
1729690943.661953,2142,1729689916,893605888,/wgs84,0,0,0,0,65535,65535,0,0,0,2147483647,4294967295,4294967295,4294967295,-1,0,0
1729690943.765159,2143,1729689916,893597696,/wgs84,0,0,0,0,65535,65535,0,0,0,2147483647,4294967295,4294967295,4294967295,-1,0,0
1729690943.8656678,2144,1729689916,893589248,/wgs84,0,0,0,0,65535,65535,0,0,0,2147483647,4294967295,4294967295,4294967295,-1,0,0
1729690943.9617624,2145,1729689916,893582592,/wgs84,0,0,0,0,65535,65535,0,0,0,2147483647,4294967295,4294967295,4294967295,-1,0,0
1729690944.0673468,2146,1729689916,893577216,/wgs84,0,0,0,0,65535,65535,0,0,0,2147483647,4294967295,4294967295,4294967295,-1,0,0
1729690944.1694694,2147,1729689916,893573888,/wgs84,0,0,0,0,65535,65535,0,0,0,2147483647,4294967295,4294967295,4294967295,-1,0,0
1729690944.2680788,2148,1729689916,893572608,/wgs84,0,0,0,0,65535,65535,0,0,0,2147483647,4294967295,4294967295,4294967295,-1,0,0
1729690944.3686054,2149,1729689916,893573120,/wgs84,0,0,0,0,65535,65535,0,0,0,2147483647,4294967295,4294967295,4294967295,-1,0,0
1729690944.4652748,2150,1729689916,893578240,/wgs84,0,0,0,0,65535,65535,0,0,0,2147483647,4294967295,4294967295,4294967295,-1,0,0
1729690944.5710657,2151,1729689916,893574912,/wgs84,0,0,0,0,65535,65535,0,0,0,2147483647,4294967295,4294967295,4294967295,-1,0,0
1729690944.668515,2152,1729689916,893572096,/wgs84,0,0,0,0,65535,65535,0,0,0,2147483647,4294967295,4294967295,4294967295,-1,0,0
1729690944.7699714,2153,1729689916,893572096,/wgs84,0,0,0,0,65535,65535,0,0,0,2147483647,4294967295,4294967295,4294967295,-1,0,0
1729690944.8679004,2154,1729689916,893570816,/wgs84,0,0,0,0,65535,65535,0,0,0,2147483647,4294967295,4294967295,4294967295,-1,0,0
1729690944.9678888,2155,1729689916,893571584,/wgs84,0,0,0,0,65535,65535,0,0,0,2147483647,4294967295,4294967295,4294967295,-1,0,0
1729690945.0666087,2156,1729689916,893566976,/wgs84,0,0,0,0,65535,65535,0,0,0,2147483647,4294967295,4294967295,4294967295,-1,0,0
1729690945.1650007,2157,1729689916,893568000,/wgs84,0,0,0,0,65535,65535,0,0,0,2147483647,4294967295,4294967295,4294967295,-1,0,0
1729690945.2644246,2158,1729689916,893566976,/wgs84,0,0,0,0,65535,65535,0,0,0,2147483647,4294967295,4294967295,4294967295,-1,0,0
1729690945.362503,2159,1729689916,893566720,/wgs84,0,0,0,0,65535,65535,0,0,0,2147483647,4294967295,4294967295,4294967295,-1,0,0
1729690945.4666598,2160,1729689916,893566208,/wgs84,0,0,0,0,65535,65535,0,0,0,2147483647,4294967295,4294967295,4294967295,-1,0,0
1729690945.5644405,2161,1729689916,893567488,/wgs84,0,0,0,0,65535,65535,0,0,0,2147483647,4294967295,4294967295,4294967295,-1,0,0
1729690945.6653652,2162,1729689916,893565696,/wgs84,0,0,0,0,65535,65535,0,0,0,2147483647,4294967295,4294967295,4294967295,-1,0,0
1729690945.7662911,2163,1729689916,893563904,/wgs84,0,0,0,0,65535,65535,0,0,0,2147483647,4294967295,4294967295,4294967295,-1,0,0
1729690945.8639252,2164,1729689916,893563392,/wgs84,0,0,0,0,65535,65535,0,0,0,2147483647,4294967295,4294967295,4294967295,-1,0,0
1729690945.964811,2165,1729689916,893561856,/wgs84,0,0,0,0,65535,65535,0,0,0,2147483647,4294967295,4294967295,4294967295,-1,0,0
1729690946.0635743,2166,1729689916,893561600,/wgs84,0,0,0,0,65535,65535,0,0,0,2147483647,4294967295,4294967295,4294967295,-1,0,0
1729690946.1639493,2167,1729689916,893560064,/wgs84,0,0,0,0,65535,65535,0,0,0,2147483647,4294967295,4294967295,4294967295,-1,0,0
1729690946.2649565,2168,1729689916,893558272,/wgs84,0,0,0,0,65535,65535,0,0,0,2147483647,4294967295,4294967295,4294967295,-1,0,0
1729690946.3623636,2169,1729689916,893556736,/wgs84,0,0,0,0,65535,65535,0,0,0,2147483647,4294967295,4294967295,4294967295,-1,0,0
