Time,header.seq,header.stamp.secs,header.stamp.nsecs,header.frame_id,voltage,temperature,current,charge,capacity,design_capacity,percentage,power_supply_status,power_supply_health,power_supply_technology,present,cell_voltage_0,location,serial_number
1729690891.1229289,1616,1729690890,983742692,,0.020999999716877937,0.0,0.009999999776482582,nan,nan,nan,-0.009999999776482582,2,0,0,True,0.020999999716877937,id0,
1729690891.1234024,1617,1729690891,83716674,,0.020999999716877937,0.0,0.009999999776482582,nan,nan,nan,-0.009999999776482582,2,0,0,True,0.020999999716877937,id0,
1729690891.1732438,1618,1729690891,172380414,,0.019999999552965164,0.0,0.009999999776482582,nan,nan,nan,-0.009999999776482582,2,0,0,True,0.019999999552965164,id0,
1729690891.2721367,1619,1729690891,271394081,,0.01600000075995922,0.0,0.009999999776482582,nan,nan,nan,-0.009999999776482582,2,0,0,True,0.01600000075995922,id0,
1729690891.387133,1620,1729690891,386065933,,0.019999999552965164,0.0,0.009999999776482582,nan,nan,nan,-0.009999999776482582,2,0,0,True,0.019999999552965164,id0,
1729690891.4722526,1621,1729690891,471819822,,0.01600000075995922,0.0,0.009999999776482582,nan,nan,nan,-0.009999999776482582,2,0,0,True,0.01600000075995922,id0,
1729690891.5800884,1622,1729690891,579139025,,0.014000000432133675,0.0,0.009999999776482582,nan,nan,nan,-0.009999999776482582,2,0,0,True,0.014000000432133675,id0,
1729690891.6742902,1623,1729690891,673781081,,0.020999999716877937,0.0,0.009999999776482582,nan,nan,nan,-0.009999999776482582,2,0,0,True,0.020999999716877937,id0,
1729690891.777298,1624,1729690891,775991377,,0.017999999225139618,0.0,0.009999999776482582,nan,nan,nan,-0.009999999776482582,2,0,0,True,0.017999999225139618,id0,
1729690891.8743927,1625,1729690891,872139877,,0.01600000075995922,0.0,0.009999999776482582,nan,nan,nan,-0.009999999776482582,2,0,0,True,0.01600000075995922,id0,
1729690891.9698694,1626,1729690891,968073340,,0.020999999716877937,0.0,0.009999999776482582,nan,nan,nan,-0.009999999776482582,2,0,0,True,0.020999999716877937,id0,
1729690892.0727775,1627,1729690892,71060562,,0.02199999988079071,0.0,0.009999999776482582,nan,nan,nan,-0.009999999776482582,2,0,0,True,0.02199999988079071,id0,
1729690892.1700332,1628,1729690892,169047877,,0.009999999776482582,0.0,0.009999999776482582,nan,nan,nan,-0.009999999776482582,2,0,0,True,0.009999999776482582,id0,
1729690892.270254,1629,1729690892,269822081,,0.01899999938905239,0.0,0.009999999776482582,nan,nan,nan,-0.009999999776482582,2,0,0,True,0.01899999938905239,id0,
1729690892.371092,1630,1729690892,370820136,,0.014999999664723873,0.0,0.009999999776482582,nan,nan,nan,-0.009999999776482582,2,0,0,True,0.014999999664723873,id0,
1729690892.4706388,1631,1729690892,469468784,,0.019999999552965164,0.0,0.009999999776482582,nan,nan,nan,-0.009999999776482582,2,0,0,True,0.019999999552965164,id0,
1729690892.5719137,1632,1729690892,570998228,,0.014999999664723873,0.0,0.009999999776482582,nan,nan,nan,-0.009999999776482582,2,0,0,True,0.014999999664723873,id0,
1729690892.6803641,1633,1729690892,679106802,,0.01600000075995922,0.0,0.009999999776482582,nan,nan,nan,-0.009999999776482582,2,0,0,True,0.01600000075995922,id0,
1729690892.7723243,1634,1729690892,771122025,,0.02199999988079071,0.0,0.009999999776482582,nan,nan,nan,-0.009999999776482582,2,0,0,True,0.02199999988079071,id0,
1729690892.872898,1635,1729690892,872234895,,0.014999999664723873,0.0,0.009999999776482582,nan,nan,nan,-0.009999999776482582,2,0,0,True,0.014999999664723873,id0,
1729690892.9901571,1636,1729690892,989052580,,0.014999999664723873,0.0,0.009999999776482582,nan,nan,nan,-0.009999999776482582,2,0,0,True,0.014999999664723873,id0,
1729690893.0800624,1637,1729690893,79295450,,0.014999999664723873,0.0,0.009999999776482582,nan,nan,nan,-0.009999999776482582,2,0,0,True,0.014999999664723873,id0,
1729690893.1702807,1638,1729690893,169347654,,0.020999999716877937,0.0,0.009999999776482582,nan,nan,nan,-0.009999999776482582,2,0,0,True,0.020999999716877937,id0,
1729690893.2698717,1639,1729690893,269120450,,0.017999999225139618,0.0,0.009999999776482582,nan,nan,nan,-0.009999999776482582,2,0,0,True,0.017999999225139618,id0,
1729690893.3695972,1640,1729690893,369056691,,0.013000000268220901,0.0,0.009999999776482582,nan,nan,nan,-0.009999999776482582,2,0,0,True,0.013000000268220901,id0,
1729690893.4695303,1641,1729690893,469050339,,0.013000000268220901,0.0,0.009999999776482582,nan,nan,nan,-0.009999999776482582,2,0,0,True,0.013000000268220901,id0,
1729690893.5697865,1642,1729690893,569098302,,0.010999999940395355,0.0,0.009999999776482582,nan,nan,nan,-0.009999999776482582,2,0,0,True,0.010999999940395355,id0,
1729690893.6679478,1643,1729690893,667289969,,0.020999999716877937,0.0,0.009999999776482582,nan,nan,nan,-0.009999999776482582,2,0,0,True,0.020999999716877937,id0,
1729690893.7716033,1644,1729690893,771101450,,0.013000000268220901,0.0,0.009999999776482582,nan,nan,nan,-0.009999999776482582,2,0,0,True,0.013000000268220901,id0,
1729690893.868144,1645,1729690893,867151857,,0.014000000432133675,0.0,0.009999999776482582,nan,nan,nan,-0.009999999776482582,2,0,0,True,0.014000000432133675,id0,
1729690893.9691272,1646,1729690893,967644191,,0.017999999225139618,0.0,0.009999999776482582,nan,nan,nan,-0.009999999776482582,2,0,0,True,0.017999999225139618,id0,
1729690894.0739174,1647,1729690894,73169024,,0.012000000104308128,0.0,0.009999999776482582,nan,nan,nan,-0.009999999776482582,2,0,0,True,0.012000000104308128,id0,
1729690894.1698983,1648,1729690894,169330672,,0.014999999664723873,0.0,0.009999999776482582,nan,nan,nan,-0.009999999776482582,2,0,0,True,0.014999999664723873,id0,
1729690894.2751484,1649,1729690894,273810635,,0.013000000268220901,0.0,0.009999999776482582,nan,nan,nan,-0.009999999776482582,2,0,0,True,0.013000000268220901,id0,
1729690894.3697646,1650,1729690894,369212153,,0.013000000268220901,0.0,0.009999999776482582,nan,nan,nan,-0.009999999776482582,2,0,0,True,0.013000000268220901,id0,
1729690894.471181,1651,1729690894,470454542,,0.014999999664723873,0.0,0.009999999776482582,nan,nan,nan,-0.009999999776482582,2,0,0,True,0.014999999664723873,id0,
1729690894.571271,1652,1729690894,570459653,,0.017000000923871994,0.0,0.009999999776482582,nan,nan,nan,-0.009999999776482582,2,0,0,True,0.017000000923871994,id0,
1729690894.6713111,1653,1729690894,670517894,,0.014999999664723873,0.0,0.009999999776482582,nan,nan,nan,-0.009999999776482582,2,0,0,True,0.014999999664723873,id0,
1729690894.7714093,1654,1729690894,770495190,,0.013000000268220901,0.0,0.009999999776482582,nan,nan,nan,-0.009999999776482582,2,0,0,True,0.013000000268220901,id0,
1729690894.870509,1655,1729690894,868625116,,0.006000000052154064,0.0,0.009999999776482582,nan,nan,nan,-0.009999999776482582,2,0,0,True,0.006000000052154064,id0,
1729690894.9781387,1656,1729690894,976651431,,0.009999999776482582,0.0,0.009999999776482582,nan,nan,nan,-0.009999999776482582,2,0,0,True,0.009999999776482582,id0,
1729690895.0687509,1657,1729690895,68285394,,0.010999999940395355,0.0,0.009999999776482582,nan,nan,nan,-0.009999999776482582,2,0,0,True,0.010999999940395355,id0,
1729690895.1872442,1658,1729690895,186511523,,0.004000000189989805,0.0,0.009999999776482582,nan,nan,nan,-0.009999999776482582,2,0,0,True,0.004000000189989805,id0,
1729690895.2730114,1659,1729690895,272324227,,0.014999999664723873,0.0,0.009999999776482582,nan,nan,nan,-0.009999999776482582,2,0,0,True,0.014999999664723873,id0,
1729690895.3680098,1660,1729690895,367341801,,0.00800000037997961,0.0,0.009999999776482582,nan,nan,nan,-0.009999999776482582,2,0,0,True,0.00800000037997961,id0,
1729690895.4733446,1661,1729690895,471362079,,0.00800000037997961,0.0,0.009999999776482582,nan,nan,nan,-0.009999999776482582,2,0,0,True,0.00800000037997961,id0,
1729690895.5700934,1662,1729690895,569396504,,0.008999999612569809,0.0,0.009999999776482582,nan,nan,nan,-0.009999999776482582,2,0,0,True,0.008999999612569809,id0,
1729690895.6711175,1663,1729690895,669628875,,0.017000000923871994,0.0,0.009999999776482582,nan,nan,nan,-0.009999999776482582,2,0,0,True,0.017000000923871994,id0,
1729690895.7701435,1664,1729690895,769420727,,0.017000000923871994,0.0,0.009999999776482582,nan,nan,nan,-0.009999999776482582,2,0,0,True,0.017000000923871994,id0,
1729690895.8719523,1665,1729690895,870764486,,0.008999999612569809,0.0,0.009999999776482582,nan,nan,nan,-0.009999999776482582,2,0,0,True,0.008999999612569809,id0,
1729690895.9707115,1666,1729690895,970369949,,0.007000000216066837,0.0,0.009999999776482582,nan,nan,nan,-0.009999999776482582,2,0,0,True,0.007000000216066837,id0,
1729690896.0688193,1667,1729690896,68432912,,0.007000000216066837,0.0,0.009999999776482582,nan,nan,nan,-0.009999999776482582,2,0,0,True,0.007000000216066837,id0,
1729690896.172004,1668,1729690896,171600523,,0.00800000037997961,0.0,0.009999999776482582,nan,nan,nan,-0.009999999776482582,2,0,0,True,0.00800000037997961,id0,
1729690896.2740061,1669,1729690896,273599208,,0.013000000268220901,0.0,0.009999999776482582,nan,nan,nan,-0.009999999776482582,2,0,0,True,0.013000000268220901,id0,
1729690896.3688385,1670,1729690896,368430393,,0.012000000104308128,0.0,0.009999999776482582,nan,nan,nan,-0.009999999776482582,2,0,0,True,0.012000000104308128,id0,
1729690896.4697442,1671,1729690896,469429745,,0.00800000037997961,0.0,0.009999999776482582,nan,nan,nan,-0.009999999776482582,2,0,0,True,0.00800000037997961,id0,
1729690896.5676634,1672,1729690896,566726133,,0.010999999940395355,0.0,0.009999999776482582,nan,nan,nan,-0.009999999776482582,2,0,0,True,0.010999999940395355,id0,
1729690896.668737,1673,1729690896,666905837,,0.012000000104308128,0.0,0.009999999776482582,nan,nan,nan,-0.009999999776482582,2,0,0,True,0.012000000104308128,id0,
1729690896.7702563,1674,1729690896,769537319,,0.012000000104308128,0.0,0.009999999776482582,nan,nan,nan,-0.009999999776482582,2,0,0,True,0.012000000104308128,id0,
1729690896.8743813,1675,1729690896,871961541,,0.012000000104308128,0.0,0.009999999776482582,nan,nan,nan,-0.009999999776482582,2,0,0,True,0.012000000104308128,id0,
1729690896.9841623,1676,1729690896,979781800,,0.017000000923871994,0.0,0.009999999776482582,nan,nan,nan,-0.009999999776482582,2,0,0,True,0.017000000923871994,id0,
1729690897.0715337,1677,1729690897,69954837,,0.00800000037997961,0.0,0.009999999776482582,nan,nan,nan,-0.009999999776482582,2,0,0,True,0.00800000037997961,id0,
1729690897.1720688,1678,1729690897,171697966,,0.014999999664723873,0.0,0.009999999776482582,nan,nan,nan,-0.009999999776482582,2,0,0,True,0.014999999664723873,id0,
1729690897.2684987,1679,1729690897,267817633,,0.012000000104308128,0.0,0.009999999776482582,nan,nan,nan,-0.009999999776482582,2,0,0,True,0.012000000104308128,id0,
1729690897.3809352,1680,1729690897,380627522,,0.01600000075995922,0.0,0.009999999776482582,nan,nan,nan,-0.009999999776482582,2,0,0,True,0.01600000075995922,id0,
1729690897.4677212,1681,1729690897,466586707,,0.013000000268220901,0.0,0.009999999776482582,nan,nan,nan,-0.009999999776482582,2,0,0,True,0.013000000268220901,id0,
1729690897.5730162,1682,1729690897,572575485,,0.020999999716877937,0.0,0.009999999776482582,nan,nan,nan,-0.009999999776482582,2,0,0,True,0.020999999716877937,id0,
1729690897.6680384,1683,1729690897,667673781,,0.023000000044703484,0.0,0.009999999776482582,nan,nan,nan,-0.009999999776482582,2,0,0,True,0.023000000044703484,id0,
1729690897.7732973,1684,1729690897,772717299,,0.02199999988079071,0.0,0.009999999776482582,nan,nan,nan,-0.009999999776482582,2,0,0,True,0.02199999988079071,id0,
1729690897.8701992,1685,1729690897,869757670,,0.02199999988079071,0.0,0.009999999776482582,nan,nan,nan,-0.009999999776482582,2,0,0,True,0.012000000104308128,id0,
1729690897.9744618,1686,1729690897,973009392,,0.012000000104308128,0.0,0.009999999776482582,nan,nan,nan,-0.009999999776482582,2,0,0,True,0.01899999938905239,id0,
1729690898.07243,1687,1729690898,71226503,,0.01899999938905239,0.0,0.009999999776482582,nan,nan,nan,-0.009999999776482582,2,0,0,True,0.026000000536441803,id0,
1729690898.170659,1688,1729690898,170002003,,0.026000000536441803,0.0,0.009999999776482582,nan,nan,nan,-0.009999999776482582,2,0,0,True,0.01899999938905239,id0,
1729690898.274982,1689,1729690898,272291781,,0.01899999938905239,0.0,0.009999999776482582,nan,nan,nan,-0.009999999776482582,2,0,0,True,0.020999999716877937,id0,
1729690898.3711848,1690,1729690898,369787725,,0.020999999716877937,0.0,0.009999999776482582,nan,nan,nan,-0.009999999776482582,2,0,0,True,0.017000000923871994,id0,
1729690898.4706812,1691,1729690898,469986577,,0.017000000923871994,0.0,0.009999999776482582,nan,nan,nan,-0.009999999776482582,2,0,0,True,0.017000000923871994,id0,
1729690898.5713687,1692,1729690898,570788929,,0.017000000923871994,0.0,0.009999999776482582,nan,nan,nan,-0.009999999776482582,2,0,0,True,0.017999999225139618,id0,
1729690898.6734357,1693,1729690898,672791966,,0.017999999225139618,0.0,0.009999999776482582,nan,nan,nan,-0.009999999776482582,2,0,0,True,0.014999999664723873,id0,
1729690898.7701318,1694,1729690898,769200484,,0.014999999664723873,0.0,0.009999999776482582,nan,nan,nan,-0.009999999776482582,2,0,0,True,0.014999999664723873,id0,
1729690898.873498,1695,1729690898,872853040,,0.017999999225139618,0.0,0.009999999776482582,nan,nan,nan,-0.009999999776482582,2,0,0,True,0.017000000923871994,id0,
1729690898.967582,1696,1729690898,967024243,,0.017000000923871994,0.0,0.009999999776482582,nan,nan,nan,-0.009999999776482582,2,0,0,True,0.017000000923871994,id0,
1729690899.0693448,1697,1729690899,68839836,,0.014999999664723873,0.0,0.009999999776482582,nan,nan,nan,-0.009999999776482582,2,0,0,True,0.014999999664723873,id0,
1729690899.170512,1698,1729690899,169980113,,0.009999999776482582,0.0,0.009999999776482582,nan,nan,nan,-0.009999999776482582,2,0,0,True,0.009999999776482582,id0,
1729690899.2691777,1699,1729690899,268819021,,0.01600000075995922,0.0,0.009999999776482582,nan,nan,nan,-0.009999999776482582,2,0,0,True,0.01600000075995922,id0,
1729690899.3711655,1700,1729690899,370836465,,0.017000000923871994,0.0,0.009999999776482582,nan,nan,nan,-0.009999999776482582,2,0,0,True,0.017000000923871994,id0,
1729690899.4688852,1701,1729690899,468151835,,0.014000000432133675,0.0,0.009999999776482582,nan,nan,nan,-0.009999999776482582,2,0,0,True,0.014000000432133675,id0,
1729690899.5661173,1702,1729690899,565862817,,0.014999999664723873,0.0,0.009999999776482582,nan,nan,nan,-0.009999999776482582,2,0,0,True,0.014999999664723873,id0,
1729690899.6717432,1703,1729690899,671126002,,0.00800000037997961,0.0,0.009999999776482582,nan,nan,nan,-0.009999999776482582,2,0,0,True,0.00800000037997961,id0,
1729690899.772627,1704,1729690899,771985483,,0.006000000052154064,0.0,0.009999999776482582,nan,nan,nan,-0.009999999776482582,2,0,0,True,0.006000000052154064,id0,
1729690899.868177,1705,1729690899,867274539,,0.013000000268220901,0.0,0.009999999776482582,nan,nan,nan,-0.009999999776482582,2,0,0,True,0.013000000268220901,id0,
1729690899.9722745,1706,1729690899,971296131,,0.014999999664723873,0.0,0.009999999776482582,nan,nan,nan,-0.009999999776482582,2,0,0,True,0.014999999664723873,id0,
1729690900.0716798,1707,1729690900,71026539,,0.013000000268220901,0.0,0.009999999776482582,nan,nan,nan,-0.009999999776482582,2,0,0,True,0.013000000268220901,id0,
1729690900.1680677,1708,1729690900,167251539,,0.008999999612569809,0.0,0.009999999776482582,nan,nan,nan,-0.009999999776482582,2,0,0,True,0.008999999612569809,id0,
1729690900.2725613,1709,1729690900,272078150,,0.010999999940395355,0.0,0.009999999776482582,nan,nan,nan,-0.009999999776482582,2,0,0,True,0.010999999940395355,id0,
1729690900.3682513,1710,1729690900,366540131,,0.014000000432133675,0.0,0.009999999776482582,nan,nan,nan,-0.009999999776482582,2,0,0,True,0.014000000432133675,id0,
1729690900.4711976,1711,1729690900,470209724,,0.013000000268220901,0.0,0.009999999776482582,nan,nan,nan,-0.009999999776482582,2,0,0,True,0.013000000268220901,id0,
1729690900.5696316,1712,1729690900,569082446,,0.013000000268220901,0.0,0.009999999776482582,nan,nan,nan,-0.009999999776482582,2,0,0,True,0.013000000268220901,id0,
1729690900.6702795,1713,1729690900,669355279,,0.012000000104308128,0.0,0.009999999776482582,nan,nan,nan,-0.009999999776482582,2,0,0,True,0.012000000104308128,id0,
1729690900.7719676,1714,1729690900,771288687,,0.014999999664723873,0.0,0.009999999776482582,nan,nan,nan,-0.009999999776482582,2,0,0,True,0.014999999664723873,id0,
1729690900.8770244,1715,1729690900,876264020,,0.017000000923871994,0.0,0.009999999776482582,nan,nan,nan,-0.009999999776482582,2,0,0,True,0.017000000923871994,id0,
1729690900.9732556,1716,1729690900,972336686,,0.014999999664723873,0.0,0.009999999776482582,nan,nan,nan,-0.009999999776482582,2,0,0,True,0.014999999664723873,id0,
1729690901.0717752,1717,1729690901,71123779,,0.014000000432133675,0.0,0.009999999776482582,nan,nan,nan,-0.009999999776482582,2,0,0,True,0.014000000432133675,id0,
1729690901.172825,1718,1729690901,172183501,,0.014000000432133675,0.0,0.009999999776482582,nan,nan,nan,-0.009999999776482582,2,0,0,True,0.014000000432133675,id0,
1729690901.2773182,1719,1729690901,276490853,,0.017999999225139618,0.0,0.009999999776482582,nan,nan,nan,-0.009999999776482582,2,0,0,True,0.017999999225139618,id0,
1729690901.3762069,1720,1729690901,375488501,,0.014999999664723873,0.0,0.009999999776482582,nan,nan,nan,-0.009999999776482582,2,0,0,True,0.014999999664723873,id0,
1729690901.4788294,1721,1729690901,477425797,,0.01600000075995922,0.0,0.009999999776482582,nan,nan,nan,-0.009999999776482582,2,0,0,True,0.01600000075995922,id0,
1729690901.5772493,1722,1729690901,576372779,,0.010999999940395355,0.0,0.009999999776482582,nan,nan,nan,-0.009999999776482582,2,0,0,True,0.010999999940395355,id0,
1729690901.6788158,1723,1729690901,677472223,,0.013000000268220901,0.0,0.009999999776482582,nan,nan,nan,-0.009999999776482582,2,0,0,True,0.013000000268220901,id0,
1729690901.7769694,1724,1729690901,776428242,,0.017000000923871994,0.0,0.009999999776482582,nan,nan,nan,-0.009999999776482582,2,0,0,True,0.017000000923871994,id0,
1729690901.876007,1725,1729690901,875282612,,0.013000000268220901,0.0,0.009999999776482582,nan,nan,nan,-0.009999999776482582,2,0,0,True,0.013000000268220901,id0,
1729690901.9786785,1726,1729690901,977535260,,0.017000000923871994,0.0,0.009999999776482582,nan,nan,nan,-0.009999999776482582,2,0,0,True,0.017000000923871994,id0,
1729690902.0784447,1727,1729690902,77552964,,0.008999999612569809,0.0,0.009999999776482582,nan,nan,nan,-0.009999999776482582,2,0,0,True,0.008999999612569809,id0,
1729690902.1733263,1728,1729690902,172541741,,0.012000000104308128,0.0,0.009999999776482582,nan,nan,nan,-0.009999999776482582,2,0,0,True,0.012000000104308128,id0,
1729690902.2710521,1729,1729690902,270365704,,0.01600000075995922,0.0,0.009999999776482582,nan,nan,nan,-0.009999999776482582,2,0,0,True,0.01600000075995922,id0,
1729690902.36898,1730,1729690902,366468778,,0.01600000075995922,0.0,0.009999999776482582,nan,nan,nan,-0.009999999776482582,2,0,0,True,0.01600000075995922,id0,
1729690902.4740481,1731,1729690902,473345723,,0.012000000104308128,0.0,0.009999999776482582,nan,nan,nan,-0.009999999776482582,2,0,0,True,0.012000000104308128,id0,
1729690902.5717435,1732,1729690902,570520630,,0.017999999225139618,0.0,0.009999999776482582,nan,nan,nan,-0.009999999776482582,2,0,0,True,0.017999999225139618,id0,
1729690902.671073,1733,1729690902,670407056,,0.009999999776482582,0.0,0.009999999776482582,nan,nan,nan,-0.009999999776482582,2,0,0,True,0.009999999776482582,id0,
1729690902.7733355,1734,1729690902,772663574,,0.009999999776482582,0.0,0.009999999776482582,nan,nan,nan,-0.009999999776482582,2,0,0,True,0.009999999776482582,id0,
1729690902.870662,1735,1729690902,869233556,,0.019999999552965164,0.0,0.009999999776482582,nan,nan,nan,-0.009999999776482582,2,0,0,True,0.019999999552965164,id0,
1729690902.970112,1736,1729690902,969430982,,0.010999999940395355,0.0,0.009999999776482582,nan,nan,nan,-0.009999999776482582,2,0,0,True,0.010999999940395355,id0,
1729690903.0725772,1737,1729690903,71590093,,0.010999999940395355,0.0,0.009999999776482582,nan,nan,nan,-0.009999999776482582,2,0,0,True,0.010999999940395355,id0,
1729690903.1730716,1738,1729690903,172443722,,0.017000000923871994,0.0,0.009999999776482582,nan,nan,nan,-0.009999999776482582,2,0,0,True,0.017000000923871994,id0,
1729690903.2705214,1739,1729690903,269725648,,0.017000000923871994,0.0,0.009999999776482582,nan,nan,nan,-0.009999999776482582,2,0,0,True,0.017000000923871994,id0,
1729690903.373164,1740,1729690903,372496352,,0.013000000268220901,0.0,0.009999999776482582,nan,nan,nan,-0.009999999776482582,2,0,0,True,0.013000000268220901,id0,
1729690903.4678128,1741,1729690903,466805500,,0.014000000432133675,0.0,0.009999999776482582,nan,nan,nan,-0.009999999776482582,2,0,0,True,0.014000000432133675,id0,
1729690903.5742157,1742,1729690903,573646555,,0.014000000432133675,0.0,0.009999999776482582,nan,nan,nan,-0.009999999776482582,2,0,0,True,0.014000000432133675,id0,
1729690903.6709049,1743,1729690903,669718148,,0.009999999776482582,0.0,0.009999999776482582,nan,nan,nan,-0.009999999776482582,2,0,0,True,0.009999999776482582,id0,
1729690903.7708747,1744,1729690903,769021851,,0.017000000923871994,0.0,0.009999999776482582,nan,nan,nan,-0.009999999776482582,2,0,0,True,0.017000000923871994,id0,
1729690903.8725224,1745,1729690903,871012592,,0.009999999776482582,0.0,0.009999999776482582,nan,nan,nan,-0.009999999776482582,2,0,0,True,0.009999999776482582,id0,
1729690903.970246,1746,1729690903,969580074,,0.009999999776482582,0.0,0.009999999776482582,nan,nan,nan,-0.009999999776482582,2,0,0,True,0.017999999225139618,id0,
1729690904.0691142,1747,1729690904,68582314,,0.017999999225139618,0.0,0.009999999776482582,nan,nan,nan,-0.009999999776482582,2,0,0,True,0.017000000923871994,id0,
1729690904.170286,1748,1729690904,169612870,,0.017000000923871994,0.0,0.009999999776482582,nan,nan,nan,-0.009999999776482582,2,0,0,True,0.012000000104308128,id0,
1729690904.269289,1749,1729690904,268618814,,0.012000000104308128,0.0,0.009999999776482582,nan,nan,nan,-0.009999999776482582,2,0,0,True,0.008999999612569809,id0,
1729690904.3737414,1750,1729690904,372869240,,0.008999999612569809,0.0,0.009999999776482582,nan,nan,nan,-0.009999999776482582,2,0,0,True,0.014000000432133675,id0,
1729690904.4702451,1751,1729690904,469661870,,0.014000000432133675,0.0,0.009999999776482582,nan,nan,nan,-0.009999999776482582,2,0,0,True,0.01600000075995922,id0,
1729690904.5696476,1752,1729690904,568901851,,0.01600000075995922,0.0,0.009999999776482582,nan,nan,nan,-0.009999999776482582,2,0,0,True,0.014999999664723873,id0,
1729690904.670726,1753,1729690904,669825221,,0.014999999664723873,0.0,0.009999999776482582,nan,nan,nan,-0.009999999776482582,2,0,0,True,0.008999999612569809,id0,
1729690904.7717693,1754,1729690904,770934221,,0.008999999612569809,0.0,0.009999999776482582,nan,nan,nan,-0.009999999776482582,2,0,0,True,0.010999999940395355,id0,
1729690904.8737216,1755,1729690904,872965647,,0.010999999940395355,0.0,0.009999999776482582,nan,nan,nan,-0.009999999776482582,2,0,0,True,0.017999999225139618,id0,
1729690904.967955,1756,1729690904,966980369,,0.017999999225139618,0.0,0.009999999776482582,nan,nan,nan,-0.009999999776482582,2,0,0,True,0.017999999225139618,id0,
1729690905.0718203,1757,1729690905,70983240,,0.017000000923871994,0.0,0.009999999776482582,nan,nan,nan,-0.009999999776482582,2,0,0,True,0.017000000923871994,id0,
1729690905.171169,1758,1729690905,169877184,,0.017000000923871994,0.0,0.009999999776482582,nan,nan,nan,-0.009999999776482582,2,0,0,True,0.017000000923871994,id0,
1729690905.2698362,1759,1729690905,268952184,,0.014999999664723873,0.0,0.009999999776482582,nan,nan,nan,-0.009999999776482582,2,0,0,True,0.014999999664723873,id0,
1729690905.3726587,1760,1729690905,370432406,,0.006000000052154064,0.0,0.009999999776482582,nan,nan,nan,-0.009999999776482582,2,0,0,True,0.006000000052154064,id0,
1729690905.4743662,1761,1729690905,473778999,,0.009999999776482582,0.0,0.009999999776482582,nan,nan,nan,-0.009999999776482582,2,0,0,True,0.009999999776482582,id0,
1729690905.5691233,1762,1729690905,568128128,,0.01600000075995922,0.0,0.009999999776482582,nan,nan,nan,-0.009999999776482582,2,0,0,True,0.01600000075995922,id0,
1729690905.6681423,1763,1729690905,666963110,,0.006000000052154064,0.0,0.009999999776482582,nan,nan,nan,-0.009999999776482582,2,0,0,True,0.006000000052154064,id0,
1729690905.772133,1764,1729690905,771163221,,0.014000000432133675,0.0,0.009999999776482582,nan,nan,nan,-0.009999999776482582,2,0,0,True,0.014000000432133675,id0,
1729690905.8722894,1765,1729690905,871247239,,0.00800000037997961,0.0,0.009999999776482582,nan,nan,nan,-0.009999999776482582,2,0,0,True,0.00800000037997961,id0,
1729690905.9707046,1766,1729690905,968882517,,0.012000000104308128,0.0,0.009999999776482582,nan,nan,nan,-0.009999999776482582,2,0,0,True,0.012000000104308128,id0,
1729690906.071944,1767,1729690906,71041665,,0.017000000923871994,0.0,0.009999999776482582,nan,nan,nan,-0.009999999776482582,2,0,0,True,0.017000000923871994,id0,
1729690906.1734412,1768,1729690906,172912017,,0.014999999664723873,0.0,0.009999999776482582,nan,nan,nan,-0.009999999776482582,2,0,0,True,0.014999999664723873,id0,
1729690906.2721875,1769,1729690906,270413461,,0.017999999225139618,0.0,0.009999999776482582,nan,nan,nan,-0.009999999776482582,2,0,0,True,0.017999999225139618,id0,
1729690906.3713014,1770,1729690906,370478702,,0.008999999612569809,0.0,0.009999999776482582,nan,nan,nan,-0.009999999776482582,2,0,0,True,0.008999999612569809,id0,
1729690906.4717677,1771,1729690906,471095220,,0.012000000104308128,0.0,0.009999999776482582,nan,nan,nan,-0.009999999776482582,2,0,0,True,0.012000000104308128,id0,
1729690906.5674522,1772,1729690906,566268628,,0.01600000075995922,0.0,0.009999999776482582,nan,nan,nan,-0.009999999776482582,2,0,0,True,0.01600000075995922,id0,
1729690906.6695936,1773,1729690906,668975461,,0.008999999612569809,0.0,0.009999999776482582,nan,nan,nan,-0.009999999776482582,2,0,0,True,0.008999999612569809,id0,
1729690906.768672,1774,1729690906,768002239,,0.017000000923871994,0.0,0.009999999776482582,nan,nan,nan,-0.009999999776482582,2,0,0,True,0.017000000923871994,id0,
1729690906.8785603,1775,1729690906,876618201,,0.012000000104308128,0.0,0.009999999776482582,nan,nan,nan,-0.009999999776482582,2,0,0,True,0.012000000104308128,id0,
1729690906.9727004,1776,1729690906,972030201,,0.008999999612569809,0.0,0.009999999776482582,nan,nan,nan,-0.009999999776482582,2,0,0,True,0.008999999612569809,id0,
1729690907.0686982,1777,1729690907,68043405,,0.007000000216066837,0.0,0.009999999776482582,nan,nan,nan,-0.009999999776482582,2,0,0,True,0.007000000216066837,id0,
1729690907.1711931,1778,1729690907,170272442,,0.00800000037997961,0.0,0.009999999776482582,nan,nan,nan,-0.009999999776482582,2,0,0,True,0.00800000037997961,id0,
1729690907.2738652,1779,1729690907,271695386,,0.014000000432133675,0.0,0.009999999776482582,nan,nan,nan,-0.009999999776482582,2,0,0,True,0.014000000432133675,id0,
1729690907.3727276,1780,1729690907,372082683,,0.007000000216066837,0.0,0.009999999776482582,nan,nan,nan,-0.009999999776482582,2,0,0,True,0.007000000216066837,id0,
1729690907.4767532,1781,1729690907,476102738,,0.014999999664723873,0.0,0.009999999776482582,nan,nan,nan,-0.009999999776482582,2,0,0,True,0.014999999664723873,id0,
1729690907.5744462,1782,1729690907,572558794,,0.013000000268220901,0.0,0.009999999776482582,nan,nan,nan,-0.009999999776482582,2,0,0,True,0.013000000268220901,id0,
1729690907.678347,1783,1729690907,677425127,,0.019999999552965164,0.0,0.009999999776482582,nan,nan,nan,-0.009999999776482582,2,0,0,True,0.019999999552965164,id0,
1729690907.778544,1784,1729690907,776727719,,0.00800000037997961,0.0,0.009999999776482582,nan,nan,nan,-0.009999999776482582,2,0,0,True,0.00800000037997961,id0,
1729690907.8774993,1785,1729690907,875649460,,0.01600000075995922,0.0,0.009999999776482582,nan,nan,nan,-0.009999999776482582,2,0,0,True,0.01600000075995922,id0,
1729690907.9754195,1786,1729690907,974457497,,0.010999999940395355,0.0,0.009999999776482582,nan,nan,nan,-0.009999999776482582,2,0,0,True,0.010999999940395355,id0,
1729690908.0727036,1787,1729690908,72173941,,0.013000000268220901,0.0,0.009999999776482582,nan,nan,nan,-0.009999999776482582,2,0,0,True,0.013000000268220901,id0,
1729690908.1702447,1788,1729690908,169434015,,0.008999999612569809,0.0,0.009999999776482582,nan,nan,nan,-0.009999999776482582,2,0,0,True,0.008999999612569809,id0,
1729690908.2773292,1789,1729690908,276438293,,0.013000000268220901,0.0,0.009999999776482582,nan,nan,nan,-0.009999999776482582,2,0,0,True,0.013000000268220901,id0,
1729690908.3788679,1790,1729690908,378193052,,0.013000000268220901,0.0,0.009999999776482582,nan,nan,nan,-0.009999999776482582,2,0,0,True,0.013000000268220901,id0,
1729690908.4695735,1791,1729690908,468396923,,0.017000000923871994,0.0,0.009999999776482582,nan,nan,nan,-0.009999999776482582,2,0,0,True,0.017000000923871994,id0,
1729690908.5694177,1792,1729690908,567742700,,0.01600000075995922,0.0,0.009999999776482582,nan,nan,nan,-0.009999999776482582,2,0,0,True,0.01600000075995922,id0,
1729690908.668909,1793,1729690908,668257793,,0.009999999776482582,0.0,0.009999999776482582,nan,nan,nan,-0.009999999776482582,2,0,0,True,0.009999999776482582,id0,
1729690908.7679834,1794,1729690908,767294441,,0.013000000268220901,0.0,0.009999999776482582,nan,nan,nan,-0.009999999776482582,2,0,0,True,0.013000000268220901,id0,
1729690908.8703923,1795,1729690908,869532756,,0.010999999940395355,0.0,0.009999999776482582,nan,nan,nan,-0.009999999776482582,2,0,0,True,0.010999999940395355,id0,
1729690908.970868,1796,1729690908,970317867,,0.014999999664723873,0.0,0.009999999776482582,nan,nan,nan,-0.009999999776482582,2,0,0,True,0.014999999664723873,id0,
1729690909.0709946,1797,1729690909,70334552,,0.013000000268220901,0.0,0.009999999776482582,nan,nan,nan,-0.009999999776482582,2,0,0,True,0.013000000268220901,id0,
1729690909.167614,1798,1729690909,166608774,,0.013000000268220901,0.0,0.009999999776482582,nan,nan,nan,-0.009999999776482582,2,0,0,True,0.013000000268220901,id0,
1729690909.2709954,1799,1729690909,270357626,,0.01600000075995922,0.0,0.009999999776482582,nan,nan,nan,-0.009999999776482582,2,0,0,True,0.01600000075995922,id0,
1729690909.3721137,1800,1729690909,371384663,,0.017999999225139618,0.0,0.009999999776482582,nan,nan,nan,-0.009999999776482582,2,0,0,True,0.017999999225139618,id0,
1729690909.4705148,1801,1729690909,468883718,,0.017000000923871994,0.0,0.009999999776482582,nan,nan,nan,-0.009999999776482582,2,0,0,True,0.017000000923871994,id0,
1729690909.5704362,1802,1729690909,569525459,,0.012000000104308128,0.0,0.009999999776482582,nan,nan,nan,-0.009999999776482582,2,0,0,True,0.012000000104308128,id0,
1729690909.6728563,1803,1729690909,671432441,,0.014999999664723873,0.0,0.009999999776482582,nan,nan,nan,-0.009999999776482582,2,0,0,True,0.014999999664723873,id0,
1729690909.7730346,1804,1729690909,772388552,,0.006000000052154064,0.0,0.009999999776482582,nan,nan,nan,-0.009999999776482582,2,0,0,True,0.006000000052154064,id0,
1729690909.8739183,1805,1729690909,873397589,,0.00800000037997961,0.0,0.009999999776482582,nan,nan,nan,-0.009999999776482582,2,0,0,True,0.00800000037997961,id0,
1729690909.9735112,1806,1729690909,972668255,,0.00800000037997961,0.0,0.009999999776482582,nan,nan,nan,-0.009999999776482582,2,0,0,True,0.014999999664723873,id0,
1729690910.0700066,1807,1729690910,69468200,,0.014999999664723873,0.0,0.009999999776482582,nan,nan,nan,-0.009999999776482582,2,0,0,True,0.013000000268220901,id0,
1729690910.1717744,1808,1729690910,171010348,,0.013000000268220901,0.0,0.009999999776482582,nan,nan,nan,-0.009999999776482582,2,0,0,True,0.01600000075995922,id0,
1729690910.2677758,1809,1729690910,266659496,,0.01600000075995922,0.0,0.009999999776482582,nan,nan,nan,-0.009999999776482582,2,0,0,True,0.014999999664723873,id0,
1729690910.3741922,1810,1729690910,370749329,,0.014999999664723873,0.0,0.009999999776482582,nan,nan,nan,-0.009999999776482582,2,0,0,True,0.012000000104308128,id0,
1729690910.4731193,1811,1729690910,472503162,,0.012000000104308128,0.0,0.009999999776482582,nan,nan,nan,-0.009999999776482582,2,0,0,True,0.012000000104308128,id0,
1729690910.571242,1812,1729690910,570561940,,0.012000000104308128,0.0,0.009999999776482582,nan,nan,nan,-0.009999999776482582,2,0,0,True,0.032999999821186066,id0,
1729690910.6710906,1813,1729690910,670545533,,0.032999999821186066,0.0,0.009999999776482582,nan,nan,nan,-0.009999999776482582,2,0,0,True,0.026000000536441803,id0,
1729690910.7702663,1814,1729690910,769563921,,0.026000000536441803,0.0,0.009999999776482582,nan,nan,nan,-0.009999999776482582,2,0,0,True,0.009999999776482582,id0,
1729690910.8718762,1815,1729690910,870894866,,0.009999999776482582,0.0,0.009999999776482582,nan,nan,nan,-0.009999999776482582,2,0,0,True,0.008999999612569809,id0,
1729690910.9707997,1816,1729690910,969877477,,0.008999999612569809,0.0,0.009999999776482582,nan,nan,nan,-0.009999999776482582,2,0,0,True,0.008999999612569809,id0,
1729690911.070794,1817,1729690911,69889495,,0.013000000268220901,0.0,0.009999999776482582,nan,nan,nan,-0.009999999776482582,2,0,0,True,0.013000000268220901,id0,
1729690911.1698477,1818,1729690911,168835606,,0.012000000104308128,0.0,0.009999999776482582,nan,nan,nan,-0.009999999776482582,2,0,0,True,0.012000000104308128,id0,
1729690911.2706022,1819,1729690911,269726254,,0.013000000268220901,0.0,0.009999999776482582,nan,nan,nan,-0.009999999776482582,2,0,0,True,0.013000000268220901,id0,
1729690911.3706806,1820,1729690911,369908588,,0.019999999552965164,0.0,0.009999999776482582,nan,nan,nan,-0.009999999776482582,2,0,0,True,0.019999999552965164,id0,
1729690911.4668148,1821,1729690911,465921088,,0.013000000268220901,0.0,0.009999999776482582,nan,nan,nan,-0.009999999776482582,2,0,0,True,0.013000000268220901,id0,
1729690911.5703459,1822,1729690911,569681439,,0.007000000216066837,0.0,0.009999999776482582,nan,nan,nan,-0.009999999776482582,2,0,0,True,0.007000000216066837,id0,
1729690911.6676915,1823,1729690911,666954087,,0.017000000923871994,0.0,0.009999999776482582,nan,nan,nan,-0.009999999776482582,2,0,0,True,0.017000000923871994,id0,
1729690911.7696376,1824,1729690911,768179273,,0.019999999552965164,0.0,0.009999999776482582,nan,nan,nan,-0.009999999776482582,2,0,0,True,0.019999999552965164,id0,
1729690911.8733788,1825,1729690911,872733273,,0.014999999664723873,0.0,0.009999999776482582,nan,nan,nan,-0.009999999776482582,2,0,0,True,0.014999999664723873,id0,
1729690911.972289,1826,1729690911,971733032,,0.013000000268220901,0.0,0.009999999776482582,nan,nan,nan,-0.009999999776482582,2,0,0,True,0.013000000268220901,id0,
1729690912.0686262,1827,1729690912,67199902,,0.008999999612569809,0.0,0.009999999776482582,nan,nan,nan,-0.009999999776482582,2,0,0,True,0.008999999612569809,id0,
1729690912.1713657,1828,1729690912,170764198,,0.004000000189989805,0.0,0.009999999776482582,nan,nan,nan,-0.009999999776482582,2,0,0,True,0.004000000189989805,id0,
1729690912.2707338,1829,1729690912,270012772,,0.014999999664723873,0.0,0.009999999776482582,nan,nan,nan,-0.009999999776482582,2,0,0,True,0.014999999664723873,id0,
1729690912.367875,1830,1729690912,367050902,,0.004000000189989805,0.0,0.009999999776482582,nan,nan,nan,-0.009999999776482582,2,0,0,True,0.004000000189989805,id0,
1729690912.4694388,1831,1729690912,468776661,,0.00800000037997961,0.0,0.009999999776482582,nan,nan,nan,-0.009999999776482582,2,0,0,True,0.00800000037997961,id0,
1729690912.5690005,1832,1729690912,567941402,,0.017000000923871994,0.0,0.009999999776482582,nan,nan,nan,-0.009999999776482582,2,0,0,True,0.017000000923871994,id0,
1729690912.6679559,1833,1729690912,666946328,,0.02199999988079071,0.0,0.009999999776482582,nan,nan,nan,-0.009999999776482582,2,0,0,True,0.02199999988079071,id0,
1729690912.7694902,1834,1729690912,768835346,,0.00800000037997961,0.0,0.009999999776482582,nan,nan,nan,-0.009999999776482582,2,0,0,True,0.00800000037997961,id0,
1729690912.8719366,1835,1729690912,871077939,,0.004999999888241291,0.0,0.009999999776482582,nan,nan,nan,-0.009999999776482582,2,0,0,True,0.004999999888241291,id0,
1729690912.9704168,1836,1729690912,969865235,,0.010999999940395355,0.0,0.009999999776482582,nan,nan,nan,-0.009999999776482582,2,0,0,True,0.010999999940395355,id0,
1729690913.0731037,1837,1729690913,72055290,,0.013000000268220901,0.0,0.009999999776482582,nan,nan,nan,-0.009999999776482582,2,0,0,True,0.013000000268220901,id0,
1729690913.1780508,1838,1729690913,176414846,,0.006000000052154064,0.0,0.009999999776482582,nan,nan,nan,-0.009999999776482582,2,0,0,True,0.006000000052154064,id0,
1729690913.2745922,1839,1729690913,273911753,,0.004000000189989805,0.0,0.009999999776482582,nan,nan,nan,-0.009999999776482582,2,0,0,True,0.004000000189989805,id0,
1729690913.3765006,1840,1729690913,375933179,,0.012000000104308128,0.0,0.009999999776482582,nan,nan,nan,-0.009999999776482582,2,0,0,True,0.012000000104308128,id0,
1729690913.4722352,1841,1729690913,470511160,,0.013000000268220901,0.0,0.009999999776482582,nan,nan,nan,-0.009999999776482582,2,0,0,True,0.013000000268220901,id0,
1729690913.5735788,1842,1729690913,572967790,,0.013000000268220901,0.0,0.009999999776482582,nan,nan,nan,-0.009999999776482582,2,0,0,True,0.013000000268220901,id0,
1729690913.6786263,1843,1729690913,677971716,,0.017000000923871994,0.0,0.009999999776482582,nan,nan,nan,-0.009999999776482582,2,0,0,True,0.017000000923871994,id0,
1729690913.7771692,1844,1729690913,776200642,,0.013000000268220901,0.0,0.009999999776482582,nan,nan,nan,-0.009999999776482582,2,0,0,True,0.013000000268220901,id0,
1729690913.876605,1845,1729690913,876044142,,0.008999999612569809,0.0,0.009999999776482582,nan,nan,nan,-0.009999999776482582,2,0,0,True,0.008999999612569809,id0,
1729690913.9743266,1846,1729690913,973295734,,0.03700000047683716,0.0,0.009999999776482582,nan,nan,nan,-0.009999999776482582,2,0,0,True,0.03700000047683716,id0,
1729690914.077008,1847,1729690914,76264475,,0.004999999888241291,0.0,0.009999999776482582,nan,nan,nan,-0.009999999776482582,2,0,0,True,0.004999999888241291,id0,
1729690914.1758378,1848,1729690914,175102345,,0.008999999612569809,0.0,0.009999999776482582,nan,nan,nan,-0.009999999776482582,2,0,0,True,0.008999999612569809,id0,
1729690914.2807198,1849,1729690914,280078234,,0.017999999225139618,0.0,0.009999999776482582,nan,nan,nan,-0.009999999776482582,2,0,0,True,0.017999999225139618,id0,
1729690914.3772104,1850,1729690914,376336160,,0.010999999940395355,0.0,0.009999999776482582,nan,nan,nan,-0.009999999776482582,2,0,0,True,0.010999999940395355,id0,
1729690914.4757802,1851,1729690914,475124623,,0.017000000923871994,0.0,0.009999999776482582,nan,nan,nan,-0.009999999776482582,2,0,0,True,0.017000000923871994,id0,
1729690914.572514,1852,1729690914,570572864,,0.010999999940395355,0.0,0.009999999776482582,nan,nan,nan,-0.009999999776482582,2,0,0,True,0.010999999940395355,id0,
1729690914.6697783,1853,1729690914,669135123,,0.013000000268220901,0.0,0.009999999776482582,nan,nan,nan,-0.009999999776482582,2,0,0,True,0.013000000268220901,id0,
1729690914.7694893,1854,1729690914,768116530,,0.004999999888241291,0.0,0.009999999776482582,nan,nan,nan,-0.009999999776482582,2,0,0,True,0.004999999888241291,id0,
1729690914.8718545,1855,1729690914,869799271,,0.013000000268220901,0.0,0.009999999776482582,nan,nan,nan,-0.009999999776482582,2,0,0,True,0.013000000268220901,id0,
1729690914.9742253,1856,1729690914,973361530,,0.004999999888241291,0.0,0.009999999776482582,nan,nan,nan,-0.009999999776482582,2,0,0,True,0.004999999888241291,id0,
1729690915.0731237,1857,1729690915,72436252,,0.014999999664723873,0.0,0.009999999776482582,nan,nan,nan,-0.009999999776482582,2,0,0,True,0.014999999664723873,id0,
1729690915.1678832,1858,1729690915,167198011,,0.00800000037997961,0.0,0.009999999776482582,nan,nan,nan,-0.009999999776482582,2,0,0,True,0.00800000037997961,id0,
1729690915.2718503,1859,1729690915,271182030,,0.00800000037997961,0.0,0.009999999776482582,nan,nan,nan,-0.009999999776482582,2,0,0,True,0.00800000037997961,id0,
1729690915.3731954,1860,1729690915,372486548,,0.006000000052154064,0.0,0.009999999776482582,nan,nan,nan,-0.009999999776482582,2,0,0,True,0.006000000052154064,id0,
1729690915.4699435,1861,1729690915,466641493,,0.013000000268220901,0.0,0.009999999776482582,nan,nan,nan,-0.009999999776482582,2,0,0,True,0.013000000268220901,id0,
1729690915.5712016,1862,1729690915,570384770,,0.01600000075995922,0.0,0.009999999776482582,nan,nan,nan,-0.009999999776482582,2,0,0,True,0.01600000075995922,id0,
1729690915.6692152,1863,1729690915,667412789,,0.006000000052154064,0.0,0.009999999776482582,nan,nan,nan,-0.009999999776482582,2,0,0,True,0.006000000052154064,id0,
1729690915.7720969,1864,1729690915,770226733,,0.009999999776482582,0.0,0.009999999776482582,nan,nan,nan,-0.009999999776482582,2,0,0,True,0.009999999776482582,id0,
1729690915.8728333,1865,1729690915,872293641,,0.009999999776482582,0.0,0.009999999776482582,nan,nan,nan,-0.009999999776482582,2,0,0,True,0.0020000000949949026,id0,
1729690915.9728737,1866,1729690915,971768066,,0.0020000000949949026,0.0,0.009999999776482582,nan,nan,nan,-0.009999999776482582,2,0,0,True,0.004000000189989805,id0,
1729690916.0710628,1867,1729690916,70331029,,0.004000000189989805,0.0,0.009999999776482582,nan,nan,nan,-0.009999999776482582,2,0,0,True,0.008999999612569809,id0,
1729690916.1706867,1868,1729690916,169318807,,0.008999999612569809,0.0,0.009999999776482582,nan,nan,nan,-0.009999999776482582,2,0,0,True,0.019999999552965164,id0,
1729690916.2715733,1869,1729690916,268956492,,0.019999999552965164,0.0,0.009999999776482582,nan,nan,nan,-0.009999999776482582,2,0,0,True,0.004999999888241291,id0,
1729690916.3687403,1870,1729690916,366976751,,0.004999999888241291,0.0,0.009999999776482582,nan,nan,nan,-0.009999999776482582,2,0,0,True,0.013000000268220901,id0,
1729690916.4724588,1871,1729690916,471625714,,0.013000000268220901,0.0,0.009999999776482582,nan,nan,nan,-0.009999999776482582,2,0,0,True,0.020999999716877937,id0,
1729690916.570949,1872,1729690916,570417492,,0.020999999716877937,0.0,0.009999999776482582,nan,nan,nan,-0.009999999776482582,2,0,0,True,0.004000000189989805,id0,
1729690916.6704307,1873,1729690916,669629473,,0.004000000189989805,0.0,0.009999999776482582,nan,nan,nan,-0.009999999776482582,2,0,0,True,0.012000000104308128,id0,
1729690916.770972,1874,1729690916,770441214,,0.012000000104308128,0.0,0.009999999776482582,nan,nan,nan,-0.009999999776482582,2,0,0,True,0.012000000104308128,id0,
1729690916.8704197,1875,1729690916,869728547,,0.012000000104308128,0.0,0.009999999776482582,nan,nan,nan,-0.009999999776482582,2,0,0,True,0.012000000104308128,id0,
1729690916.9666998,1876,1729690916,965780714,,0.004000000189989805,0.0,0.009999999776482582,nan,nan,nan,-0.009999999776482582,2,0,0,True,0.004000000189989805,id0,
1729690917.071153,1877,1729690917,70482436,,0.00800000037997961,0.0,0.009999999776482582,nan,nan,nan,-0.009999999776482582,2,0,0,True,0.00800000037997961,id0,
1729690917.1676817,1878,1729690917,166824658,,0.008999999612569809,0.0,0.009999999776482582,nan,nan,nan,-0.009999999776482582,2,0,0,True,0.008999999612569809,id0,
1729690917.27318,1879,1729690917,272510066,,0.014999999664723873,0.0,0.009999999776482582,nan,nan,nan,-0.009999999776482582,2,0,0,True,0.014999999664723873,id0,
1729690917.369626,1880,1729690917,368753177,,0.017999999225139618,0.0,0.009999999776482582,nan,nan,nan,-0.009999999776482582,2,0,0,True,0.017999999225139618,id0,
1729690917.4731922,1881,1729690917,472537232,,0.014000000432133675,0.0,0.009999999776482582,nan,nan,nan,-0.009999999776482582,2,0,0,True,0.014000000432133675,id0,
1729690917.5704203,1882,1729690917,569789862,,0.013000000268220901,0.0,0.009999999776482582,nan,nan,nan,-0.009999999776482582,2,0,0,True,0.013000000268220901,id0,
1729690917.6714067,1883,1729690917,670798880,,0.017000000923871994,0.0,0.009999999776482582,nan,nan,nan,-0.009999999776482582,2,0,0,True,0.017000000923871994,id0,
1729690917.770138,1884,1729690917,769583121,,0.017000000923871994,0.0,0.009999999776482582,nan,nan,nan,-0.009999999776482582,2,0,0,True,0.017000000923871994,id0,
1729690917.8686419,1885,1729690917,867050121,,0.006000000052154064,0.0,0.009999999776482582,nan,nan,nan,-0.009999999776482582,2,0,0,True,0.006000000052154064,id0,
1729690917.970627,1886,1729690917,969758565,,0.014999999664723873,0.0,0.009999999776482582,nan,nan,nan,-0.009999999776482582,2,0,0,True,0.014999999664723873,id0,
1729690918.0721595,1887,1729690918,71611010,,0.014999999664723873,0.0,0.009999999776482582,nan,nan,nan,-0.009999999776482582,2,0,0,True,0.014999999664723873,id0,
1729690918.1715863,1888,1729690918,170897565,,0.010999999940395355,0.0,0.009999999776482582,nan,nan,nan,-0.009999999776482582,2,0,0,True,0.010999999940395355,id0,
1729690918.2732053,1889,1729690918,272659009,,0.009999999776482582,0.0,0.009999999776482582,nan,nan,nan,-0.009999999776482582,2,0,0,True,0.009999999776482582,id0,
1729690918.3697085,1890,1729690918,368910009,,0.007000000216066837,0.0,0.009999999776482582,nan,nan,nan,-0.009999999776482582,2,0,0,True,0.007000000216066837,id0,
1729690918.4696784,1891,1729690918,468813343,,0.013000000268220901,0.0,0.009999999776482582,nan,nan,nan,-0.009999999776482582,2,0,0,True,0.013000000268220901,id0,
1729690918.5706053,1892,1729690918,569824472,,0.01899999938905239,0.0,0.009999999776482582,nan,nan,nan,-0.009999999776482582,2,0,0,True,0.01899999938905239,id0,
1729690918.6728454,1893,1729690918,671837731,,0.017000000923871994,0.0,0.009999999776482582,nan,nan,nan,-0.009999999776482582,2,0,0,True,0.017000000923871994,id0,
1729690918.767759,1894,1729690918,766321176,,0.013000000268220901,0.0,0.009999999776482582,nan,nan,nan,-0.009999999776482582,2,0,0,True,0.013000000268220901,id0,
1729690918.87395,1895,1729690918,872988602,,0.017000000923871994,0.0,0.009999999776482582,nan,nan,nan,-0.009999999776482582,2,0,0,True,0.017000000923871994,id0,
1729690918.971295,1896,1729690918,969976065,,0.017999999225139618,0.0,0.009999999776482582,nan,nan,nan,-0.009999999776482582,2,0,0,True,0.017999999225139618,id0,
1729690919.0720296,1897,1729690919,70875287,,0.017999999225139618,0.0,0.009999999776482582,nan,nan,nan,-0.009999999776482582,2,0,0,True,0.017999999225139618,id0,
1729690919.1738443,1898,1729690919,172982824,,0.009999999776482582,0.0,0.009999999776482582,nan,nan,nan,-0.009999999776482582,2,0,0,True,0.009999999776482582,id0,
1729690919.275793,1899,1729690919,274994250,,0.02199999988079071,0.0,0.009999999776482582,nan,nan,nan,-0.009999999776482582,2,0,0,True,0.02199999988079071,id0,
1729690919.376361,1900,1729690919,375790027,,0.010999999940395355,0.0,0.009999999776482582,nan,nan,nan,-0.009999999776482582,2,0,0,True,0.010999999940395355,id0,
1729690919.473985,1901,1729690919,472928101,,0.007000000216066837,0.0,0.009999999776482582,nan,nan,nan,-0.009999999776482582,2,0,0,True,0.007000000216066837,id0,
1729690919.576109,1902,1729690919,574267120,,0.020999999716877937,0.0,0.009999999776482582,nan,nan,nan,-0.009999999776482582,2,0,0,True,0.020999999716877937,id0,
1729690919.6753614,1903,1729690919,673339435,,0.004000000189989805,0.0,0.009999999776482582,nan,nan,nan,-0.009999999776482582,2,0,0,True,0.004000000189989805,id0,
1729690919.7774112,1904,1729690919,776841731,,0.00800000037997961,0.0,0.009999999776482582,nan,nan,nan,-0.009999999776482582,2,0,0,True,0.00800000037997961,id0,
1729690919.8772383,1905,1729690919,876163083,,0.007000000216066837,0.0,0.009999999776482582,nan,nan,nan,-0.009999999776482582,2,0,0,True,0.007000000216066837,id0,
1729690919.9799585,1906,1729690919,979266471,,0.012000000104308128,0.0,0.009999999776482582,nan,nan,nan,-0.009999999776482582,2,0,0,True,0.012000000104308128,id0,
1729690920.076594,1907,1729690920,75920545,,0.012000000104308128,0.0,0.009999999776482582,nan,nan,nan,-0.009999999776482582,2,0,0,True,0.012000000104308128,id0,
1729690920.177838,1908,1729690920,176387082,,0.00800000037997961,0.0,0.009999999776482582,nan,nan,nan,-0.009999999776482582,2,0,0,True,0.00800000037997961,id0,
1729690920.2759242,1909,1729690920,275173397,,0.010999999940395355,0.0,0.009999999776482582,nan,nan,nan,-0.009999999776482582,2,0,0,True,0.010999999940395355,id0,
1729690920.3785176,1910,1729690920,377958008,,0.014999999664723873,0.0,0.009999999776482582,nan,nan,nan,-0.009999999776482582,2,0,0,True,0.014999999664723873,id0,
1729690920.4776154,1911,1729690920,476969249,,0.017000000923871994,0.0,0.009999999776482582,nan,nan,nan,-0.009999999776482582,2,0,0,True,0.017000000923871994,id0,
1729690920.576613,1912,1729690920,575974471,,0.008999999612569809,0.0,0.009999999776482582,nan,nan,nan,-0.009999999776482582,2,0,0,True,0.008999999612569809,id0,
1729690920.671332,1913,1729690920,670274101,,0.017999999225139618,0.0,0.009999999776482582,nan,nan,nan,-0.009999999776482582,2,0,0,True,0.017999999225139618,id0,
1729690920.7706492,1914,1729690920,769606341,,0.004000000189989805,0.0,0.009999999776482582,nan,nan,nan,-0.009999999776482582,2,0,0,True,0.004000000189989805,id0,
1729690920.8706381,1915,1729690920,870165193,,0.013000000268220901,0.0,0.009999999776482582,nan,nan,nan,-0.009999999776482582,2,0,0,True,0.013000000268220901,id0,
1729690920.9665852,1916,1729690920,966044619,,0.014000000432133675,0.0,0.009999999776482582,nan,nan,nan,-0.009999999776482582,2,0,0,True,0.014000000432133675,id0,
1729690921.0744793,1917,1729690921,73031767,,0.013000000268220901,0.0,0.009999999776482582,nan,nan,nan,-0.009999999776482582,2,0,0,True,0.013000000268220901,id0,
1729690921.1715631,1918,1729690921,170209582,,0.009999999776482582,0.0,0.009999999776482582,nan,nan,nan,-0.009999999776482582,2,0,0,True,0.009999999776482582,id0,
1729690921.2703488,1919,1729690921,269267730,,0.010999999940395355,0.0,0.009999999776482582,nan,nan,nan,-0.009999999776482582,2,0,0,True,0.010999999940395355,id0,
1729690921.3703165,1920,1729690921,368494304,,0.014999999664723873,0.0,0.009999999776482582,nan,nan,nan,-0.009999999776482582,2,0,0,True,0.014999999664723873,id0,
1729690921.4706419,1921,1729690921,469078730,,0.010999999940395355,0.0,0.009999999776482582,nan,nan,nan,-0.009999999776482582,2,0,0,True,0.010999999940395355,id0,
1729690921.5698702,1922,1729690921,566307045,,0.00800000037997961,0.0,0.009999999776482582,nan,nan,nan,-0.009999999776482582,2,0,0,True,0.00800000037997961,id0,
1729690921.6722543,1923,1729690921,668680470,,0.010999999940395355,0.0,0.009999999776482582,nan,nan,nan,-0.009999999776482582,2,0,0,True,0.010999999940395355,id0,
1729690921.7702937,1924,1729690921,769278933,,0.010999999940395355,0.0,0.009999999776482582,nan,nan,nan,-0.009999999776482582,2,0,0,True,0.014000000432133675,id0,
1729690921.8699958,1925,1729690921,868617655,,0.014000000432133675,0.0,0.009999999776482582,nan,nan,nan,-0.009999999776482582,2,0,0,True,0.008999999612569809,id0,
1729690921.9728615,1926,1729690921,972217433,,0.008999999612569809,0.0,0.009999999776482582,nan,nan,nan,-0.009999999776482582,2,0,0,True,0.010999999940395355,id0,
1729690922.0718386,1927,1729690922,71177989,,0.010999999940395355,0.0,0.009999999776482582,nan,nan,nan,-0.009999999776482582,2,0,0,True,0.004000000189989805,id0,
1729690922.1706614,1928,1729690922,168888970,,0.004000000189989805,0.0,0.009999999776482582,nan,nan,nan,-0.009999999776482582,2,0,0,True,0.006000000052154064,id0,
1729690922.2727232,1929,1729690922,270861877,,0.006000000052154064,0.0,0.009999999776482582,nan,nan,nan,-0.009999999776482582,2,0,0,True,0.013000000268220901,id0,
1729690922.3712957,1930,1729690922,369906674,,0.013000000268220901,0.0,0.009999999776482582,nan,nan,nan,-0.009999999776482582,2,0,0,True,0.014999999664723873,id0,
1729690922.4717798,1931,1729690922,471257248,,0.014999999664723873,0.0,0.009999999776482582,nan,nan,nan,-0.009999999776482582,2,0,0,True,0.014000000432133675,id0,
1729690922.5748088,1932,1729690922,574272914,,0.014000000432133675,0.0,0.009999999776482582,nan,nan,nan,-0.009999999776482582,2,0,0,True,0.019999999552965164,id0,
1729690922.6764214,1933,1729690922,675275748,,0.019999999552965164,0.0,0.009999999776482582,nan,nan,nan,-0.009999999776482582,2,0,0,True,0.008999999612569809,id0,
1729690922.7699616,1934,1729690922,769299118,,0.008999999612569809,0.0,0.009999999776482582,nan,nan,nan,-0.009999999776482582,2,0,0,True,0.008999999612569809,id0,
1729690922.8745723,1935,1729690922,873439044,,0.012000000104308128,0.0,0.009999999776482582,nan,nan,nan,-0.009999999776482582,2,0,0,True,0.006000000052154064,id0,
1729690922.9704187,1936,1729690922,969447414,,0.006000000052154064,0.0,0.009999999776482582,nan,nan,nan,-0.009999999776482582,2,0,0,True,0.006000000052154064,id0,
1729690923.0710073,1937,1729690923,70340303,,0.004000000189989805,0.0,0.009999999776482582,nan,nan,nan,-0.009999999776482582,2,0,0,True,0.004000000189989805,id0,
1729690923.1716948,1938,1729690923,170551081,,0.009999999776482582,0.0,0.009999999776482582,nan,nan,nan,-0.009999999776482582,2,0,0,True,0.009999999776482582,id0,
1729690923.2700515,1939,1729690923,269381432,,0.019999999552965164,0.0,0.009999999776482582,nan,nan,nan,-0.009999999776482582,2,0,0,True,0.019999999552965164,id0,
1729690923.3737183,1940,1729690923,372522118,,0.007000000216066837,0.0,0.009999999776482582,nan,nan,nan,-0.009999999776482582,2,0,0,True,0.007000000216066837,id0,
1729690923.46975,1941,1729690923,467989858,,0.00800000037997961,0.0,0.009999999776482582,nan,nan,nan,-0.009999999776482582,2,0,0,True,0.00800000037997961,id0,
1729690923.571093,1942,1729690923,570428284,,0.012000000104308128,0.0,0.009999999776482582,nan,nan,nan,-0.009999999776482582,2,0,0,True,0.012000000104308128,id0,
1729690923.6708283,1943,1729690923,669741803,,0.01600000075995922,0.0,0.009999999776482582,nan,nan,nan,-0.009999999776482582,2,0,0,True,0.01600000075995922,id0,
1729690923.7695892,1944,1729690923,768695210,,0.012000000104308128,0.0,0.009999999776482582,nan,nan,nan,-0.009999999776482582,2,0,0,True,0.012000000104308128,id0,
1729690923.8732023,1945,1729690923,872454802,,0.017000000923871994,0.0,0.009999999776482582,nan,nan,nan,-0.009999999776482582,2,0,0,True,0.017000000923871994,id0,
1729690923.9679718,1946,1729690923,966670747,,0.019999999552965164,0.0,0.009999999776482582,nan,nan,nan,-0.009999999776482582,2,0,0,True,0.019999999552965164,id0,
1729690924.0717595,1947,1729690924,70770358,,0.017999999225139618,0.0,0.009999999776482582,nan,nan,nan,-0.009999999776482582,2,0,0,True,0.017999999225139618,id0,
1729690924.1703093,1948,1729690924,169693839,,0.013000000268220901,0.0,0.009999999776482582,nan,nan,nan,-0.009999999776482582,2,0,0,True,0.013000000268220901,id0,
1729690924.2704136,1949,1729690924,267863506,,0.010999999940395355,0.0,0.009999999776482582,nan,nan,nan,-0.009999999776482582,2,0,0,True,0.010999999940395355,id0,
1729690924.369748,1950,1729690924,368496617,,0.007000000216066837,0.0,0.009999999776482582,nan,nan,nan,-0.009999999776482582,2,0,0,True,0.007000000216066837,id0,
1729690924.4715629,1951,1729690924,470663487,,0.013000000268220901,0.0,0.009999999776482582,nan,nan,nan,-0.009999999776482582,2,0,0,True,0.013000000268220901,id0,
1729690924.5700436,1952,1729690924,569543061,,0.010999999940395355,0.0,0.009999999776482582,nan,nan,nan,-0.009999999776482582,2,0,0,True,0.010999999940395355,id0,
1729690924.6706097,1953,1729690924,669793969,,0.014000000432133675,0.0,0.009999999776482582,nan,nan,nan,-0.009999999776482582,2,0,0,True,0.014000000432133675,id0,
1729690924.7677388,1954,1729690924,766031691,,0.01600000075995922,0.0,0.009999999776482582,nan,nan,nan,-0.009999999776482582,2,0,0,True,0.01600000075995922,id0,
1729690924.8741775,1955,1729690924,873631006,,0.008999999612569809,0.0,0.009999999776482582,nan,nan,nan,-0.009999999776482582,2,0,0,True,0.008999999612569809,id0,
1729690924.9708993,1956,1729690924,969930746,,0.00800000037997961,0.0,0.009999999776482582,nan,nan,nan,-0.009999999776482582,2,0,0,True,0.00800000037997961,id0,
1729690925.0779626,1957,1729690925,76917413,,0.017000000923871994,0.0,0.009999999776482582,nan,nan,nan,-0.009999999776482582,2,0,0,True,0.017000000923871994,id0,
1729690925.1717763,1958,1729690925,170854968,,0.008999999612569809,0.0,0.009999999776482582,nan,nan,nan,-0.009999999776482582,2,0,0,True,0.008999999612569809,id0,
1729690925.2718132,1959,1729690925,269954820,,0.017999999225139618,0.0,0.009999999776482582,nan,nan,nan,-0.009999999776482582,2,0,0,True,0.017999999225139618,id0,
1729690925.3743956,1960,1729690925,373705283,,0.009999999776482582,0.0,0.009999999776482582,nan,nan,nan,-0.009999999776482582,2,0,0,True,0.009999999776482582,id0,
1729690925.475221,1961,1729690925,474691135,,0.009999999776482582,0.0,0.009999999776482582,nan,nan,nan,-0.009999999776482582,2,0,0,True,0.009999999776482582,id0,
1729690925.5773466,1962,1729690925,575891913,,0.012000000104308128,0.0,0.009999999776482582,nan,nan,nan,-0.009999999776482582,2,0,0,True,0.012000000104308128,id0,
1729690925.6781452,1963,1729690925,677667653,,0.006000000052154064,0.0,0.009999999776482582,nan,nan,nan,-0.009999999776482582,2,0,0,True,0.006000000052154064,id0,
1729690925.7768931,1964,1729690925,775963227,,0.012000000104308128,0.0,0.009999999776482582,nan,nan,nan,-0.009999999776482582,2,0,0,True,0.012000000104308128,id0,
1729690925.8742397,1965,1729690925,873020690,,0.007000000216066837,0.0,0.009999999776482582,nan,nan,nan,-0.009999999776482582,2,0,0,True,0.007000000216066837,id0,
1729690925.9778209,1966,1729690925,976303449,,0.019999999552965164,0.0,0.009999999776482582,nan,nan,nan,-0.009999999776482582,2,0,0,True,0.019999999552965164,id0,
1729690926.075777,1967,1729690926,75013468,,0.013000000268220901,0.0,0.009999999776482582,nan,nan,nan,-0.009999999776482582,2,0,0,True,0.013000000268220901,id0,
1729690926.1780248,1968,1729690926,177056227,,0.013000000268220901,0.0,0.009999999776482582,nan,nan,nan,-0.009999999776482582,2,0,0,True,0.013000000268220901,id0,
1729690926.275903,1969,1729690926,275072227,,0.010999999940395355,0.0,0.009999999776482582,nan,nan,nan,-0.009999999776482582,2,0,0,True,0.010999999940395355,id0,
1729690926.3768854,1970,1729690926,376070468,,0.008999999612569809,0.0,0.009999999776482582,nan,nan,nan,-0.009999999776482582,2,0,0,True,0.008999999612569809,id0,
1729690926.471775,1971,1729690926,470236356,,0.012000000104308128,0.0,0.009999999776482582,nan,nan,nan,-0.009999999776482582,2,0,0,True,0.012000000104308128,id0,
1729690926.5738056,1972,1729690926,573071134,,0.012000000104308128,0.0,0.009999999776482582,nan,nan,nan,-0.009999999776482582,2,0,0,True,0.012000000104308128,id0,
1729690926.6723855,1973,1729690926,671849597,,0.008999999612569809,0.0,0.009999999776482582,nan,nan,nan,-0.009999999776482582,2,0,0,True,0.008999999612569809,id0,
1729690926.7700298,1974,1729690926,768996727,,0.014000000432133675,0.0,0.009999999776482582,nan,nan,nan,-0.009999999776482582,2,0,0,True,0.014000000432133675,id0,
1729690926.8700929,1975,1729690926,869369449,,0.01600000075995922,0.0,0.009999999776482582,nan,nan,nan,-0.009999999776482582,2,0,0,True,0.01600000075995922,id0,
1729690926.9739637,1976,1729690926,973123264,,0.00800000037997961,0.0,0.009999999776482582,nan,nan,nan,-0.009999999776482582,2,0,0,True,0.00800000037997961,id0,
1729690927.0720747,1977,1729690927,70336301,,0.004000000189989805,0.0,0.009999999776482582,nan,nan,nan,-0.009999999776482582,2,0,0,True,0.004000000189989805,id0,
1729690927.1709979,1978,1729690927,170155615,,0.008999999612569809,0.0,0.009999999776482582,nan,nan,nan,-0.009999999776482582,2,0,0,True,0.008999999612569809,id0,
1729690927.269048,1979,1729690927,267665671,,0.020999999716877937,0.0,0.009999999776482582,nan,nan,nan,-0.009999999776482582,2,0,0,True,0.020999999716877937,id0,
1729690927.3743715,1980,1729690927,372944671,,0.017999999225139618,0.0,0.009999999776482582,nan,nan,nan,-0.009999999776482582,2,0,0,True,0.017999999225139618,id0,
1729690927.4670973,1981,1729690927,466099800,,0.010999999940395355,0.0,0.009999999776482582,nan,nan,nan,-0.009999999776482582,2,0,0,True,0.010999999940395355,id0,
1729690927.5741067,1982,1729690927,573108522,,0.004000000189989805,0.0,0.009999999776482582,nan,nan,nan,-0.009999999776482582,2,0,0,True,0.004000000189989805,id0,
1729690927.6726413,1983,1729690927,671996411,,0.00800000037997961,0.0,0.009999999776482582,nan,nan,nan,-0.009999999776482582,2,0,0,True,0.00800000037997961,id0,
1729690927.768144,1984,1729690927,766494170,,0.004000000189989805,0.0,0.009999999776482582,nan,nan,nan,-0.009999999776482582,2,0,0,True,0.004000000189989805,id0,
1729690927.8692575,1985,1729690927,868228930,,0.006000000052154064,0.0,0.009999999776482582,nan,nan,nan,-0.009999999776482582,2,0,0,True,0.006000000052154064,id0,
1729690927.970126,1986,1729690927,969258207,,0.007000000216066837,0.0,0.009999999776482582,nan,nan,nan,-0.009999999776482582,2,0,0,True,0.007000000216066837,id0,
1729690928.0720153,1987,1729690928,71295078,,0.008999999612569809,0.0,0.009999999776482582,nan,nan,nan,-0.009999999776482582,2,0,0,True,0.008999999612569809,id0,
1729690928.1709318,1988,1729690928,170308244,,0.010999999940395355,0.0,0.009999999776482582,nan,nan,nan,-0.009999999776482582,2,0,0,True,0.010999999940395355,id0,
1729690928.2696226,1989,1729690928,269096837,,0.010999999940395355,0.0,0.009999999776482582,nan,nan,nan,-0.009999999776482582,2,0,0,True,0.014999999664723873,id0,
1729690928.3708522,1990,1729690928,370180578,,0.014999999664723873,0.0,0.009999999776482582,nan,nan,nan,-0.009999999776482582,2,0,0,True,0.017000000923871994,id0,
1729690928.4720392,1991,1729690928,471348244,,0.017000000923871994,0.0,0.009999999776482582,nan,nan,nan,-0.009999999776482582,2,0,0,True,0.01600000075995922,id0,
1729690928.5702267,1992,1729690928,568175300,,0.01600000075995922,0.0,0.009999999776482582,nan,nan,nan,-0.009999999776482582,2,0,0,True,0.006000000052154064,id0,
1729690928.6713407,1993,1729690928,669651040,,0.006000000052154064,0.0,0.009999999776482582,nan,nan,nan,-0.009999999776482582,2,0,0,True,0.012000000104308128,id0,
1729690928.7707112,1994,1729690928,770167040,,0.012000000104308128,0.0,0.009999999776482582,nan,nan,nan,-0.009999999776482582,2,0,0,True,0.007000000216066837,id0,
1729690928.8726437,1995,1729690928,870932448,,0.007000000216066837,0.0,0.009999999776482582,nan,nan,nan,-0.009999999776482582,2,0,0,True,0.017000000923871994,id0,
1729690928.9703722,1996,1729690928,969425633,,0.017000000923871994,0.0,0.009999999776482582,nan,nan,nan,-0.009999999776482582,2,0,0,True,0.007000000216066837,id0,
1729690929.0734968,1997,1729690929,72503559,,0.007000000216066837,0.0,0.009999999776482582,nan,nan,nan,-0.009999999776482582,2,0,0,True,0.012000000104308128,id0,
1729690929.1697853,1998,1729690929,169229151,,0.012000000104308128,0.0,0.009999999776482582,nan,nan,nan,-0.009999999776482582,2,0,0,True,0.024000000208616257,id0,
1729690929.267072,1999,1729690929,266457836,,0.024000000208616257,0.0,0.009999999776482582,nan,nan,nan,-0.009999999776482582,2,0,0,True,0.024000000208616257,id0,
1729690929.3710847,2000,1729690929,370469132,,0.017999999225139618,0.0,0.009999999776482582,nan,nan,nan,-0.009999999776482582,2,0,0,True,0.017999999225139618,id0,
1729690929.4697766,2001,1729690929,469266132,,0.008999999612569809,0.0,0.009999999776482582,nan,nan,nan,-0.009999999776482582,2,0,0,True,0.008999999612569809,id0,
1729690929.5718124,2002,1729690929,570530762,,0.008999999612569809,0.0,0.009999999776482582,nan,nan,nan,-0.009999999776482582,2,0,0,True,0.008999999612569809,id0,
1729690929.669904,2003,1729690929,669268984,,0.00800000037997961,0.0,0.009999999776482582,nan,nan,nan,-0.009999999776482582,2,0,0,True,0.00800000037997961,id0,
1729690929.7728846,2004,1729690929,772287873,,0.014999999664723873,0.0,0.009999999776482582,nan,nan,nan,-0.009999999776482582,2,0,0,True,0.014999999664723873,id0,
1729690929.8683934,2005,1729690929,866488780,,0.01899999938905239,0.0,0.009999999776482582,nan,nan,nan,-0.009999999776482582,2,0,0,True,0.01899999938905239,id0,
1729690929.9705002,2006,1729690929,969570873,,0.014000000432133675,0.0,0.009999999776482582,nan,nan,nan,-0.009999999776482582,2,0,0,True,0.014000000432133675,id0,
1729690930.0704422,2007,1729690930,69601595,,0.013000000268220901,0.0,0.009999999776482582,nan,nan,nan,-0.009999999776482582,2,0,0,True,0.013000000268220901,id0,
1729690930.1717813,2008,1729690930,170582817,,0.012000000104308128,0.0,0.009999999776482582,nan,nan,nan,-0.009999999776482582,2,0,0,True,0.012000000104308128,id0,
1729690930.270239,2009,1729690930,269582021,,0.004999999888241291,0.0,0.009999999776482582,nan,nan,nan,-0.009999999776482582,2,0,0,True,0.004999999888241291,id0,
1729690930.3743758,2010,1729690930,370463169,,0.01600000075995922,0.0,0.009999999776482582,nan,nan,nan,-0.009999999776482582,2,0,0,True,0.01600000075995922,id0,
1729690930.4702196,2011,1729690930,469595761,,0.004000000189989805,0.0,0.009999999776482582,nan,nan,nan,-0.009999999776482582,2,0,0,True,0.004000000189989805,id0,
1729690930.5674012,2012,1729690930,566019761,,0.014000000432133675,0.0,0.009999999776482582,nan,nan,nan,-0.009999999776482582,2,0,0,True,0.014000000432133675,id0,
1729690930.6712635,2013,1729690930,670676095,,0.014999999664723873,0.0,0.009999999776482582,nan,nan,nan,-0.009999999776482582,2,0,0,True,0.014999999664723873,id0,
1729690930.7693226,2014,1729690930,768690372,,0.00800000037997961,0.0,0.009999999776482582,nan,nan,nan,-0.009999999776482582,2,0,0,True,0.00800000037997961,id0,
1729690930.8686152,2015,1729690930,867731132,,0.014000000432133675,0.0,0.009999999776482582,nan,nan,nan,-0.009999999776482582,2,0,0,True,0.014000000432133675,id0,
1729690930.9690084,2016,1729690930,968476076,,0.00800000037997961,0.0,0.009999999776482582,nan,nan,nan,-0.009999999776482582,2,0,0,True,0.00800000037997961,id0,
1729690931.069448,2017,1729690931,68732706,,0.010999999940395355,0.0,0.009999999776482582,nan,nan,nan,-0.009999999776482582,2,0,0,True,0.010999999940395355,id0,
1729690931.1701565,2018,1729690931,169503113,,0.01600000075995922,0.0,0.009999999776482582,nan,nan,nan,-0.009999999776482582,2,0,0,True,0.01600000075995922,id0,
1729690931.270778,2019,1729690931,269712465,,0.010999999940395355,0.0,0.009999999776482582,nan,nan,nan,-0.009999999776482582,2,0,0,True,0.010999999940395355,id0,
1729690931.3693843,2020,1729690931,368530187,,0.014000000432133675,0.0,0.009999999776482582,nan,nan,nan,-0.009999999776482582,2,0,0,True,0.014000000432133675,id0,
1729690931.47459,2021,1729690931,473817131,,0.017000000923871994,0.0,0.009999999776482582,nan,nan,nan,-0.009999999776482582,2,0,0,True,0.017000000923871994,id0,
1729690931.5706897,2022,1729690931,569850502,,0.009999999776482582,0.0,0.009999999776482582,nan,nan,nan,-0.009999999776482582,2,0,0,True,0.009999999776482582,id0,
1729690931.674134,2023,1729690931,673588761,,0.008999999612569809,0.0,0.009999999776482582,nan,nan,nan,-0.009999999776482582,2,0,0,True,0.008999999612569809,id0,
1729690931.7712708,2024,1729690931,770601575,,0.013000000268220901,0.0,0.009999999776482582,nan,nan,nan,-0.009999999776482582,2,0,0,True,0.013000000268220901,id0,
1729690931.8694746,2025,1729690931,868211927,,0.012000000104308128,0.0,0.009999999776482582,nan,nan,nan,-0.009999999776482582,2,0,0,True,0.012000000104308128,id0,
1729690931.9727633,2026,1729690931,971885298,,0.00800000037997961,0.0,0.009999999776482582,nan,nan,nan,-0.009999999776482582,2,0,0,True,0.00800000037997961,id0,
1729690932.0731974,2027,1729690932,72637909,,0.010999999940395355,0.0,0.009999999776482582,nan,nan,nan,-0.009999999776482582,2,0,0,True,0.010999999940395355,id0,
1729690932.1753302,2028,1729690932,174663575,,0.00800000037997961,0.0,0.009999999776482582,nan,nan,nan,-0.009999999776482582,2,0,0,True,0.00800000037997961,id0,
1729690932.2769742,2029,1729690932,275933538,,0.008999999612569809,0.0,0.009999999776482582,nan,nan,nan,-0.009999999776482582,2,0,0,True,0.008999999612569809,id0,
1729690932.3778052,2030,1729690932,376928797,,0.017000000923871994,0.0,0.009999999776482582,nan,nan,nan,-0.009999999776482582,2,0,0,True,0.017000000923871994,id0,
1729690932.4741411,2031,1729690932,472878927,,0.013000000268220901,0.0,0.009999999776482582,nan,nan,nan,-0.009999999776482582,2,0,0,True,0.013000000268220901,id0,
1729690932.5787828,2032,1729690932,577185964,,0.012000000104308128,0.0,0.009999999776482582,nan,nan,nan,-0.009999999776482582,2,0,0,True,0.012000000104308128,id0,
1729690932.6771019,2033,1729690932,675904038,,0.00800000037997961,0.0,0.009999999776482582,nan,nan,nan,-0.009999999776482582,2,0,0,True,0.00800000037997961,id0,
1729690932.7808845,2034,1729690932,779858686,,0.00800000037997961,0.0,0.009999999776482582,nan,nan,nan,-0.009999999776482582,2,0,0,True,0.00800000037997961,id0,
1729690932.878169,2035,1729690932,877180316,,0.012000000104308128,0.0,0.009999999776482582,nan,nan,nan,-0.009999999776482582,2,0,0,True,0.012000000104308128,id0,
1729690932.9711223,2036,1729690932,969942371,,0.004000000189989805,0.0,0.009999999776482582,nan,nan,nan,-0.009999999776482582,2,0,0,True,0.004000000189989805,id0,
1729690933.0781205,2037,1729690933,76924741,,0.009999999776482582,0.0,0.009999999776482582,nan,nan,nan,-0.009999999776482582,2,0,0,True,0.009999999776482582,id0,
1729690933.1754658,2038,1729690933,174795519,,0.010999999940395355,0.0,0.009999999776482582,nan,nan,nan,-0.009999999776482582,2,0,0,True,0.010999999940395355,id0,
1729690933.273839,2039,1729690933,273040112,,0.01600000075995922,0.0,0.009999999776482582,nan,nan,nan,-0.009999999776482582,2,0,0,True,0.01600000075995922,id0,
1729690933.3704946,2040,1729690933,369818075,,0.010999999940395355,0.0,0.009999999776482582,nan,nan,nan,-0.009999999776482582,2,0,0,True,0.010999999940395355,id0,
1729690933.4684963,2041,1729690933,467843463,,0.010999999940395355,0.0,0.009999999776482582,nan,nan,nan,-0.009999999776482582,2,0,0,True,0.010999999940395355,id0,
1729690933.572358,2042,1729690933,571832371,,0.014000000432133675,0.0,0.009999999776482582,nan,nan,nan,-0.009999999776482582,2,0,0,True,0.014000000432133675,id0,
1729690933.6687684,2043,1729690933,668088593,,0.014000000432133675,0.0,0.009999999776482582,nan,nan,nan,-0.009999999776482582,2,0,0,True,0.014000000432133675,id0,
1729690933.7725577,2044,1729690933,771887259,,0.00800000037997961,0.0,0.009999999776482582,nan,nan,nan,-0.009999999776482582,2,0,0,True,0.00800000037997961,id0,
1729690933.8702018,2045,1729690933,869314482,,0.009999999776482582,0.0,0.009999999776482582,nan,nan,nan,-0.009999999776482582,2,0,0,True,0.009999999776482582,id0,
1729690933.9708464,2046,1729690933,970137426,,0.012000000104308128,0.0,0.009999999776482582,nan,nan,nan,-0.009999999776482582,2,0,0,True,0.012000000104308128,id0,
1729690934.0694532,2047,1729690934,68927963,,0.009999999776482582,0.0,0.009999999776482582,nan,nan,nan,-0.009999999776482582,2,0,0,True,0.009999999776482582,id0,
1729690934.1709554,2048,1729690934,170153204,,0.017000000923871994,0.0,0.009999999776482582,nan,nan,nan,-0.009999999776482582,2,0,0,True,0.017000000923871994,id0,
1729690934.2680714,2049,1729690934,267076093,,0.017000000923871994,0.0,0.009999999776482582,nan,nan,nan,-0.009999999776482582,2,0,0,True,0.017000000923871994,id0,
1729690934.3696804,2050,1729690934,369003315,,0.00800000037997961,0.0,0.009999999776482582,nan,nan,nan,-0.009999999776482582,2,0,0,True,0.00800000037997961,id0,
1729690934.4719481,2051,1729690934,471218315,,0.014000000432133675,0.0,0.009999999776482582,nan,nan,nan,-0.009999999776482582,2,0,0,True,0.014000000432133675,id0,
1729690934.5710452,2052,1729690934,570300740,,0.017999999225139618,0.0,0.009999999776482582,nan,nan,nan,-0.009999999776482582,2,0,0,True,0.017999999225139618,id0,
1729690934.6688783,2053,1729690934,668258648,,0.017000000923871994,0.0,0.009999999776482582,nan,nan,nan,-0.009999999776482582,2,0,0,True,0.017000000923871994,id0,
1729690934.7698414,2054,1729690934,767573055,,0.006000000052154064,0.0,0.009999999776482582,nan,nan,nan,-0.009999999776482582,2,0,0,True,0.006000000052154064,id0,
1729690934.8704104,2055,1729690934,869616759,,0.006000000052154064,0.0,0.009999999776482582,nan,nan,nan,-0.009999999776482582,2,0,0,True,0.008999999612569809,id0,
1729690934.9717622,2056,1729690934,971061796,,0.008999999612569809,0.0,0.009999999776482582,nan,nan,nan,-0.009999999776482582,2,0,0,True,0.010999999940395355,id0,
1729690935.0714016,2057,1729690935,70397074,,0.010999999940395355,0.0,0.009999999776482582,nan,nan,nan,-0.009999999776482582,2,0,0,True,0.009999999776482582,id0,
1729690935.172192,2058,1729690935,171225129,,0.009999999776482582,0.0,0.009999999776482582,nan,nan,nan,-0.009999999776482582,2,0,0,True,0.004999999888241291,id0,
1729690935.270856,2059,1729690935,269197259,,0.004999999888241291,0.0,0.009999999776482582,nan,nan,nan,-0.009999999776482582,2,0,0,True,0.013000000268220901,id0,
1729690935.3732207,2060,1729690935,370595073,,0.013000000268220901,0.0,0.009999999776482582,nan,nan,nan,-0.009999999776482582,2,0,0,True,0.017999999225139618,id0,
1729690935.4712207,2061,1729690935,470240684,,0.017999999225139618,0.0,0.009999999776482582,nan,nan,nan,-0.009999999776482582,2,0,0,True,0.013000000268220901,id0,
1729690935.5688488,2062,1729690935,568146258,,0.013000000268220901,0.0,0.009999999776482582,nan,nan,nan,-0.009999999776482582,2,0,0,True,0.010999999940395355,id0,
1729690935.6698072,2063,1729690935,669154499,,0.010999999940395355,0.0,0.009999999776482582,nan,nan,nan,-0.009999999776482582,2,0,0,True,0.01600000075995922,id0,
1729690935.7718117,2064,1729690935,771169629,,0.01600000075995922,0.0,0.009999999776482582,nan,nan,nan,-0.009999999776482582,2,0,0,True,0.009999999776482582,id0,
1729690935.8706472,2065,1729690935,869634629,,0.009999999776482582,0.0,0.009999999776482582,nan,nan,nan,-0.009999999776482582,2,0,0,True,0.009999999776482582,id0,
1729690935.969454,2066,1729690935,968380499,,0.012000000104308128,0.0,0.009999999776482582,nan,nan,nan,-0.009999999776482582,2,0,0,True,0.012000000104308128,id0,
1729690936.0695035,2067,1729690936,68465073,,0.010999999940395355,0.0,0.009999999776482582,nan,nan,nan,-0.009999999776482582,2,0,0,True,0.010999999940395355,id0,
1729690936.1727197,2068,1729690936,172195054,,0.014000000432133675,0.0,0.009999999776482582,nan,nan,nan,-0.009999999776482582,2,0,0,True,0.014000000432133675,id0,
1729690936.2696633,2069,1729690936,268426406,,0.017000000923871994,0.0,0.009999999776482582,nan,nan,nan,-0.009999999776482582,2,0,0,True,0.017000000923871994,id0,
1729690936.373983,2070,1729690936,373264128,,0.008999999612569809,0.0,0.009999999776482582,nan,nan,nan,-0.009999999776482582,2,0,0,True,0.008999999612569809,id0,
1729690936.4678462,2071,1729690936,467247906,,0.017999999225139618,0.0,0.009999999776482582,nan,nan,nan,-0.009999999776482582,2,0,0,True,0.017999999225139618,id0,
1729690936.5689023,2072,1729690936,568257795,,0.012000000104308128,0.0,0.009999999776482582,nan,nan,nan,-0.009999999776482582,2,0,0,True,0.012000000104308128,id0,
1729690936.6710215,2073,1729690936,670297073,,0.012000000104308128,0.0,0.009999999776482582,nan,nan,nan,-0.009999999776482582,2,0,0,True,0.012000000104308128,id0,
1729690936.772014,2074,1729690936,771305184,,0.013000000268220901,0.0,0.009999999776482582,nan,nan,nan,-0.009999999776482582,2,0,0,True,0.013000000268220901,id0,
1729690936.8676322,2075,1729690936,866590776,,0.008999999612569809,0.0,0.009999999776482582,nan,nan,nan,-0.009999999776482582,2,0,0,True,0.008999999612569809,id0,
1729690936.9709907,2076,1729690936,970336665,,0.006000000052154064,0.0,0.009999999776482582,nan,nan,nan,-0.009999999776482582,2,0,0,True,0.006000000052154064,id0,
1729690937.0670886,2077,1729690937,66374702,,0.007000000216066837,0.0,0.009999999776482582,nan,nan,nan,-0.009999999776482582,2,0,0,True,0.007000000216066837,id0,
1729690937.1693823,2078,1729690937,168597906,,0.00800000037997961,0.0,0.009999999776482582,nan,nan,nan,-0.009999999776482582,2,0,0,True,0.00800000037997961,id0,
1729690937.2718518,2079,1729690937,270560776,,0.009999999776482582,0.0,0.009999999776482582,nan,nan,nan,-0.009999999776482582,2,0,0,True,0.009999999776482582,id0,
1729690937.3690214,2080,1729690937,366998776,,0.009999999776482582,0.0,0.009999999776482582,nan,nan,nan,-0.009999999776482582,2,0,0,True,0.009999999776482582,id0,
1729690937.4678404,2081,1729690937,466650479,,0.008999999612569809,0.0,0.009999999776482582,nan,nan,nan,-0.009999999776482582,2,0,0,True,0.008999999612569809,id0,
1729690937.5735035,2082,1729690937,572677720,,0.01600000075995922,0.0,0.009999999776482582,nan,nan,nan,-0.009999999776482582,2,0,0,True,0.01600000075995922,id0,
1729690937.6731238,2083,1729690937,672451702,,0.009999999776482582,0.0,0.009999999776482582,nan,nan,nan,-0.009999999776482582,2,0,0,True,0.009999999776482582,id0,
1729690937.7713842,2084,1729690937,770446627,,0.013000000268220901,0.0,0.009999999776482582,nan,nan,nan,-0.009999999776482582,2,0,0,True,0.013000000268220901,id0,
1729690937.8706725,2085,1729690937,869606868,,0.010999999940395355,0.0,0.009999999776482582,nan,nan,nan,-0.009999999776482582,2,0,0,True,0.010999999940395355,id0,
1729690937.9721236,2086,1729690937,971467609,,0.013000000268220901,0.0,0.009999999776482582,nan,nan,nan,-0.009999999776482582,2,0,0,True,0.013000000268220901,id0,
1729690938.0746279,2087,1729690938,73756535,,0.012000000104308128,0.0,0.009999999776482582,nan,nan,nan,-0.009999999776482582,2,0,0,True,0.012000000104308128,id0,
1729690938.1750886,2088,1729690938,172948979,,0.008999999612569809,0.0,0.009999999776482582,nan,nan,nan,-0.009999999776482582,2,0,0,True,0.008999999612569809,id0,
1729690938.2746508,2089,1729690938,273740572,,0.006000000052154064,0.0,0.009999999776482582,nan,nan,nan,-0.009999999776482582,2,0,0,True,0.006000000052154064,id0,
1729690938.3802023,2090,1729690938,379535238,,0.007000000216066837,0.0,0.009999999776482582,nan,nan,nan,-0.009999999776482582,2,0,0,True,0.007000000216066837,id0,
1729690938.479864,2091,1729690938,478685757,,0.00800000037997961,0.0,0.009999999776482582,nan,nan,nan,-0.009999999776482582,2,0,0,True,0.00800000037997961,id0,
1729690938.5739405,2092,1729690938,572700534,,0.009999999776482582,0.0,0.009999999776482582,nan,nan,nan,-0.009999999776482582,2,0,0,True,0.009999999776482582,id0,
1729690938.6797976,2093,1729690938,678703627,,0.010999999940395355,0.0,0.009999999776482582,nan,nan,nan,-0.009999999776482582,2,0,0,True,0.010999999940395355,id0,
1729690938.7779133,2094,1729690938,775720349,,0.013000000268220901,0.0,0.009999999776482582,nan,nan,nan,-0.009999999776482582,2,0,0,True,0.013000000268220901,id0,
1729690938.8785207,2095,1729690938,876782979,,0.014999999664723873,0.0,0.009999999776482582,nan,nan,nan,-0.009999999776482582,2,0,0,True,0.014999999664723873,id0,
1729690938.9776177,2096,1729690938,976857349,,0.01600000075995922,0.0,0.009999999776482582,nan,nan,nan,-0.009999999776482582,2,0,0,True,0.01600000075995922,id0,
1729690939.0751808,2097,1729690939,74647256,,0.004000000189989805,0.0,0.009999999776482582,nan,nan,nan,-0.009999999776482582,2,0,0,True,0.004000000189989805,id0,
1729690939.1766808,2098,1729690939,175893886,,0.014000000432133675,0.0,0.009999999776482582,nan,nan,nan,-0.009999999776482582,2,0,0,True,0.014000000432133675,id0,
1729690939.2764657,2099,1729690939,275724941,,0.013000000268220901,0.0,0.009999999776482582,nan,nan,nan,-0.009999999776482582,2,0,0,True,0.013000000268220901,id0,
1729690939.3779836,2100,1729690939,376954293,,0.00800000037997961,0.0,0.009999999776482582,nan,nan,nan,-0.009999999776482582,2,0,0,True,0.00800000037997961,id0,
1729690939.4728396,2101,1729690939,471930719,,0.017000000923871994,0.0,0.009999999776482582,nan,nan,nan,-0.009999999776482582,2,0,0,True,0.017000000923871994,id0,
1729690939.569023,2102,1729690939,567676256,,0.00800000037997961,0.0,0.009999999776482582,nan,nan,nan,-0.009999999776482582,2,0,0,True,0.00800000037997961,id0,
1729690939.6704495,2103,1729690939,669732608,,0.017000000923871994,0.0,0.009999999776482582,nan,nan,nan,-0.009999999776482582,2,0,0,True,0.017000000923871994,id0,
1729690939.7674553,2104,1729690939,765899552,,0.00800000037997961,0.0,0.009999999776482582,nan,nan,nan,-0.009999999776482582,2,0,0,True,0.00800000037997961,id0,
1729690939.8705492,2105,1729690939,869889793,,0.013000000268220901,0.0,0.009999999776482582,nan,nan,nan,-0.009999999776482582,2,0,0,True,0.013000000268220901,id0,
1729690939.9693074,2106,1729690939,968773108,,0.013000000268220901,0.0,0.009999999776482582,nan,nan,nan,-0.009999999776482582,2,0,0,True,0.013000000268220901,id0,
1729690940.071416,2107,1729690940,70774459,,0.013000000268220901,0.0,0.009999999776482582,nan,nan,nan,-0.009999999776482582,2,0,0,True,0.013000000268220901,id0,
1729690940.1735241,2108,1729690940,172818311,,0.00800000037997961,0.0,0.009999999776482582,nan,nan,nan,-0.009999999776482582,2,0,0,True,0.00800000037997961,id0,
1729690940.2695959,2109,1729690940,268887607,,0.014000000432133675,0.0,0.009999999776482582,nan,nan,nan,-0.009999999776482582,2,0,0,True,0.014000000432133675,id0,
1729690940.3679426,2110,1729690940,366319774,,0.004000000189989805,0.0,0.009999999776482582,nan,nan,nan,-0.009999999776482582,2,0,0,True,0.004000000189989805,id0,
1729690940.4723394,2111,1729690940,471812941,,0.008999999612569809,0.0,0.009999999776482582,nan,nan,nan,-0.009999999776482582,2,0,0,True,0.008999999612569809,id0,
1729690940.571536,2112,1729690940,570851829,,0.009999999776482582,0.0,0.009999999776482582,nan,nan,nan,-0.009999999776482582,2,0,0,True,0.009999999776482582,id0,
1729690940.6704144,2113,1729690940,669868681,,0.007000000216066837,0.0,0.009999999776482582,nan,nan,nan,-0.009999999776482582,2,0,0,True,0.007000000216066837,id0,
1729690940.7714303,2114,1729690940,770900422,,0.009999999776482582,0.0,0.009999999776482582,nan,nan,nan,-0.009999999776482582,2,0,0,True,0.009999999776482582,id0,
1729690940.871242,2115,1729690940,870433496,,0.009999999776482582,0.0,0.009999999776482582,nan,nan,nan,-0.009999999776482582,2,0,0,True,0.010999999940395355,id0,
1729690940.9695733,2116,1729690940,968937551,,0.010999999940395355,0.0,0.009999999776482582,nan,nan,nan,-0.009999999776482582,2,0,0,True,0.00800000037997961,id0,
1729690941.0686333,2117,1729690941,67946922,,0.00800000037997961,0.0,0.009999999776482582,nan,nan,nan,-0.009999999776482582,2,0,0,True,0.012000000104308128,id0,
1729690941.1724644,2118,1729690941,171952459,,0.012000000104308128,0.0,0.009999999776482582,nan,nan,nan,-0.009999999776482582,2,0,0,True,0.00800000037997961,id0,
1729690941.26847,2119,1729690941,267942070,,0.00800000037997961,0.0,0.009999999776482582,nan,nan,nan,-0.009999999776482582,2,0,0,True,0.006000000052154064,id0,
1729690941.3695922,2120,1729690941,369048385,,0.006000000052154064,0.0,0.009999999776482582,nan,nan,nan,-0.009999999776482582,2,0,0,True,0.00800000037997961,id0,
1729690941.4715552,2121,1729690941,471004162,,0.00800000037997961,0.0,0.009999999776482582,nan,nan,nan,-0.009999999776482582,2,0,0,True,0.010999999940395355,id0,
1729690941.5735853,2122,1729690941,573010625,,0.010999999940395355,0.0,0.009999999776482582,nan,nan,nan,-0.009999999776482582,2,0,0,True,0.014000000432133675,id0,
1729690941.6706738,2123,1729690941,670024403,,0.014000000432133675,0.0,0.009999999776482582,nan,nan,nan,-0.009999999776482582,2,0,0,True,0.008999999612569809,id0,
1729690941.7669904,2124,1729690941,766178440,,0.008999999612569809,0.0,0.009999999776482582,nan,nan,nan,-0.009999999776482582,2,0,0,True,0.008999999612569809,id0,
1729690941.8709147,2125,1729690941,870286699,,0.010999999940395355,0.0,0.009999999776482582,nan,nan,nan,-0.009999999776482582,2,0,0,True,0.010999999940395355,id0,
1729690941.9672923,2126,1729690941,966268273,,0.010999999940395355,0.0,0.009999999776482582,nan,nan,nan,-0.009999999776482582,2,0,0,True,0.010999999940395355,id0,
1729690942.0736094,2127,1729690942,73054255,,0.009999999776482582,0.0,0.009999999776482582,nan,nan,nan,-0.009999999776482582,2,0,0,True,0.009999999776482582,id0,
1729690942.1688542,2128,1729690942,168203773,,0.01600000075995922,0.0,0.009999999776482582,nan,nan,nan,-0.009999999776482582,2,0,0,True,0.01600000075995922,id0,
1729690942.2702265,2129,1729690942,268625940,,0.012000000104308128,0.0,0.009999999776482582,nan,nan,nan,-0.009999999776482582,2,0,0,True,0.012000000104308128,id0,
1729690942.3691428,2130,1729690942,367636754,,0.013000000268220901,0.0,0.009999999776482582,nan,nan,nan,-0.009999999776482582,2,0,0,True,0.013000000268220901,id0,
1729690942.4723232,2131,1729690942,471381477,,0.013000000268220901,0.0,0.009999999776482582,nan,nan,nan,-0.009999999776482582,2,0,0,True,0.013000000268220901,id0,
1729690942.5728226,2132,1729690942,572152217,,0.007000000216066837,0.0,0.009999999776482582,nan,nan,nan,-0.009999999776482582,2,0,0,True,0.007000000216066837,id0,
1729690942.6681144,2133,1729690942,666675458,,0.012000000104308128,0.0,0.009999999776482582,nan,nan,nan,-0.009999999776482582,2,0,0,True,0.012000000104308128,id0,
1729690942.7711895,2134,1729690942,770403513,,0.012000000104308128,0.0,0.009999999776482582,nan,nan,nan,-0.009999999776482582,2,0,0,True,0.012000000104308128,id0,
1729690942.870139,2135,1729690942,869419921,,0.012000000104308128,0.0,0.009999999776482582,nan,nan,nan,-0.009999999776482582,2,0,0,True,0.012000000104308128,id0,
1729690942.970145,2136,1729690942,969423828,,0.02199999988079071,0.0,0.009999999776482582,nan,nan,nan,-0.009999999776482582,2,0,0,True,0.02199999988079071,id0,
1729690943.0738952,2137,1729690943,73284309,,0.00800000037997961,0.0,0.009999999776482582,nan,nan,nan,-0.009999999776482582,2,0,0,True,0.00800000037997961,id0,
1729690943.1734185,2138,1729690943,170667087,,0.017000000923871994,0.0,0.009999999776482582,nan,nan,nan,-0.009999999776482582,2,0,0,True,0.017000000923871994,id0,
1729690943.2704024,2139,1729690943,269442846,,0.014000000432133675,0.0,0.009999999776482582,nan,nan,nan,-0.009999999776482582,2,0,0,True,0.014000000432133675,id0,
1729690943.3732305,2140,1729690943,372411087,,0.009999999776482582,0.0,0.009999999776482582,nan,nan,nan,-0.009999999776482582,2,0,0,True,0.009999999776482582,id0,
1729690943.474818,2141,1729690943,473353013,,0.007000000216066837,0.0,0.009999999776482582,nan,nan,nan,-0.009999999776482582,2,0,0,True,0.007000000216066837,id0,
1729690943.5675836,2142,1729690943,566561772,,0.012000000104308128,0.0,0.009999999776482582,nan,nan,nan,-0.009999999776482582,2,0,0,True,0.012000000104308128,id0,
1729690943.669538,2143,1729690943,668532698,,0.013000000268220901,0.0,0.009999999776482582,nan,nan,nan,-0.009999999776482582,2,0,0,True,0.013000000268220901,id0,
1729690943.7700198,2144,1729690943,769320050,,0.014999999664723873,0.0,0.009999999776482582,nan,nan,nan,-0.009999999776482582,2,0,0,True,0.014999999664723873,id0,
1729690943.872026,2145,1729690943,871357568,,0.014000000432133675,0.0,0.009999999776482582,nan,nan,nan,-0.009999999776482582,2,0,0,True,0.014000000432133675,id0,
1729690943.966687,2146,1729690943,965634827,,0.012000000104308128,0.0,0.009999999776482582,nan,nan,nan,-0.009999999776482582,2,0,0,True,0.012000000104308128,id0,
1729690944.0730197,2147,1729690944,72369624,,0.009999999776482582,0.0,0.009999999776482582,nan,nan,nan,-0.009999999776482582,2,0,0,True,0.009999999776482582,id0,
1729690944.174927,2148,1729690944,174379901,,0.00800000037997961,0.0,0.009999999776482582,nan,nan,nan,-0.009999999776482582,2,0,0,True,0.00800000037997961,id0,
1729690944.274406,2149,1729690944,273647642,,0.009999999776482582,0.0,0.009999999776482582,nan,nan,nan,-0.009999999776482582,2,0,0,True,0.009999999776482582,id0,
1729690944.3750515,2150,1729690944,374388586,,0.010999999940395355,0.0,0.009999999776482582,nan,nan,nan,-0.009999999776482582,2,0,0,True,0.010999999940395355,id0,
1729690944.472762,2151,1729690944,471691735,,0.008999999612569809,0.0,0.009999999776482582,nan,nan,nan,-0.009999999776482582,2,0,0,True,0.008999999612569809,id0,
1729690944.577773,2152,1729690944,577388549,,0.00800000037997961,0.0,0.009999999776482582,nan,nan,nan,-0.009999999776482582,2,0,0,True,0.00800000037997961,id0,
1729690944.6751528,2153,1729690944,674477438,,0.013000000268220901,0.0,0.009999999776482582,nan,nan,nan,-0.009999999776482582,2,0,0,True,0.013000000268220901,id0,
1729690944.7767463,2154,1729690944,775819253,,0.010999999940395355,0.0,0.009999999776482582,nan,nan,nan,-0.009999999776482582,2,0,0,True,0.010999999940395355,id0,
1729690944.8752463,2155,1729690944,874488234,,0.009999999776482582,0.0,0.009999999776482582,nan,nan,nan,-0.009999999776482582,2,0,0,True,0.009999999776482582,id0,
1729690944.977025,2156,1729690944,975487882,,0.00800000037997961,0.0,0.009999999776482582,nan,nan,nan,-0.009999999776482582,2,0,0,True,0.00800000037997961,id0,
1729690945.0765817,2157,1729690945,75718938,,0.010999999940395355,0.0,0.009999999776482582,nan,nan,nan,-0.009999999776482582,2,0,0,True,0.010999999940395355,id0,
1729690945.180702,2158,1729690945,179641864,,0.009999999776482582,0.0,0.009999999776482582,nan,nan,nan,-0.009999999776482582,2,0,0,True,0.009999999776482582,id0,
1729690945.279006,2159,1729690945,277062160,,0.010999999940395355,0.0,0.009999999776482582,nan,nan,nan,-0.009999999776482582,2,0,0,True,0.010999999940395355,id0,
1729690945.372828,2160,1729690945,371680827,,0.008999999612569809,0.0,0.009999999776482582,nan,nan,nan,-0.009999999776482582,2,0,0,True,0.008999999612569809,id0,
1729690945.4717162,2161,1729690945,470822327,,0.006000000052154064,0.0,0.009999999776482582,nan,nan,nan,-0.009999999776482582,2,0,0,True,0.006000000052154064,id0,
1729690945.5704217,2162,1729690945,569801012,,0.004999999888241291,0.0,0.009999999776482582,nan,nan,nan,-0.009999999776482582,2,0,0,True,0.004999999888241291,id0,
1729690945.6784325,2163,1729690945,677603567,,0.014000000432133675,0.0,0.009999999776482582,nan,nan,nan,-0.009999999776482582,2,0,0,True,0.014000000432133675,id0,
1729690945.7719128,2164,1729690945,770803160,,0.014000000432133675,0.0,0.009999999776482582,nan,nan,nan,-0.009999999776482582,2,0,0,True,0.014000000432133675,id0,
1729690945.8728204,2165,1729690945,870393845,,0.01600000075995922,0.0,0.009999999776482582,nan,nan,nan,-0.009999999776482582,2,0,0,True,0.01600000075995922,id0,
1729690945.9716396,2166,1729690945,970865271,,0.007000000216066837,0.0,0.009999999776482582,nan,nan,nan,-0.009999999776482582,2,0,0,True,0.007000000216066837,id0,
1729690946.0717478,2167,1729690946,70884011,,0.012000000104308128,0.0,0.009999999776482582,nan,nan,nan,-0.009999999776482582,2,0,0,True,0.012000000104308128,id0,
1729690946.170223,2168,1729690946,168649326,,0.00800000037997961,0.0,0.009999999776482582,nan,nan,nan,-0.009999999776482582,2,0,0,True,0.00800000037997961,id0,
1729690946.2708743,2169,1729690946,269835752,,0.006000000052154064,0.0,0.009999999776482582,nan,nan,nan,-0.009999999776482582,2,0,0,True,0.006000000052154064,id0,
1729690946.3693116,2170,1729690946,368741696,,0.017999999225139618,0.0,0.009999999776482582,nan,nan,nan,-0.009999999776482582,2,0,0,True,0.017999999225139618,id0,
