Time,header.seq,header.stamp.secs,header.stamp.nsecs,header.frame_id,rssi,channels_0,channels_1,channels_2,channels_3,channels_4,channels_5,channels_6,channels_7
1729690891.120307,1612,1729690890,664123008,,255,1502,1588,999,1501,999,999,999,999
1729690891.1205351,1613,1729690890,758123008,,255,1502,1588,999,1501,999,999,999,999
1729690891.121389,1614,1729690890,862123008,,255,1501,1587,999,1501,999,999,999,999
1729690891.12179,1615,1729690890,968123008,,255,1501,1588,999,1501,999,999,999,999
1729690891.1232216,1616,1729690891,68123008,,255,1501,1589,999,1501,999,999,999,999
1729690891.1630356,1617,1729690891,160123008,,255,1501,1588,999,1501,999,999,999,999
1729690891.2617157,1618,1729690891,259123008,,255,1501,1588,999,1501,999,999,999,999
1729690891.373598,1619,1729690891,370123008,,255,1501,1588,999,1501,999,999,999,999
1729690891.4627755,1620,1729690891,458123008,,255,1501,1588,999,1501,999,999,999,999
1729690891.5626638,1621,1729690891,559123008,,255,1501,1589,999,1501,999,999,999,999
1729690891.6608324,1622,1729690891,658121216,,255,1501,1589,999,1502,999,999,999,999
1729690891.7610626,1623,1729690891,758119424,,255,1502,1588,999,1501,999,999,999,999
1729690891.8599846,1624,1729690891,858119424,,255,1502,1588,999,1501,999,999,999,999
1729690891.957344,1625,1729690891,955115584,,255,1501,1589,999,1502,999,999,999,999
1729690892.060713,1626,1729690892,58113536,,255,1501,1588,999,1501,999,999,999,999
1729690892.1575394,1627,1729690892,155113280,,255,1501,1588,999,1501,999,999,999,999
1729690892.2578526,1628,1729690892,256113024,,255,1501,1588,999,1501,999,999,999,999
1729690892.357646,1629,1729690892,356112768,,255,1501,1589,999,1501,999,999,999,999
1729690892.4592016,1630,1729690892,458112768,,255,1501,1589,999,1502,999,999,999,999
1729690892.5596845,1631,1729690892,558113024,,255,1502,1588,999,1501,999,999,999,999
1729690892.663662,1632,1729690892,660113792,,255,1501,1587,999,1501,999,999,999,999
1729690892.7584324,1633,1729690892,755114560,,255,1501,1588,999,1501,999,999,999,999
1729690892.8603733,1634,1729690892,858113792,,255,1501,1588,999,1501,999,999,999,999
1729690892.9749525,1635,1729690892,956113280,,255,1501,1588,999,1501,999,999,999,999
1729690893.06389,1636,1729690893,58113280,,255,1501,1587,999,1501,999,999,999,999
1729690893.1601217,1637,1729690893,155113280,,255,1501,1589,999,1501,999,999,999,999
1729690893.2581708,1638,1729690893,255113280,,255,1501,1589,999,1502,999,999,999,999
1729690893.36015,1639,1729690893,358113536,,255,1502,1588,999,1501,999,999,999,999
1729690893.4581325,1640,1729690893,456110720,,255,1501,1588,999,1501,999,999,999,999
1729690893.5586202,1641,1729690893,556110464,,255,1501,1589,999,1502,999,999,999,999
1729690893.658886,1642,1729690893,656110208,,255,1501,1588,999,1501,999,999,999,999
1729690893.761954,1643,1729690893,758110464,,255,1501,1588,999,1501,999,999,999,999
1729690893.8604624,1644,1729690893,858109696,,255,1501,1589,999,1501,999,999,999,999
1729690893.9585712,1645,1729690893,956108672,,255,1501,1589,999,1502,999,999,999,999
1729690894.0610409,1646,1729690894,59108160,,255,1502,1588,999,1501,999,999,999,999
1729690894.1586263,1647,1729690894,156109440,,255,1501,1588,999,1501,999,999,999,999
1729690894.2618275,1648,1729690894,259109696,,255,1501,1587,999,1501,999,999,999,999
1729690894.3590908,1649,1729690894,356109440,,255,1501,1588,999,1501,999,999,999,999
1729690894.4612753,1650,1729690894,459107648,,255,1501,1588,999,1501,999,999,999,999
1729690894.561999,1651,1729690894,559108672,,255,1502,1587,999,1501,999,999,999,999
1729690894.6610718,1652,1729690894,659106112,,255,1501,1589,999,1502,999,999,999,999
1729690894.762264,1653,1729690894,760105600,,255,1501,1589,999,1501,999,999,999,999
1729690894.8598905,1654,1729690894,857105344,,255,1501,1587,999,1501,999,999,999,999
1729690894.965897,1655,1729690894,962103552,,255,1501,1588,999,1501,999,999,999,999
1729690895.0594504,1656,1729690895,55103552,,255,1501,1588,999,1501,999,999,999,999
1729690895.1733902,1657,1729690895,171101504,,255,1501,1588,999,1501,999,999,999,999
1729690895.262086,1658,1729690895,258102016,,255,1502,1588,999,1501,999,999,999,999
1729690895.3614678,1659,1729690895,356101248,,255,1501,1588,999,1501,999,999,999,999
1729690895.4605548,1660,1729690895,459102528,,255,1501,1589,999,1502,999,999,999,999
1729690895.5604825,1661,1729690895,556100736,,255,1501,1588,999,1501,999,999,999,999
1729690895.6616821,1662,1729690895,659098944,,255,1501,1588,999,1501,999,999,999,999
1729690895.7614462,1663,1729690895,759097408,,255,1501,1588,999,1501,999,999,999,999
1729690895.8639166,1664,1729690895,857098432,,255,1501,1589,999,1502,999,999,999,999
1729690895.9608152,1665,1729690895,957093056,,255,1501,1588,999,1501,999,999,999,999
1729690896.0575354,1666,1729690896,55088704,,255,1502,1588,999,1501,999,999,999,999
1729690896.1622057,1667,1729690896,160086144,,255,1501,1589,999,1502,999,999,999,999
1729690896.2621858,1668,1729690896,258084608,,255,1501,1589,999,1501,999,999,999,999
1729690896.359297,1669,1729690896,355080512,,255,1501,1588,999,1501,999,999,999,999
1729690896.4592347,1670,1729690896,456080000,,255,1501,1588,999,1501,999,999,999,999
1729690896.5573032,1671,1729690896,555079232,,255,1501,1588,999,1501,999,999,999,999
1729690896.6585727,1672,1729690896,656078720,,255,1501,1588,999,1501,999,999,999,999
1729690896.7613113,1673,1729690896,759078464,,255,1501,1588,999,1501,999,999,999,999
1729690896.862707,1674,1729690896,860076160,,255,1502,1588,999,1501,999,999,999,999
1729690896.9751697,1675,1729690896,961070016,,255,1501,1588,999,1501,999,999,999,999
1729690897.0605273,1676,1729690897,58066432,,255,1501,1589,999,1501,999,999,999,999
1729690897.1611073,1677,1729690897,158066432,,255,1501,1588,999,1501,999,999,999,999
1729690897.2582705,1678,1729690897,257064896,,255,1501,1588,999,1501,999,999,999,999
1729690897.3613734,1679,1729690897,358064896,,255,1502,1588,999,1501,999,999,999,999
1729690897.4563844,1680,1729690897,455067712,,255,1501,1588,999,1501,999,999,999,999
1729690897.5603664,1681,1729690897,559065664,,255,1501,1588,999,1501,999,999,999,999
1729690897.6584556,1682,1729690897,656065920,,255,1501,1588,999,1501,999,999,999,999
1729690897.760458,1683,1729690897,759066688,,255,1501,1588,999,1501,999,999,999,999
1729690897.8592465,1684,1729690897,858068992,,255,1501,1588,999,1501,999,999,999,999
1729690897.961563,1685,1729690897,959067712,,255,1502,1588,999,1501,999,999,999,999
1729690898.0593367,1686,1729690898,55067968,,255,1501,1588,999,1501,999,999,999,999
1729690898.1609454,1687,1729690898,159066432,,255,1501,1589,999,1501,999,999,999,999
1729690898.2640831,1688,1729690898,256071040,,255,1501,1589,999,1502,999,999,999,999
1729690898.3602986,1689,1729690898,357070528,,255,1501,1589,999,1502,999,999,999,999
1729690898.4580934,1690,1729690898,456071040,,255,1501,1589,999,1502,999,999,999,999
1729690898.5599947,1691,1729690898,558067968,,255,1501,1589,999,1502,999,999,999,999
1729690898.659838,1692,1729690898,657065664,,255,1502,1588,999,1501,999,999,999,999
1729690898.761218,1693,1729690898,756065664,,255,1501,1588,999,1501,999,999,999,999
1729690898.860459,1694,1729690898,859066432,,255,1502,1588,999,1501,999,999,999,999
1729690898.9605443,1695,1729690898,958066176,,255,1502,1588,999,1501,999,999,999,999
1729690899.0674226,1696,1729690899,56061056,,255,1502,1588,999,1501,999,999,999,999
1729690899.1611745,1697,1729690899,159060032,,255,1501,1588,999,1501,999,999,999,999
1729690899.26101,1698,1729690899,259062080,,255,1501,1588,999,1501,999,999,999,999
1729690899.3586526,1699,1729690899,358059520,,255,1501,1587,999,1501,999,999,999,999
1729690899.4586267,1700,1729690899,457052864,,255,1501,1588,999,1501,999,999,999,999
1729690899.5569403,1701,1729690899,555048768,,255,1501,1588,999,1501,999,999,999,999
1729690899.6600318,1702,1729690899,658048512,,255,1501,1588,999,1501,999,999,999,999
1729690899.761151,1703,1729690899,759049536,,255,1501,1588,999,1501,999,999,999,999
1729690899.858558,1704,1729690899,856051072,,255,1501,1588,999,1501,999,999,999,999
1729690899.9617636,1705,1729690899,960050048,,255,1501,1588,999,1501,999,999,999,999
1729690900.0623684,1706,1729690900,60050048,,255,1501,1588,999,1501,999,999,999,999
1729690900.1592538,1707,1729690900,157047488,,255,1501,1589,999,1502,999,999,999,999
1729690900.263625,1708,1729690900,261043648,,255,1501,1588,999,1501,999,999,999,999
1729690900.3564994,1709,1729690900,355039808,,255,1502,1588,999,1501,999,999,999,999
1729690900.4599717,1710,1729690900,457037248,,255,1501,1588,999,1501,999,999,999,999
1729690900.5605118,1711,1729690900,559029568,,255,1501,1588,999,1501,999,999,999,999
1729690900.658609,1712,1729690900,656029568,,255,1501,1589,999,1502,999,999,999,999
1729690900.7620244,1713,1729690900,760042880,,255,1501,1588,999,1501,999,999,999,999
1729690900.8614633,1714,1729690900,859037248,,255,1501,1588,999,1501,999,999,999,999
1729690900.9636054,1715,1729690900,961037248,,255,1501,1588,999,1501,999,999,999,999
1729690901.0624697,1716,1729690901,61037248,,255,1501,1589,999,1501,999,999,999,999
1729690901.1633067,1717,1729690901,162039808,,255,1501,1589,999,1502,999,999,999,999
1729690901.2674298,1718,1729690901,265039808,,255,1501,1588,999,1501,999,999,999,999
1729690901.3667123,1719,1729690901,364043136,,255,1501,1588,999,1501,999,999,999,999
1729690901.4688008,1720,1729690901,466041344,,255,1501,1588,999,1501,999,999,999,999
1729690901.5624206,1721,1729690901,559041088,,255,1501,1589,999,1502,999,999,999,999
1729690901.6670883,1722,1729690901,663043904,,255,1501,1588,999,1501,999,999,999,999
1729690901.7610242,1723,1729690901,759044928,,255,1501,1588,999,1501,999,999,999,999
1729690901.8669994,1724,1729690901,865045952,,255,1501,1589,999,1502,999,999,999,999
1729690901.960062,1725,1729690901,958045184,,255,1501,1588,999,1501,999,999,999,999
1729690902.059077,1726,1729690902,57041856,,255,1501,1588,999,1501,999,999,999,999
1729690902.1602552,1727,1729690902,158041600,,255,1502,1588,999,1501,999,999,999,999
1729690902.2616289,1728,1729690902,260040832,,255,1501,1588,999,1501,999,999,999,999
1729690902.3610594,1729,1729690902,358042112,,255,1501,1589,999,1502,999,999,999,999
1729690902.4671488,1730,1729690902,458039552,,255,1502,1588,999,1501,999,999,999,999
1729690902.5639014,1731,1729690902,559039296,,255,1501,1588,999,1501,999,999,999,999
1729690902.6604636,1732,1729690902,657039040,,255,1501,1588,999,1501,999,999,999,999
1729690902.7630558,1733,1729690902,759038272,,255,1501,1588,999,1501,999,999,999,999
1729690902.8641927,1734,1729690902,860037760,,255,1501,1589,999,1501,999,999,999,999
1729690902.9588895,1735,1729690902,957036992,,255,1501,1589,999,1502,999,999,999,999
1729690903.0596607,1736,1729690903,57033408,,255,1501,1588,999,1501,999,999,999,999
1729690903.1618762,1737,1729690903,159034176,,255,1501,1588,999,1501,999,999,999,999
1729690903.2605042,1738,1729690903,258035968,,255,1501,1588,999,1501,999,999,999,999
1729690903.359216,1739,1729690903,357033920,,255,1501,1588,999,1502,999,999,999,999
1729690903.4592757,1740,1729690903,456035456,,255,1501,1588,999,1501,999,999,999,999
1729690903.5606341,1741,1729690903,557032640,,255,1501,1588,999,1501,999,999,999,999
1729690903.661542,1742,1729690903,659031360,,255,1501,1588,999,1501,999,999,999,999
1729690903.7613904,1743,1729690903,758028032,,255,1501,1589,999,1501,999,999,999,999
1729690903.858959,1744,1729690903,857025216,,255,1502,1588,999,1501,999,999,999,999
1729690903.960008,1745,1729690903,956024960,,255,1501,1588,999,1501,999,999,999,999
1729690904.0571196,1746,1729690904,55023168,,255,1501,1588,999,1501,999,999,999,999
1729690904.1621237,1747,1729690904,156022912,,255,1501,1589,999,1501,999,999,999,999
1729690904.2604475,1748,1729690904,259024192,,255,1502,1588,999,1501,999,999,999,999
1729690904.3624485,1749,1729690904,360021376,,255,1501,1588,999,1501,999,999,999,999
1729690904.459255,1750,1729690904,456022912,,255,1501,1587,999,1501,999,999,999,999
1729690904.5588555,1751,1729690904,557021888,,255,1501,1589,999,1502,999,999,999,999
1729690904.6579514,1752,1729690904,656020096,,255,1502,1588,999,1501,999,999,999,999
1729690904.7613573,1753,1729690904,760020352,,255,1501,1588,999,1501,999,999,999,999
1729690904.8608859,1754,1729690904,859017792,,255,1501,1588,999,1501,999,999,999,999
1729690904.9586933,1755,1729690904,956017280,,255,1501,1589,999,1502,999,999,999,999
1729690905.0602415,1756,1729690905,58015744,,255,1501,1588,999,1501,999,999,999,999
1729690905.1585224,1757,1729690905,156016256,,255,1501,1588,999,1501,999,999,999,999
1729690905.2606115,1758,1729690905,258017792,,255,1501,1589,999,1501,999,999,999,999
1729690905.36499,1759,1729690905,359017536,,255,1502,1588,999,1501,999,999,999,999
1729690905.4598944,1760,1729690905,458017280,,255,1501,1588,999,1501,999,999,999,999
1729690905.5592396,1761,1729690905,557014464,,255,1501,1588,999,1501,999,999,999,999
1729690905.6581912,1762,1729690905,656014208,,255,1501,1589,999,1502,999,999,999,999
1729690905.7596161,1763,1729690905,757015232,,255,1501,1588,999,1501,999,999,999,999
1729690905.8596423,1764,1729690905,857013952,,255,1502,1588,999,1501,999,999,999,999
1729690905.9603243,1765,1729690905,958014464,,255,1501,1588,999,1501,999,999,999,999
1729690906.0611975,1766,1729690906,58010624,,255,1501,1588,999,1501,999,999,999,999
1729690906.1597123,1767,1729690906,157011136,,255,1501,1588,999,1501,999,999,999,999
1729690906.2608132,1768,1729690906,259018048,,255,1501,1588,999,1501,999,999,999,999
1729690906.3603444,1769,1729690906,358019328,,255,1501,1588,999,1501,999,999,999,999
1729690906.4591482,1770,1729690906,457016256,,255,1501,1588,999,1501,999,999,999,999
1729690906.5590107,1771,1729690906,556016512,,255,1501,1588,999,1501,999,999,999,999
1729690906.660697,1772,1729690906,658010624,,255,1501,1588,999,1501,999,999,999,999
1729690906.7594547,1773,1729690906,757006784,,255,1501,1588,999,1501,999,999,999,999
1729690906.8645053,1774,1729690906,862004224,,255,1502,1588,999,1501,999,999,999,999
1729690906.9611514,1775,1729690906,958995520,,255,1502,1588,999,1501,999,999,999,999
1729690907.0614276,1776,1729690907,57995520,,255,1502,1587,999,1501,999,999,999,999
1729690907.1625109,1777,1729690907,158987584,,255,1501,1588,999,1501,999,999,999,999
1729690907.265007,1778,1729690907,262981952,,255,1502,1587,999,1501,999,999,999,999
1729690907.3622751,1779,1729690907,358976576,,255,1501,1588,999,1501,999,999,999,999
1729690907.4653723,1780,1729690907,462973760,,255,1502,1588,999,1501,999,999,999,999
1729690907.5652163,1781,1729690907,561975552,,255,1501,1588,999,1501,999,999,999,999
1729690907.66573,1782,1729690907,663972736,,255,1501,1588,999,1501,999,999,999,999
1729690907.7674146,1783,1729690907,764974272,,255,1501,1588,999,1501,999,999,999,999
1729690907.8666892,1784,1729690907,863972224,,255,1501,1588,999,1501,999,999,999,999
1729690907.9591851,1785,1729690907,956972480,,255,1501,1588,999,1501,999,999,999,999
1729690908.0635307,1786,1729690908,60966080,,255,1501,1588,999,1501,999,999,999,999
1729690908.157774,1787,1729690908,154962752,,255,1501,1588,999,1501,999,999,999,999
1729690908.2599494,1788,1729690908,256960960,,255,1501,1588,999,1501,999,999,999,999
1729690908.3599792,1789,1729690908,357961984,,255,1501,1588,999,1501,999,999,999,999
1729690908.460861,1790,1729690908,456963264,,255,1501,1588,999,1501,999,999,999,999
1729690908.56036,1791,1729690908,557963008,,255,1501,1588,999,1501,999,999,999,999
1729690908.660638,1792,1729690908,656959680,,255,1501,1588,999,1501,999,999,999,999
1729690908.760317,1793,1729690908,755960448,,255,1501,1588,999,1501,999,999,999,999
1729690908.8593345,1794,1729690908,854956352,,255,1501,1588,999,1501,999,999,999,999
1729690908.9614003,1795,1729690908,958954560,,255,1501,1589,999,1501,999,999,999,999
1729690909.063146,1796,1729690909,58950720,,255,1501,1589,999,1502,999,999,999,999
1729690909.1580098,1797,1729690909,155946112,,255,1501,1588,999,1501,999,999,999,999
1729690909.260205,1798,1729690909,256946112,,255,1502,1588,999,1502,999,999,999,999
1729690909.360509,1799,1729690909,357945856,,255,1502,1588,999,1501,999,999,999,999
1729690909.4604461,1800,1729690909,456944064,,255,1501,1587,999,1501,999,999,999,999
1729690909.561325,1801,1729690909,558945344,,255,1501,1588,999,1501,999,999,999,999
1729690909.6628861,1802,1729690909,659943296,,255,1501,1588,999,1501,999,999,999,999
1729690909.7616005,1803,1729690909,758943296,,255,1501,1588,999,1501,999,999,999,999
1729690909.864251,1804,1729690909,857941248,,255,1501,1588,999,1501,999,999,999,999
1729690909.9609427,1805,1729690909,958938432,,255,1502,1588,999,1501,999,999,999,999
1729690910.059085,1806,1729690910,55934336,,255,1501,1588,999,1501,999,999,999,999
1729690910.1591887,1807,1729690910,156932288,,255,1501,1588,999,1501,999,999,999,999
1729690910.2582266,1808,1729690910,255932288,,255,1501,1589,999,1502,999,999,999,999
1729690910.3624136,1809,1729690910,358930240,,255,1501,1588,999,1501,999,999,999,999
1729690910.4612937,1810,1729690910,458930752,,255,1501,1588,999,1501,999,999,999,999
1729690910.5606883,1811,1729690910,557930752,,255,1501,1589,999,1502,999,999,999,999
1729690910.661862,1812,1729690910,658929472,,255,1501,1588,999,1501,999,999,999,999
1729690910.7593894,1813,1729690910,755925376,,255,1501,1588,999,1501,999,999,999,999
1729690910.8625214,1814,1729690910,859923840,,255,1501,1589,999,1501,999,999,999,999
1729690910.9608624,1815,1729690910,957924608,,255,1501,1589,999,1502,999,999,999,999
1729690911.0590978,1816,1729690911,56922816,,255,1502,1588,999,1501,999,999,999,999
1729690911.158187,1817,1729690911,155923840,,255,1501,1588,999,1501,999,999,999,999
1729690911.260879,1818,1729690911,258924352,,255,1501,1588,999,1501,999,999,999,999
1729690911.3608255,1819,1729690911,358926144,,255,1501,1588,999,1501,999,999,999,999
1729690911.459946,1820,1729690911,457926400,,255,1501,1588,999,1501,999,999,999,999
1729690911.5590994,1821,1729690911,556926400,,255,1501,1589,999,1501,999,999,999,999
1729690911.6581502,1822,1729690911,655926656,,255,1501,1589,999,1502,999,999,999,999
1729690911.7591128,1823,1729690911,756925632,,255,1502,1588,999,1501,999,999,999,999
1729690911.8621392,1824,1729690911,859918720,,255,1501,1588,999,1501,999,999,999,999
1729690911.9609566,1825,1729690911,958917952,,255,1501,1588,999,1501,999,999,999,999
1729690912.0581567,1826,1729690912,55915904,,255,1501,1588,999,1501,999,999,999,999
1729690912.1591227,1827,1729690912,156913600,,255,1501,1588,999,1501,999,999,999,999
1729690912.2611716,1828,1729690912,258911296,,255,1501,1589,999,1502,999,999,999,999
1729690912.3583899,1829,1729690912,355906688,,255,1502,1588,999,1502,999,999,999,999
1729690912.4576242,1830,1729690912,455905408,,255,1501,1588,999,1501,999,999,999,999
1729690912.5601156,1831,1729690912,556902336,,255,1501,1588,999,1501,999,999,999,999
1729690912.6586828,1832,1729690912,655913344,,255,1501,1588,999,1501,999,999,999,999
1729690912.7573712,1833,1729690912,754925888,,255,1501,1588,999,1501,999,999,999,999
1729690912.8604414,1834,1729690912,857918208,,255,1501,1589,999,1502,999,999,999,999
1729690912.9592867,1835,1729690912,956909760,,255,1501,1588,999,1501,999,999,999,999
1729690913.06288,1836,1729690913,60903360,,255,1501,1588,999,1501,999,999,999,999
1729690913.167767,1837,1729690913,164896704,,255,1501,1589,999,1502,999,999,999,999
1729690913.2641037,1838,1729690913,260894656,,255,1501,1587,999,1501,999,999,999,999
1729690913.3623705,1839,1729690913,359894400,,255,1501,1589,999,1502,999,999,999,999
1729690913.4642599,1840,1729690913,461894144,,255,1501,1588,999,1501,999,999,999,999
1729690913.5596144,1841,1729690913,556892352,,255,1501,1588,999,1501,999,999,999,999
1729690913.6659544,1842,1729690913,664893376,,255,1501,1588,999,1501,999,999,999,999
1729690913.7651668,1843,1729690913,762892608,,255,1501,1589,999,1501,999,999,999,999
1729690913.867579,1844,1729690913,864891840,,255,1501,1588,999,1501,999,999,999,999
1729690913.9575484,1845,1729690913,954895424,,255,1501,1588,999,1501,999,999,999,999
1729690914.068516,1846,1729690914,65889280,,255,1501,1588,999,1501,999,999,999,999
1729690914.1585562,1847,1729690914,156890304,,255,1501,1589,999,1501,999,999,999,999
1729690914.2616682,1848,1729690914,259888256,,255,1502,1588,999,1501,999,999,999,999
1729690914.3602252,1849,1729690914,358886464,,255,1501,1588,999,1501,999,999,999,999
1729690914.459506,1850,1729690914,456886976,,255,1501,1588,999,1501,999,999,999,999
1729690914.5594585,1851,1729690914,556885696,,255,1501,1588,999,1501,999,999,999,999
1729690914.658758,1852,1729690914,655888256,,255,1501,1589,999,1502,999,999,999,999
1729690914.7615845,1853,1729690914,756889024,,255,1502,1588,999,1501,999,999,999,999
1729690914.8611844,1854,1729690914,858889280,,255,1501,1588,999,1501,999,999,999,999
1729690914.9625509,1855,1729690914,959886464,,255,1501,1588,999,1501,999,999,999,999
1729690915.0613053,1856,1729690915,58885184,,255,1501,1589,999,1502,999,999,999,999
1729690915.1615987,1857,1729690915,155885440,,255,1501,1588,999,1501,999,999,999,999
1729690915.257497,1858,1729690915,254882624,,255,1501,1588,999,1501,999,999,999,999
1729690915.3640141,1859,1729690915,358883392,,255,1501,1588,999,1501,999,999,999,999
1729690915.4594781,1860,1729690915,455879040,,255,1502,1588,999,1501,999,999,999,999
1729690915.5612965,1861,1729690915,556876992,,255,1501,1588,999,1501,999,999,999,999
1729690915.6589596,1862,1729690915,655876480,,255,1501,1588,999,1501,999,999,999,999
1729690915.7615528,1863,1729690915,759873664,,255,1501,1589,999,1502,999,999,999,999
1729690915.8586574,1864,1729690915,856871872,,255,1502,1588,999,1501,999,999,999,999
1729690915.9572785,1865,1729690915,954870080,,255,1501,1588,999,1501,999,999,999,999
1729690916.0593145,1866,1729690916,56865984,,255,1501,1588,999,1501,999,999,999,999
1729690916.1604319,1867,1729690916,157867520,,255,1502,1588,999,1501,999,999,999,999
1729690916.2602026,1868,1729690916,257867776,,255,1501,1589,999,1502,999,999,999,999
1729690916.3606582,1869,1729690916,358869312,,255,1501,1588,999,1501,999,999,999,999
1729690916.4611678,1870,1729690916,457874176,,255,1501,1589,999,1502,999,999,999,999
1729690916.5606623,1871,1729690916,558872896,,255,1501,1588,999,1501,999,999,999,999
1729690916.6592696,1872,1729690916,655873920,,255,1501,1588,999,1501,999,999,999,999
1729690916.7590797,1873,1729690916,756874176,,255,1501,1589,999,1502,999,999,999,999
1729690916.8596807,1874,1729690916,857874688,,255,1501,1588,999,1501,999,999,999,999
1729690916.9584622,1875,1729690916,954871872,,255,1501,1588,999,1501,999,999,999,999
1729690917.0610306,1876,1729690917,58870848,,255,1501,1589,999,1501,999,999,999,999
1729690917.1579075,1877,1729690917,155870848,,255,1501,1588,999,1501,999,999,999,999
1729690917.260691,1878,1729690917,258869056,,255,1501,1588,999,1501,999,999,999,999
1729690917.3606815,1879,1729690917,357867520,,255,1501,1588,999,1501,999,999,999,999
1729690917.461403,1880,1729690917,459865216,,255,1502,1588,999,1501,999,999,999,999
1729690917.5608065,1881,1729690917,557864448,,255,1501,1588,999,1501,999,999,999,999
1729690917.661881,1882,1729690917,659864448,,255,1501,1589,999,1501,999,999,999,999
1729690917.7611756,1883,1729690917,758865216,,255,1501,1588,999,1501,999,999,999,999
1729690917.8578744,1884,1729690917,855868800,,255,1502,1588,999,1501,999,999,999,999
1729690917.9617405,1885,1729690917,959869056,,255,1501,1589,999,1502,999,999,999,999
1729690918.0604727,1886,1729690918,58861632,,255,1502,1588,999,1501,999,999,999,999
1729690918.1619728,1887,1729690918,159859328,,255,1502,1588,999,1501,999,999,999,999
1729690918.260671,1888,1729690918,258859072,,255,1502,1588,999,1501,999,999,999,999
1729690918.3596091,1889,1729690918,357860352,,255,1502,1588,999,1501,999,999,999,999
1729690918.4594166,1890,1729690918,456861120,,255,1501,1588,999,1501,999,999,999,999
1729690918.558155,1891,1729690918,555860352,,255,1501,1588,999,1501,999,999,999,999
1729690918.6605306,1892,1729690918,658859840,,255,1501,1588,999,1501,999,999,999,999
1729690918.758055,1893,1729690918,755862912,,255,1501,1588,999,1501,999,999,999,999
1729690918.8619695,1894,1729690918,859867264,,255,1501,1588,999,1501,999,999,999,999
1729690918.9613554,1895,1729690918,958866240,,255,1501,1588,999,1501,999,999,999,999
1729690919.0618308,1896,1729690919,57863936,,255,1501,1588,999,1501,999,999,999,999
1729690919.161437,1897,1729690919,158858816,,255,1501,1589,999,1502,999,999,999,999
1729690919.2660086,1898,1729690919,263856256,,255,1501,1588,999,1501,999,999,999,999
1729690919.3654697,1899,1729690919,362855488,,255,1502,1587,999,1501,999,999,999,999
1729690919.458503,1900,1729690919,455856256,,255,1501,1588,999,1501,999,999,999,999
1729690919.565756,1901,1729690919,562852928,,255,1501,1588,999,1501,999,999,999,999
1729690919.666651,1902,1729690919,664852160,,255,1501,1589,999,1502,999,999,999,999
1729690919.762737,1903,1729690919,759848576,,255,1501,1589,999,1502,999,999,999,999
1729690919.8599906,1904,1729690919,857849856,,255,1502,1588,999,1501,999,999,999,999
1729690919.9680526,1905,1729690919,965848064,,255,1502,1588,999,1501,999,999,999,999
1729690920.067184,1906,1729690920,64850624,,255,1501,1588,999,1501,999,999,999,999
1729690920.1592758,1907,1729690920,156850624,,255,1501,1588,999,1501,999,999,999,999
1729690920.260197,1908,1729690920,256847808,,255,1501,1588,999,1501,999,999,999,999
1729690920.3596842,1909,1729690920,357847296,,255,1501,1588,999,1501,999,999,999,999
1729690920.4640205,1910,1729690920,457843968,,255,1501,1588,999,1501,999,999,999,999
1729690920.5613065,1911,1729690920,558842176,,255,1501,1588,999,1501,999,999,999,999
1729690920.6583939,1912,1729690920,655841152,,255,1501,1588,999,1501,999,999,999,999
1729690920.759013,1913,1729690920,756840384,,255,1501,1589,999,1502,999,999,999,999
1729690920.8578284,1914,1729690920,856840128,,255,1502,1588,999,1501,999,999,999,999
1729690920.9575567,1915,1729690920,954838592,,255,1501,1588,999,1501,999,999,999,999
1729690921.060894,1916,1729690921,59836544,,255,1501,1587,999,1501,999,999,999,999
1729690921.1611404,1917,1729690921,158836032,,255,1501,1588,999,1501,999,999,999,999
1729690921.260012,1918,1729690921,257836032,,255,1501,1588,999,1501,999,999,999,999
1729690921.3604038,1919,1729690921,356837056,,255,1501,1589,999,1501,999,999,999,999
1729690921.4591696,1920,1729690921,455835264,,255,1501,1589,999,1502,999,999,999,999
1729690921.5611877,1921,1729690921,554833472,,255,1501,1588,999,1501,999,999,999,999
1729690921.6621869,1922,1729690921,656831424,,255,1501,1588,999,1501,999,999,999,999
1729690921.7585769,1923,1729690921,756830400,,255,1502,1588,999,1501,999,999,999,999
1729690921.858884,1924,1729690921,857829632,,255,1501,1588,999,1501,999,999,999,999
1729690921.961312,1925,1729690921,958830400,,255,1501,1588,999,1501,999,999,999,999
1729690922.060149,1926,1729690922,57827072,,255,1502,1588,999,1501,999,999,999,999
1729690922.1603715,1927,1729690922,156824000,,255,1501,1588,999,1501,999,999,999,999
1729690922.260746,1928,1729690922,258825024,,255,1501,1588,999,1501,999,999,999,999
1729690922.3596933,1929,1729690922,357823744,,255,1501,1588,999,1501,999,999,999,999
1729690922.4602754,1930,1729690922,456823488,,255,1501,1588,999,1501,999,999,999,999
1729690922.560997,1931,1729690922,557825280,,255,1501,1589,999,1502,999,999,999,999
1729690922.6629708,1932,1729690922,659823744,,255,1501,1588,999,1501,999,999,999,999
1729690922.759283,1933,1729690922,755825024,,255,1501,1587,999,1501,999,999,999,999
1729690922.8610833,1934,1729690922,858825280,,255,1501,1588,999,1501,999,999,999,999
1729690922.9590628,1935,1729690922,955824256,,255,1501,1589,999,1501,999,999,999,999
1729690923.061281,1936,1729690923,59822464,,255,1502,1588,999,1501,999,999,999,999
1729690923.1588182,1937,1729690923,156821696,,255,1501,1588,999,1501,999,999,999,999
1729690923.2585704,1938,1729690923,255818112,,255,1501,1588,999,1501,999,999,999,999
1729690923.3614993,1939,1729690923,358815552,,255,1501,1588,999,1501,999,999,999,999
1729690923.4579175,1940,1729690923,455810944,,255,1501,1589,999,1502,999,999,999,999
1729690923.560617,1941,1729690923,556808896,,255,1501,1588,999,1501,999,999,999,999
1729690923.6588843,1942,1729690923,656808640,,255,1501,1588,999,1501,999,999,999,999
1729690923.7603421,1943,1729690923,757805312,,255,1501,1588,999,1501,999,999,999,999
1729690923.8614764,1944,1729690923,858802496,,255,1501,1589,999,1502,999,999,999,999
1729690923.9574592,1945,1729690923,954800960,,255,1502,1588,999,1501,999,999,999,999
1729690924.061629,1946,1729690924,59795584,,255,1501,1588,999,1501,999,999,999,999
1729690924.1603274,1947,1729690924,157794560,,255,1501,1588,999,1501,999,999,999,999
1729690924.2605581,1948,1729690924,256794560,,255,1501,1589,999,1502,999,999,999,999
1729690924.3592892,1949,1729690924,355796352,,255,1501,1588,999,1501,999,999,999,999
1729690924.463617,1950,1729690924,459792768,,255,1501,1588,999,1501,999,999,999,999
1729690924.5593019,1951,1729690924,556784320,,255,1501,1588,999,1501,999,999,999,999
1729690924.660999,1952,1729690924,658783040,,255,1502,1588,999,1501,999,999,999,999
1729690924.7576127,1953,1729690924,754780480,,255,1501,1588,999,1501,999,999,999,999
1729690924.8618102,1954,1729690924,859784064,,255,1501,1588,999,1501,999,999,999,999
1729690924.9582052,1955,1729690924,955782016,,255,1501,1589,999,1502,999,999,999,999
1729690925.066385,1956,1729690925,63797376,,255,1501,1588,999,1501,999,999,999,999
1729690925.1619682,1957,1729690925,159795072,,255,1501,1589,999,1502,999,999,999,999
1729690925.2614732,1958,1729690925,258795072,,255,1501,1589,999,1501,999,999,999,999
1729690925.3607762,1959,1729690925,357795072,,255,1501,1588,999,1501,999,999,999,999
1729690925.4603481,1960,1729690925,457793024,,255,1501,1588,999,1501,999,999,999,999
1729690925.5621128,1961,1729690925,558792768,,255,1501,1588,999,1501,999,999,999,999
1729690925.6587973,1962,1729690925,656794304,,255,1502,1588,999,1501,999,999,999,999
1729690925.758242,1963,1729690925,755795840,,255,1501,1588,999,1501,999,999,999,999
1729690925.8577144,1964,1729690925,854794048,,255,1501,1588,999,1501,999,999,999,999
1729690925.9671783,1965,1729690925,964795072,,255,1501,1588,999,1501,999,999,999,999
1729690926.0602412,1966,1729690926,57792000,,255,1501,1587,999,1501,999,999,999,999
1729690926.1591465,1967,1729690926,156793024,,255,1501,1588,999,1501,999,999,999,999
1729690926.2582636,1968,1729690926,255793792,,255,1501,1588,999,1501,999,999,999,999
1729690926.3611434,1969,1729690926,358794816,,255,1501,1588,999,1501,999,999,999,999
1729690926.457089,1970,1729690926,455794560,,255,1501,1588,999,1501,999,999,999,999
1729690926.559357,1971,1729690926,556792000,,255,1501,1589,999,1502,999,999,999,999
1729690926.6582985,1972,1729690926,655793024,,255,1501,1589,999,1502,999,999,999,999
1729690926.7597392,1973,1729690926,756786112,,255,1501,1588,999,1501,999,999,999,999
1729690926.8611805,1974,1729690926,858787392,,255,1501,1589,999,1502,999,999,999,999
1729690926.959654,1975,1729690926,956784320,,255,1501,1588,999,1501,999,999,999,999
1729690927.0597522,1976,1729690927,57785856,,255,1501,1588,999,1501,999,999,999,999
1729690927.159473,1977,1729690927,156784064,,255,1502,1588,999,1501,999,999,999,999
1729690927.259836,1978,1729690927,257783296,,255,1501,1587,999,1501,999,999,999,999
1729690927.362338,1979,1729690927,359782016,,255,1501,1588,999,1501,999,999,999,999
1729690927.4588587,1980,1729690927,455782784,,255,1502,1588,999,1501,999,999,999,999
1729690927.5616212,1981,1729690927,559779712,,255,1501,1589,999,1502,999,999,999,999
1729690927.66102,1982,1729690927,658774336,,255,1501,1588,999,1501,999,999,999,999
1729690927.7596428,1983,1729690927,757778432,,255,1502,1588,999,1501,999,999,999,999
1729690927.8595002,1984,1729690927,856782272,,255,1501,1588,999,1501,999,999,999,999
1729690927.9603474,1985,1729690927,958783808,,255,1501,1589,999,1501,999,999,999,999
1729690928.0609777,1986,1729690928,59782272,,255,1501,1588,999,1501,999,999,999,999
1729690928.1610618,1987,1729690928,158782272,,255,1501,1588,999,1501,999,999,999,999
1729690928.2587364,1988,1729690928,255779200,,255,1501,1588,999,1501,999,999,999,999
1729690928.359219,1989,1729690928,356776640,,255,1501,1588,999,1501,999,999,999,999
1729690928.4606013,1990,1729690928,457776640,,255,1501,1588,999,1501,999,999,999,999
1729690928.5595548,1991,1729690928,556776384,,255,1502,1588,999,1501,999,999,999,999
1729690928.6576636,1992,1729690928,655774848,,255,1501,1588,999,1501,999,999,999,999
1729690928.7594824,1993,1729690928,756775104,,255,1501,1588,999,1501,999,999,999,999
1729690928.8626056,1994,1729690928,856773312,,255,1501,1588,999,1501,999,999,999,999
1729690928.9600577,1995,1729690928,957771008,,255,1501,1588,999,1501,999,999,999,999
1729690929.0615897,1996,1729690929,58768192,,255,1502,1588,999,1501,999,999,999,999
1729690929.1576495,1997,1729690929,155763584,,255,1501,1588,999,1501,999,999,999,999
1729690929.2580266,1998,1729690929,254763072,,255,1501,1589,999,1502,999,999,999,999
1729690929.3618627,1999,1729690929,358764096,,255,1501,1588,999,1501,999,999,999,999
1729690929.4577694,2000,1729690929,455760768,,255,1501,1588,999,1501,999,999,999,999
1729690929.5629573,2001,1729690929,558761280,,255,1501,1588,999,1501,999,999,999,999
1729690929.6581206,2002,1729690929,655761280,,255,1501,1588,999,1501,999,999,999,999
1729690929.761898,2003,1729690929,758761792,,255,1502,1588,999,1501,999,999,999,999
1729690929.8582463,2004,1729690929,854762048,,255,1501,1588,999,1501,999,999,999,999
1729690929.9610605,2005,1729690929,958761024,,255,1501,1589,999,1502,999,999,999,999
1729690930.0601337,2006,1729690930,57757696,,255,1501,1588,999,1501,999,999,999,999
1729690930.161142,2007,1729690930,159757952,,255,1501,1588,999,1501,999,999,999,999
1729690930.2591481,2008,1729690930,255752320,,255,1501,1589,999,1502,999,999,999,999
1729690930.3608804,2009,1729690930,356752576,,255,1501,1588,999,1501,999,999,999,999
1729690930.4586196,2010,1729690930,456752832,,255,1502,1588,999,1501,999,999,999,999
1729690930.5576599,2011,1729690930,555748736,,255,1501,1589,999,1501,999,999,999,999
1729690930.661956,2012,1729690930,658749504,,255,1501,1588,999,1501,999,999,999,999
1729690930.7599049,2013,1729690930,757748736,,255,1501,1588,999,1501,999,999,999,999
1729690930.8587162,2014,1729690930,856748736,,255,1501,1587,999,1501,999,999,999,999
1729690930.960235,2015,1729690930,958748480,,255,1501,1588,999,1501,999,999,999,999
1729690931.060184,2016,1729690931,57746176,,255,1501,1589,999,1501,999,999,999,999
1729690931.1590073,2017,1729690931,156742592,,255,1501,1589,999,1502,999,999,999,999
1729690931.2608562,2018,1729690931,258745408,,255,1502,1588,999,1501,999,999,999,999
1729690931.362563,2019,1729690931,357750528,,255,1502,1588,999,1501,999,999,999,999
1729690931.462129,2020,1729690931,459750528,,255,1501,1588,999,1501,999,999,999,999
1729690931.5607748,2021,1729690931,558749760,,255,1501,1588,999,1501,999,999,999,999
1729690931.6601505,2022,1729690931,657749760,,255,1501,1588,999,1501,999,999,999,999
1729690931.7593102,2023,1729690931,756749760,,255,1501,1587,999,1501,999,999,999,999
1729690931.8604326,2024,1729690931,858744384,,255,1501,1589,999,1501,999,999,999,999
1729690931.9629421,2025,1729690931,960737472,,255,1501,1588,999,1501,999,999,999,999
1729690932.0650725,2026,1729690932,62736704,,255,1502,1588,999,1501,999,999,999,999
1729690932.1608324,2027,1729690932,157736192,,255,1501,1588,999,1501,999,999,999,999
1729690932.2600262,2028,1729690932,257735424,,255,1501,1588,999,1501,999,999,999,999
1729690932.359113,2029,1729690932,356734144,,255,1501,1588,999,1501,999,999,999,999
1729690932.4618528,2030,1729690932,458733376,,255,1501,1588,999,1501,999,999,999,999
1729690932.564657,2031,1729690932,562731840,,255,1501,1588,999,1501,999,999,999,999
1729690932.6669571,2032,1729690932,664731584,,255,1501,1589,999,1502,999,999,999,999
1729690932.7621374,2033,1729690932,759731072,,255,1502,1588,999,1501,999,999,999,999
1729690932.8624356,2034,1729690932,859728256,,255,1501,1588,999,1501,999,999,999,999
1729690932.9589663,2035,1729690932,955727488,,255,1501,1588,999,1501,999,999,999,999
1729690933.060199,2036,1729690933,57725696,,255,1501,1588,999,1501,999,999,999,999
1729690933.1586235,2037,1729690933,155726976,,255,1501,1588,999,1501,999,999,999,999
1729690933.2617905,2038,1729690933,259723904,,255,1501,1589,999,1501,999,999,999,999
1729690933.3584805,2039,1729690933,355720320,,255,1501,1589,999,1502,999,999,999,999
1729690933.4574192,2040,1729690933,454718528,,255,1501,1588,999,1501,999,999,999,999
1729690933.5582225,2041,1729690933,555716992,,255,1501,1588,999,1501,999,999,999,999
1729690933.657406,2042,1729690933,654714432,,255,1501,1588,999,1501,999,999,999,999
1729690933.7610638,2043,1729690933,758714944,,255,1501,1588,999,1501,999,999,999,999
1729690933.860237,2044,1729690933,857713152,,255,1501,1589,999,1501,999,999,999,999
1729690933.959226,2045,1729690933,956711360,,255,1501,1588,999,1501,999,999,999,999
1729690934.0606184,2046,1729690934,57711616,,255,1501,1587,999,1501,999,999,999,999
1729690934.159213,2047,1729690934,156711104,,255,1501,1589,999,1502,999,999,999,999
1729690934.2589478,2048,1729690934,256707520,,255,1501,1588,999,1501,999,999,999,999
1729690934.3598447,2049,1729690934,357711616,,255,1501,1589,999,1501,999,999,999,999
1729690934.4596848,2050,1729690934,457713408,,255,1501,1589,999,1502,999,999,999,999
1729690934.561377,2051,1729690934,558714688,,255,1502,1587,999,1501,999,999,999,999
1729690934.6581502,2052,1729690934,654713152,,255,1501,1589,999,1502,999,999,999,999
1729690934.7614543,2053,1729690934,758711360,,255,1501,1588,999,1501,999,999,999,999
1729690934.8611367,2054,1729690934,858712128,,255,1501,1588,999,1501,999,999,999,999
1729690934.965131,2055,1729690934,957709056,,255,1501,1589,999,1502,999,999,999,999
1729690935.0639076,2056,1729690935,59704448,,255,1501,1588,999,1501,999,999,999,999
1729690935.1602292,2057,1729690935,157703680,,255,1501,1589,999,1502,999,999,999,999
1729690935.2598364,2058,1729690935,256699072,,255,1501,1588,999,1501,999,999,999,999
1729690935.360707,2059,1729690935,358696256,,255,1501,1589,999,1502,999,999,999,999
1729690935.4607186,2060,1729690935,457695488,,255,1502,1588,999,1501,999,999,999,999
1729690935.556742,2061,1729690935,554694208,,255,1501,1589,999,1501,999,999,999,999
1729690935.6603823,2062,1729690935,658695232,,255,1501,1588,999,1501,999,999,999,999
1729690935.7597408,2063,1729690935,757693440,,255,1501,1588,999,1501,999,999,999,999
1729690935.8603692,2064,1729690935,858692416,,255,1501,1589,999,1502,999,999,999,999
1729690935.9596763,2065,1729690935,957690112,,255,1501,1588,999,1501,999,999,999,999
1729690936.0591533,2066,1729690936,56690624,,255,1501,1588,999,1501,999,999,999,999
1729690936.1580298,2067,1729690936,155691904,,255,1501,1588,999,1501,999,999,999,999
1729690936.2605147,2068,1729690936,257690368,,255,1501,1588,999,1501,999,999,999,999
1729690936.3611367,2069,1729690936,359690368,,255,1501,1588,999,1501,999,999,999,999
1729690936.4586422,2070,1729690936,455688832,,255,1501,1588,999,1501,999,999,999,999
1729690936.5590737,2071,1729690936,554689344,,255,1501,1588,999,1501,999,999,999,999
1729690936.6616774,2072,1729690936,658687808,,255,1501,1588,999,1501,999,999,999,999
1729690936.7604852,2073,1729690936,757687296,,255,1501,1588,999,1501,999,999,999,999
1729690936.858925,2074,1729690936,855682688,,255,1501,1587,999,1501,999,999,999,999
1729690936.9610677,2075,1729690936,958680128,,255,1501,1589,999,1501,999,999,999,999
1729690937.0600655,2076,1729690937,55682176,,255,1502,1588,999,1501,999,999,999,999
1729690937.1578882,2077,1729690937,154682688,,255,1501,1589,999,1502,999,999,999,999
1729690937.2624013,2078,1729690937,259681664,,255,1501,1588,999,1501,999,999,999,999
1729690937.3582132,2079,1729690937,355682432,,255,1501,1588,999,1501,999,999,999,999
1729690937.4598582,2080,1729690937,455680128,,255,1501,1588,999,1501,999,999,999,999
1729690937.5617983,2081,1729690937,558677824,,255,1501,1588,999,1501,999,999,999,999
1729690937.6618397,2082,1729690937,658668096,,255,1501,1589,999,1501,999,999,999,999
1729690937.7600536,2083,1729690937,757665536,,255,1502,1588,999,1501,999,999,999,999
1729690937.8591297,2084,1729690937,856665536,,255,1501,1588,999,1501,999,999,999,999
1729690937.9610882,2085,1729690937,958659392,,255,1501,1589,999,1501,999,999,999,999
1729690938.06558,2086,1729690938,62659392,,255,1502,1588,999,1501,999,999,999,999
1729690938.163203,2087,1729690938,160659392,,255,1501,1588,999,1501,999,999,999,999
1729690938.26566,2088,1729690938,262663744,,255,1501,1588,999,1501,999,999,999,999
1729690938.3695672,2089,1729690938,366662464,,255,1502,1588,999,1501,999,999,999,999
1729690938.4679356,2090,1729690938,465663488,,255,1501,1589,999,1502,999,999,999,999
1729690938.5655363,2091,1729690938,561662720,,255,1501,1588,999,1501,999,999,999,999
1729690938.6722856,2092,1729690938,668660416,,255,1501,1588,999,1501,999,999,999,999
1729690938.7605598,2093,1729690938,757659648,,255,1501,1588,999,1501,999,999,999,999
1729690938.870335,2094,1729690938,865658368,,255,1501,1588,999,1501,999,999,999,999
1729690938.9670327,2095,1729690938,964658112,,255,1502,1588,999,1501,999,999,999,999
1729690939.0580673,2096,1729690939,54657600,,255,1501,1588,999,1501,999,999,999,999
1729690939.158937,2097,1729690939,156657088,,255,1501,1589,999,1502,999,999,999,999
1729690939.258256,2098,1729690939,255656576,,255,1501,1588,999,1501,999,999,999,999
1729690939.3621483,2099,1729690939,359656064,,255,1501,1588,999,1501,999,999,999,999
1729690939.4598305,2100,1729690939,458657088,,255,1502,1588,999,1501,999,999,999,999
1729690939.5574505,2101,1729690939,554655296,,255,1501,1588,999,1501,999,999,999,999
1729690939.660753,2102,1729690939,658656576,,255,1501,1589,999,1502,999,999,999,999
1729690939.7580073,2103,1729690939,754654784,,255,1501,1588,999,1501,999,999,999,999
1729690939.8597457,2104,1729690939,856654784,,255,1501,1588,999,1501,999,999,999,999
1729690939.9616702,2105,1729690939,957651712,,255,1502,1588,999,1501,999,999,999,999
1729690940.0572948,2106,1729690940,54650176,,255,1502,1588,999,1501,999,999,999,999
1729690940.1608272,2107,1729690940,158643776,,255,1501,1589,999,1502,999,999,999,999
1729690940.2582452,2108,1729690940,255647872,,255,1501,1589,999,1502,999,999,999,999
1729690940.3593504,2109,1729690940,356652480,,255,1501,1588,999,1501,999,999,999,999
1729690940.4587893,2110,1729690940,455653504,,255,1501,1588,999,1501,999,999,999,999
1729690940.5624843,2111,1729690940,559654528,,255,1501,1588,999,1501,999,999,999,999
1729690940.658503,2112,1729690940,656656064,,255,1501,1587,999,1501,999,999,999,999
1729690940.763361,2113,1729690940,759654784,,255,1501,1588,999,1501,999,999,999,999
1729690940.863299,2114,1729690940,859654528,,255,1501,1589,999,1502,999,999,999,999
1729690940.9569573,2115,1729690940,955654528,,255,1501,1588,999,1501,999,999,999,999
1729690941.05646,2116,1729690941,54649664,,255,1501,1588,999,1501,999,999,999,999
1729690941.1599996,2117,1729690941,157648128,,255,1501,1588,999,1501,999,999,999,999
1729690941.2572675,2118,1729690941,254643520,,255,1501,1588,999,1501,999,999,999,999
1729690941.3610957,2119,1729690941,358644288,,255,1502,1588,999,1501,999,999,999,999
1729690941.4588943,2120,1729690941,455644288,,255,1501,1588,999,1501,999,999,999,999
1729690941.5620437,2121,1729690941,559642240,,255,1501,1588,999,1501,999,999,999,999
1729690941.6602037,2122,1729690941,658640192,,255,1501,1588,999,1501,999,999,999,999
1729690941.7572367,2123,1729690941,754639680,,255,1501,1587,999,1501,999,999,999,999
1729690941.8584607,2124,1729690941,856641216,,255,1501,1587,999,1501,999,999,999,999
1729690941.9582295,2125,1729690941,955638912,,255,1501,1588,999,1502,999,999,999,999
1729690942.0619547,2126,1729690942,59633024,,255,1501,1587,999,1501,999,999,999,999
1729690942.1574802,2127,1729690942,155628672,,255,1501,1589,999,1502,999,999,999,999
1729690942.259445,2128,1729690942,257627392,,255,1501,1588,999,1501,999,999,999,999
1729690942.3621454,2129,1729690942,358627904,,255,1501,1589,999,1502,999,999,999,999
1729690942.4597802,2130,1729690942,457627904,,255,1501,1588,999,1501,999,999,999,999
1729690942.5603135,2131,1729690942,558626368,,255,1501,1589,999,1502,999,999,999,999
1729690942.6576712,2132,1729690942,655626368,,255,1501,1589,999,1502,999,999,999,999
1729690942.761712,2133,1729690942,758624576,,255,1501,1588,999,1501,999,999,999,999
1729690942.8584895,2134,1729690942,855626880,,255,1501,1588,999,1501,999,999,999,999
1729690942.9605293,2135,1729690942,957625344,,255,1501,1589,999,1502,999,999,999,999
1729690943.0626235,2136,1729690943,59621248,,255,1501,1588,999,1501,999,999,999,999
1729690943.1618855,2137,1729690943,158620992,,255,1501,1588,999,1501,999,999,999,999
1729690943.2612295,2138,1729690943,257619456,,255,1501,1588,999,1501,999,999,999,999
1729690943.361726,2139,1729690943,359618688,,255,1501,1589,999,1501,999,999,999,999
1729690943.4606001,2140,1729690943,456614080,,255,1502,1588,999,1501,999,999,999,999
1729690943.5577967,2141,1729690943,555611520,,255,1501,1588,999,1501,999,999,999,999
1729690943.6600363,2142,1729690943,656605888,,255,1501,1588,999,1501,999,999,999,999
1729690943.7602308,2143,1729690943,755597696,,255,1501,1589,999,1501,999,999,999,999
1729690943.8586895,2144,1729690943,855589248,,255,1502,1588,999,1502,999,999,999,999
1729690943.9588485,2145,1729690943,955582592,,255,1501,1589,999,1501,999,999,999,999
1729690944.0636656,2146,1729690944,61577216,,255,1501,1587,999,1501,999,999,999,999
1729690944.163721,2147,1729690944,160573888,,255,1501,1588,999,1501,999,999,999,999
1729690944.262085,2148,1729690944,259572608,,255,1501,1589,999,1501,999,999,999,999
1729690944.3610096,2149,1729690944,358573120,,255,1501,1588,999,1501,999,999,999,999
1729690944.456795,2150,1729690944,454578240,,255,1501,1588,999,1501,999,999,999,999
1729690944.5664814,2151,1729690944,563574912,,255,1501,1588,999,1501,999,999,999,999
1729690944.6658177,2152,1729690944,663572096,,255,1502,1588,999,1501,999,999,999,999
1729690944.7669454,2153,1729690944,764572096,,255,1501,1588,999,1501,999,999,999,999
1729690944.857307,2154,1729690944,854570816,,255,1501,1588,999,1501,999,999,999,999
1729690944.958516,2155,1729690944,955571584,,255,1501,1589,999,1502,999,999,999,999
1729690945.062179,2156,1729690945,58566976,,255,1501,1588,999,1501,999,999,999,999
1729690945.160173,2157,1729690945,157568000,,255,1501,1588,999,1501,999,999,999,999
1729690945.2615771,2158,1729690945,258566976,,255,1501,1588,999,1501,999,999,999,999
1729690945.3594291,2159,1729690945,357566720,,255,1501,1589,999,1502,999,999,999,999
1729690945.4620829,2160,1729690945,459566208,,255,1501,1588,999,1501,999,999,999,999
1729690945.5616765,2161,1729690945,558567488,,255,1502,1588,999,1501,999,999,999,999
1729690945.6608498,2162,1729690945,657565696,,255,1501,1589,999,1502,999,999,999,999
1729690945.7613325,2163,1729690945,759563904,,255,1501,1588,999,1501,999,999,999,999
1729690945.8606102,2164,1729690945,858563392,,255,1501,1588,999,1501,999,999,999,999
1729690945.961921,2165,1729690945,959561856,,255,1501,1589,999,1501,999,999,999,999
1729690946.0608768,2166,1729690946,58561600,,255,1502,1588,999,1501,999,999,999,999
1729690946.1597092,2167,1729690946,157560064,,255,1501,1588,999,1501,999,999,999,999
1729690946.2598555,2168,1729690946,256558272,,255,1501,1588,999,1501,999,999,999,999
1729690946.3582604,2169,1729690946,355556736,,255,1502,1587,999,1501,999,999,999,999
