Time,header.seq,header.stamp.secs,header.stamp.nsecs,header.frame_id,fluid_pressure,variance
1737285429.128943,12558,1737285429,30805056,base_link,0.0,0.0
1737285429.1334076,12559,1737285429,131797888,base_link,0.0,0.0
1737285429.2327826,12560,1737285429,230794816,base_link,0.0,0.0
1737285429.3409433,12561,1737285429,335791232,base_link,0.0,0.0
1737285429.4405956,12562,1737285429,437787392,base_link,0.0,0.0
1737285429.540481,12563,1737285429,538784832,base_link,0.0,0.0
1737285429.64155,12564,1737285429,639780992,base_link,0.0,0.0
1737285429.7325242,12565,1737285429,729775872,base_link,0.0,0.0
1737285429.8424168,12566,1737285429,839769216,base_link,0.0,0.0
1737285429.9411693,12567,1737285429,938764352,base_link,0.0,0.0
1737285430.0378466,12568,1737285430,36755648,base_link,0.0,0.0
1737285430.1375904,12569,1737285430,130748736,base_link,0.0,0.0
1737285430.240613,12570,1737285430,228745920,base_link,0.0,0.0
1737285430.3337624,12571,1737285430,332740288,base_link,0.0,0.0
1737285430.4333541,12572,1737285430,431734656,base_link,0.0,0.0
1737285430.5350587,12573,1737285430,532730304,base_link,0.0,0.0
1737285430.6311219,12574,1737285430,629726208,base_link,0.0,0.0
1737285430.7323363,12575,1737285430,730722112,base_link,0.0,0.0
1737285430.834338,12576,1737285430,832717504,base_link,0.0,0.0
1737285430.9351673,12577,1737285430,933710592,base_link,0.0,0.0
1737285431.0328333,12578,1737285431,29706496,base_link,0.0,0.0
1737285431.1411057,12579,1737285431,131693952,base_link,0.0,0.0
1737285431.232764,12580,1737285431,229688832,base_link,0.0,0.0
1737285431.3332627,12581,1737285431,331681152,base_link,0.0,0.0
1737285431.4359572,12582,1737285431,432673984,base_link,0.0,0.0
1737285431.533826,12583,1737285431,531670144,base_link,0.0,0.0
1737285431.6329563,12584,1737285431,630666560,base_link,0.0,0.0
1737285431.73347,12585,1737285431,731659904,base_link,0.0,0.0
1737285431.8328018,12586,1737285431,830655040,base_link,0.0,0.0
1737285431.9359703,12587,1737285431,933643776,base_link,0.0,0.0
1737285432.0325809,12588,1737285432,30638912,base_link,0.0,0.0
1737285432.13501,12589,1737285432,131636352,base_link,0.0,0.0
1737285432.2305124,12590,1737285432,228632512,base_link,0.0,0.0
1737285432.3335567,12591,1737285432,331625856,base_link,0.0,0.0
1737285432.4323401,12592,1737285432,430620736,base_link,0.0,0.0
1737285432.5330508,12593,1737285432,531620736,base_link,0.0,0.0
1737285432.635492,12594,1737285432,633617408,base_link,0.0,0.0
1737285432.7316108,12595,1737285432,729612800,base_link,0.0,0.0
1737285432.835955,12596,1737285432,831609728,base_link,0.0,0.0
1737285432.934716,12597,1737285432,932605632,base_link,0.0,0.0
1737285433.0358744,12598,1737285433,33601536,base_link,0.0,0.0
1737285433.1343417,12599,1737285433,130594880,base_link,0.0,0.0
1737285433.233143,12600,1737285433,231589504,base_link,0.0,0.0
1737285433.3321745,12601,1737285433,330588736,base_link,0.0,0.0
1737285433.4341958,12602,1737285433,431582080,base_link,0.0,0.0
1737285433.5339217,12603,1737285433,531578240,base_link,0.0,0.0
1737285433.634185,12604,1737285433,632570048,base_link,0.0,0.0
1737285433.7342277,12605,1737285433,732567232,base_link,0.0,0.0
1737285433.831831,12606,1737285433,830563904,base_link,0.0,0.0
1737285433.9334648,12607,1737285433,931560576,base_link,0.0,0.0
1737285434.0317435,12608,1737285434,29557248,base_link,0.0,0.0
1737285434.1358378,12609,1737285434,133556224,base_link,0.0,0.0
1737285434.232562,12610,1737285434,230552128,base_link,0.0,0.0
1737285434.3318396,12611,1737285434,329547520,base_link,0.0,0.0
1737285434.4327693,12612,1737285434,431544192,base_link,0.0,0.0
1737285434.531915,12613,1737285434,530536768,base_link,0.0,0.0
1737285434.6307514,12614,1737285434,628532416,base_link,0.0,0.0
1737285434.7344222,12615,1737285434,733529088,base_link,0.0,0.0
1737285434.8335154,12616,1737285434,832521920,base_link,0.0,0.0
1737285434.9347377,12617,1737285434,933518080,base_link,0.0,0.0
1737285435.0319812,12618,1737285435,29512704,base_link,0.0,0.0
1737285435.1340668,12619,1737285435,130508864,base_link,0.0,0.0
1737285435.233954,12620,1737285435,231504768,base_link,0.0,0.0
1737285435.333666,12621,1737285435,330500160,base_link,0.0,0.0
1737285435.43184,12622,1737285435,429494016,base_link,0.0,0.0
1737285435.5330167,12623,1737285435,531487104,base_link,0.0,0.0
1737285435.6344495,12624,1737285435,630479936,base_link,0.0,0.0
1737285435.7346537,12625,1737285435,731475840,base_link,0.0,0.0
1737285435.832865,12626,1737285435,830470464,base_link,0.0,0.0
1737285435.935695,12627,1737285435,934464576,base_link,0.0,0.0
1737285436.033586,12628,1737285436,31459968,base_link,0.0,0.0
1737285436.1363366,12629,1737285436,134455616,base_link,0.0,0.0
1737285436.2352278,12630,1737285436,233450496,base_link,0.0,0.0
1737285436.339998,12631,1737285436,337443840,base_link,0.0,0.0
1737285436.4382374,12632,1737285436,436440768,base_link,0.0,0.0
1737285436.5373852,12633,1737285436,535436928,base_link,0.0,0.0
1737285436.6339612,12634,1737285436,632433088,base_link,0.0,0.0
1737285436.739173,12635,1737285436,737430272,base_link,0.0,0.0
1737285436.8307335,12636,1737285436,829426432,base_link,0.0,0.0
1737285436.9410515,12637,1737285436,939420288,base_link,0.0,0.0
1737285437.0398338,12638,1737285437,38416960,base_link,0.0,0.0
1737285437.1411786,12639,1737285437,139407744,base_link,0.0,0.0
1737285437.2373376,12640,1737285437,234401600,base_link,0.0,0.0
1737285437.3341074,12641,1737285437,331398784,base_link,0.0,0.0
1737285437.4337945,12642,1737285437,432395200,base_link,0.0,0.0
1737285437.5334973,12643,1737285437,531390336,base_link,0.0,0.0
1737285437.6340058,12644,1737285437,632387008,base_link,0.0,0.0
1737285437.7331321,12645,1737285437,731384192,base_link,0.0,0.0
1737285437.8325195,12646,1737285437,830378304,base_link,0.0,0.0
1737285437.934528,12647,1737285437,932373696,base_link,0.0,0.0
1737285438.0353217,12648,1737285438,31367296,base_link,0.0,0.0
1737285438.134555,12649,1737285438,130361152,base_link,0.0,0.0
1737285438.2334354,12650,1737285438,231354752,base_link,0.0,0.0
1737285438.3340116,12651,1737285438,332349888,base_link,0.0,0.0
1737285438.4337003,12652,1737285438,431341952,base_link,0.0,0.0
1737285438.5317254,12653,1737285438,530332736,base_link,0.0,0.0
1737285438.6333294,12654,1737285438,631326080,base_link,0.0,0.0
1737285438.731674,12655,1737285438,730321984,base_link,0.0,0.0
1737285438.8339014,12656,1737285438,831317120,base_link,0.0,0.0
1737285438.9342787,12657,1737285438,932310720,base_link,0.0,0.0
1737285439.0316226,12658,1737285439,29306624,base_link,0.0,0.0
1737285439.136372,12659,1737285439,132306624,base_link,0.0,0.0
1737285439.231337,12660,1737285439,229294848,base_link,0.0,0.0
1737285439.3343444,12661,1737285439,330280512,base_link,0.0,0.0
1737285439.433724,12662,1737285439,431269504,base_link,0.0,0.0
1737285439.532077,12663,1737285439,530270272,base_link,0.0,0.0
1737285439.6310918,12664,1737285439,629264896,base_link,0.0,0.0
1737285439.7352388,12665,1737285439,733259008,base_link,0.0,0.0
1737285439.8320599,12666,1737285439,830252096,base_link,0.0,0.0
1737285439.933625,12667,1737285439,931246720,base_link,0.0,0.0
1737285440.0325756,12668,1737285440,30242624,base_link,0.0,0.0
1737285440.1346536,12669,1737285440,132236736,base_link,0.0,0.0
1737285440.2322435,12670,1737285440,230232128,base_link,0.0,0.0
1737285440.334428,12671,1737285440,332224192,base_link,0.0,0.0
1737285440.4337375,12672,1737285440,431223168,base_link,0.0,0.0
1737285440.532149,12673,1737285440,530219840,base_link,0.0,0.0
1737285440.6342988,12674,1737285440,632213184,base_link,0.0,0.0
1737285440.7326615,12675,1737285440,730208064,base_link,0.0,0.0
1737285440.8318853,12676,1737285440,829201920,base_link,0.0,0.0
1737285440.9314384,12677,1737285440,929199872,base_link,0.0,0.0
1737285441.0345552,12678,1737285441,32195776,base_link,0.0,0.0
1737285441.1347423,12679,1737285441,132189376,base_link,0.0,0.0
1737285441.2323174,12680,1737285441,231186816,base_link,0.0,0.0
1737285441.3344588,12681,1737285441,333181440,base_link,0.0,0.0
1737285441.4333785,12682,1737285441,432176320,base_link,0.0,0.0
1737285441.5339775,12683,1737285441,532171712,base_link,0.0,0.0
1737285441.632696,12684,1737285441,630169408,base_link,0.0,0.0
1737285441.7327173,12685,1737285441,731165568,base_link,0.0,0.0
1737285441.8318033,12686,1737285441,830162752,base_link,0.0,0.0
1737285441.9344218,12687,1737285441,932158912,base_link,0.0,0.0
1737285442.0342782,12688,1737285442,31153280,base_link,0.0,0.0
1737285442.134803,12689,1737285442,130144576,base_link,0.0,0.0
1737285442.233686,12690,1737285442,231140480,base_link,0.0,0.0
1737285442.3343484,12691,1737285442,332134336,base_link,0.0,0.0
1737285442.4330912,12692,1737285442,431130496,base_link,0.0,0.0
1737285442.5323792,12693,1737285442,530130240,base_link,0.0,0.0
1737285442.6333828,12694,1737285442,631126912,base_link,0.0,0.0
1737285442.7326763,12695,1737285442,730122816,base_link,0.0,0.0
1737285442.8313274,12696,1737285442,829116672,base_link,0.0,0.0
1737285442.9343338,12697,1737285442,932113088,base_link,0.0,0.0
1737285443.0314693,12698,1737285443,29110016,base_link,0.0,0.0
1737285443.1373222,12699,1737285443,135106944,base_link,0.0,0.0
1737285443.2367241,12700,1737285443,234104128,base_link,0.0,0.0
1737285443.3354692,12701,1737285443,333097216,base_link,0.0,0.0
1737285443.4342105,12702,1737285443,432091072,base_link,0.0,0.0
1737285443.533795,12703,1737285443,532082624,base_link,0.0,0.0
1737285443.6359632,12704,1737285443,634075200,base_link,0.0,0.0
1737285443.7393944,12705,1737285443,737071616,base_link,0.0,0.0
1737285443.838778,12706,1737285443,836064960,base_link,0.0,0.0
1737285443.9431663,12707,1737285443,941056256,base_link,0.0,0.0
1737285444.0361392,12708,1737285444,33049856,base_link,0.0,0.0
1737285444.135144,12709,1737285444,129044992,base_link,0.0,0.0
1737285444.2321756,12710,1737285444,230039360,base_link,0.0,0.0
1737285444.334728,12711,1737285444,333031424,base_link,0.0,0.0
1737285444.4338484,12712,1737285444,432025024,base_link,0.0,0.0
1737285444.5320044,12713,1737285444,529018112,base_link,0.0,0.0
1737285444.6323757,12714,1737285444,630012736,base_link,0.0,0.0
1737285444.733779,12715,1737285444,730009408,base_link,0.0,0.0
1737285444.835545,12716,1737285444,833002752,base_link,0.0,0.0
1737285444.932162,12717,1737285444,929997120,base_link,0.0,0.0
1737285445.0322988,12718,1737285445,30989440,base_link,0.0,0.0
1737285445.1342137,12719,1737285445,129986112,base_link,0.0,0.0
1737285445.232865,12720,1737285445,230982528,base_link,0.0,0.0
1737285445.3327057,12721,1737285445,330977152,base_link,0.0,0.0
1737285445.4320486,12722,1737285445,428965376,base_link,0.0,0.0
1737285445.5336592,12723,1737285445,530957952,base_link,0.0,0.0
1737285445.6312442,12724,1737285445,629954112,base_link,0.0,0.0
1737285445.7324836,12725,1737285445,730953344,base_link,0.0,0.0
1737285445.833096,12726,1737285445,831948992,base_link,0.0,0.0
1737285445.9339838,12727,1737285445,930948992,base_link,0.0,0.0
1737285446.0325403,12728,1737285446,30938752,base_link,0.0,0.0
1737285446.1316295,12729,1737285446,129927744,base_link,0.0,0.0
1737285446.2346358,12730,1737285446,230924160,base_link,0.0,0.0
1737285446.3329573,12731,1737285446,331917760,base_link,0.0,0.0
1737285446.4360054,12732,1737285446,430911616,base_link,0.0,0.0
1737285446.5316284,12733,1737285446,529904960,base_link,0.0,0.0
1737285446.6327446,12734,1737285446,630901888,base_link,0.0,0.0
1737285446.7317574,12735,1737285446,729896256,base_link,0.0,0.0
1737285446.8326993,12736,1737285446,830892672,base_link,0.0,0.0
1737285446.9343288,12737,1737285446,931886784,base_link,0.0,0.0
1737285447.0326052,12738,1737285447,30881408,base_link,0.0,0.0
1737285447.1341,12739,1737285447,131881408,base_link,0.0,0.0
1737285447.2303886,12740,1737285447,228876544,base_link,0.0,0.0
1737285447.3325925,12741,1737285447,330872192,base_link,0.0,0.0
1737285447.4313307,12742,1737285447,429866560,base_link,0.0,0.0
1737285447.5321271,12743,1737285447,529861952,base_link,0.0,0.0
1737285447.6322927,12744,1737285447,630858880,base_link,0.0,0.0
1737285447.7345712,12745,1737285447,732852224,base_link,0.0,0.0
1737285447.8462958,12746,1737285447,828847872,base_link,0.0,0.0
1737285447.9354725,12747,1737285447,933839424,base_link,0.0,0.0
1737285448.0317805,12748,1737285448,29832512,base_link,0.0,0.0
1737285448.1346726,12749,1737285448,131827648,base_link,0.0,0.0
1737285448.2318072,12750,1737285448,229823040,base_link,0.0,0.0
1737285448.3320286,12751,1737285448,329816384,base_link,0.0,0.0
1737285448.430955,12752,1737285448,428812800,base_link,0.0,0.0
1737285448.5317423,12753,1737285448,529809216,base_link,0.0,0.0
1737285448.6314697,12754,1737285448,628803584,base_link,0.0,0.0
1737285448.7341986,12755,1737285448,730801792,base_link,0.0,0.0
1737285448.8322513,12756,1737285448,829798464,base_link,0.0,0.0
1737285448.935397,12757,1737285448,932796672,base_link,0.0,0.0
1737285449.0320516,12758,1737285449,29790016,base_link,0.0,0.0
1737285449.1341524,12759,1737285449,131785664,base_link,0.0,0.0
1737285449.235775,12760,1737285449,233782848,base_link,0.0,0.0
1737285449.33571,12761,1737285449,332776960,base_link,0.0,0.0
1737285449.4323356,12762,1737285449,429771840,base_link,0.0,0.0
1737285449.5342577,12763,1737285449,531768512,base_link,0.0,0.0
1737285449.6324725,12764,1737285449,630760832,base_link,0.0,0.0
1737285449.7333646,12765,1737285449,730754432,base_link,0.0,0.0
1737285449.8421557,12766,1737285449,836749056,base_link,0.0,0.0
1737285449.9424613,12767,1737285449,940743168,base_link,0.0,0.0
1737285450.035429,12768,1737285450,32736256,base_link,0.0,0.0
1737285450.1417687,12769,1737285450,138728832,base_link,0.0,0.0
1737285450.2304,12770,1737285450,228720640,base_link,0.0,0.0
1737285450.3380313,12771,1737285450,335714240,base_link,0.0,0.0
1737285450.4310415,12772,1737285450,428705280,base_link,0.0,0.0
1737285450.5322645,12773,1737285450,530699136,base_link,0.0,0.0
1737285450.6342018,12774,1737285450,631695040,base_link,0.0,0.0
1737285450.73163,12775,1737285450,729692224,base_link,0.0,0.0
1737285450.8318462,12776,1737285450,828686592,base_link,0.0,0.0
1737285450.9352577,12777,1737285450,932681984,base_link,0.0,0.0
1737285451.0315692,12778,1737285451,29680192,base_link,0.0,0.0
1737285451.134223,12779,1737285451,128673280,base_link,0.0,0.0
1737285451.2351933,12780,1737285451,232669440,base_link,0.0,0.0
1737285451.3339808,12781,1737285451,329661504,base_link,0.0,0.0
1737285451.431154,12782,1737285451,428655872,base_link,0.0,0.0
1737285451.538142,12783,1737285451,533652032,base_link,0.0,0.0
1737285451.63209,12784,1737285451,629646912,base_link,0.0,0.0
1737285451.7312949,12785,1737285451,729662528,base_link,0.0,0.0
1737285451.833184,12786,1737285451,830658176,base_link,0.0,0.0
1737285451.9369543,12787,1737285451,932649984,base_link,0.0,0.0
1737285452.0515237,12788,1737285452,29646144,base_link,0.0,0.0
1737285452.130242,12789,1737285452,128646144,base_link,0.0,0.0
1737285452.2348998,12790,1737285452,229646144,base_link,0.0,0.0
1737285452.33066,12791,1737285452,328632064,base_link,0.0,0.0
1737285452.4323897,12792,1737285452,429629248,base_link,0.0,0.0
1737285452.5345752,12793,1737285452,532625152,base_link,0.0,0.0
1737285452.631639,12794,1737285452,629620032,base_link,0.0,0.0
1737285452.7339983,12795,1737285452,731611328,base_link,0.0,0.0
1737285452.8314893,12796,1737285452,829605184,base_link,0.0,0.0
1737285452.934568,12797,1737285452,932600320,base_link,0.0,0.0
1737285453.0324495,12798,1737285453,30598784,base_link,0.0,0.0
1737285453.1304102,12799,1737285453,128593408,base_link,0.0,0.0
1737285453.2319844,12800,1737285453,229587008,base_link,0.0,0.0
1737285453.3333902,12801,1737285453,331583936,base_link,0.0,0.0
1737285453.4327135,12802,1737285453,430578560,base_link,0.0,0.0
1737285453.5346212,12803,1737285453,532571648,base_link,0.0,0.0
1737285453.6322231,12804,1737285453,629568064,base_link,0.0,0.0
1737285453.7355576,12805,1737285453,733560384,base_link,0.0,0.0
1737285453.8346915,12806,1737285453,832552448,base_link,0.0,0.0
1737285453.9330962,12807,1737285453,930548096,base_link,0.0,0.0
1737285454.0300348,12808,1737285454,28543232,base_link,0.0,0.0
1737285454.147134,12809,1737285454,130537344,base_link,0.0,0.0
1737285454.2313695,12810,1737285454,229531968,base_link,0.0,0.0
1737285454.330794,12811,1737285454,328526848,base_link,0.0,0.0
1737285454.4300714,12812,1737285454,428521216,base_link,0.0,0.0
1737285454.53478,12813,1737285454,532515840,base_link,0.0,0.0
1737285454.6303883,12814,1737285454,628513280,base_link,0.0,0.0
1737285454.731009,12815,1737285454,729508928,base_link,0.0,0.0
1737285454.8319085,12816,1737285454,830504320,base_link,0.0,0.0
1737285454.9398959,12817,1737285454,937500736,base_link,0.0,0.0
1737285455.0307748,12818,1737285455,29496640,base_link,0.0,0.0
1737285455.130454,12819,1737285455,128487424,base_link,0.0,0.0
1737285455.232329,12820,1737285455,230482560,base_link,0.0,0.0
1737285455.3318956,12821,1737285455,329479232,base_link,0.0,0.0
1737285455.4353774,12822,1737285455,433476928,base_link,0.0,0.0
1737285455.5368288,12823,1737285455,535472832,base_link,0.0,0.0
1737285455.6402822,12824,1737285455,639466944,base_link,0.0,0.0
1737285455.7393496,12825,1737285455,737464640,base_link,0.0,0.0
1737285455.837773,12826,1737285455,836457472,base_link,0.0,0.0
1737285455.928016,12827,1737285455,926452352,base_link,0.0,0.0
1737285456.029832,12828,1737285456,27447232,base_link,0.0,0.0
1737285456.134945,12829,1737285456,132440832,base_link,0.0,0.0
1737285456.2308598,12830,1737285456,229439040,base_link,0.0,0.0
1737285456.3331077,12831,1737285456,330433664,base_link,0.0,0.0
1737285456.43263,12832,1737285456,429428032,base_link,0.0,0.0
1737285456.532556,12833,1737285456,529423168,base_link,0.0,0.0
1737285456.6342633,12834,1737285456,631416000,base_link,0.0,0.0
1737285456.732538,12835,1737285456,730413440,base_link,0.0,0.0
1737285456.8342228,12836,1737285456,828409856,base_link,0.0,0.0
1737285456.937406,12837,1737285456,930401152,base_link,0.0,0.0
1737285457.0370145,12838,1737285457,32391680,base_link,0.0,0.0
1737285457.1354287,12839,1737285457,129391680,base_link,0.0,0.0
1737285457.2331753,12840,1737285457,230380672,base_link,0.0,0.0
1737285457.3324192,12841,1737285457,330370944,base_link,0.0,0.0
1737285457.4325294,12842,1737285457,431364032,base_link,0.0,0.0
1737285457.5320253,12843,1737285457,530364032,base_link,0.0,0.0
1737285457.6311514,12844,1737285457,629364032,base_link,0.0,0.0
1737285457.7301407,12845,1737285457,728364800,base_link,0.0,0.0
1737285457.8322864,12846,1737285457,830358656,base_link,0.0,0.0
1737285457.9340656,12847,1737285457,931352256,base_link,0.0,0.0
1737285458.0337582,12848,1737285458,31347136,base_link,0.0,0.0
1737285458.1348956,12849,1737285458,130340480,base_link,0.0,0.0
1737285458.2303138,12850,1737285458,228338176,base_link,0.0,0.0
1737285458.330861,12851,1737285458,328333568,base_link,0.0,0.0
1737285458.4349096,12852,1737285458,431330240,base_link,0.0,0.0
1737285458.5308394,12853,1737285458,528327424,base_link,0.0,0.0
1737285458.632774,12854,1737285458,630322304,base_link,0.0,0.0
1737285458.7319157,12855,1737285458,729319488,base_link,0.0,0.0
1737285458.8330688,12856,1737285458,830315904,base_link,0.0,0.0
1737285458.9338856,12857,1737285458,932310016,base_link,0.0,0.0
1737285459.037245,12858,1737285459,29308224,base_link,0.0,0.0
1737285459.1331737,12859,1737285459,129308224,base_link,0.0,0.0
1737285459.2327993,12860,1737285459,230303616,base_link,0.0,0.0
1737285459.3312573,12861,1737285459,329299264,base_link,0.0,0.0
1737285459.432075,12862,1737285459,429294400,base_link,0.0,0.0
1737285459.5298834,12863,1737285459,528286208,base_link,0.0,0.0
1737285459.6332126,12864,1737285459,630280832,base_link,0.0,0.0
1737285459.728849,12865,1737285459,727274688,base_link,0.0,0.0
1737285459.8340468,12866,1737285459,833267776,base_link,0.0,0.0
1737285459.9349253,12867,1737285459,932264704,base_link,0.0,0.0
1737285460.0308244,12868,1737285460,28258560,base_link,0.0,0.0
1737285460.1348233,12869,1737285460,130253184,base_link,0.0,0.0
1737285460.2319565,12870,1737285460,229249600,base_link,0.0,0.0
1737285460.331595,12871,1737285460,329243712,base_link,0.0,0.0
1737285460.4356918,12872,1737285460,433235264,base_link,0.0,0.0
1737285460.5317256,12873,1737285460,530228352,base_link,0.0,0.0
1737285460.6339138,12874,1737285460,631222464,base_link,0.0,0.0
1737285460.732799,12875,1737285460,730214784,base_link,0.0,0.0
1737285460.8327353,12876,1737285460,829210944,base_link,0.0,0.0
1737285460.931741,12877,1737285460,929207104,base_link,0.0,0.0
1737285461.0373452,12878,1737285461,35199168,base_link,0.0,0.0
1737285461.1366997,12879,1737285461,135191744,base_link,0.0,0.0
1737285461.2394736,12880,1737285461,237186112,base_link,0.0,0.0
1737285461.3379977,12881,1737285461,336181248,base_link,0.0,0.0
1737285461.4351363,12882,1737285461,434174336,base_link,0.0,0.0
1737285461.536185,12883,1737285461,535168704,base_link,0.0,0.0
1737285461.6344194,12884,1737285461,629166144,base_link,0.0,0.0
1737285461.7321253,12885,1737285461,729162560,base_link,0.0,0.0
1737285461.8331366,12886,1737285461,830158720,base_link,0.0,0.0
1737285461.9319887,12887,1737285461,930151296,base_link,0.0,0.0
1737285462.0318131,12888,1737285462,29145152,base_link,0.0,0.0
1737285462.1336496,12889,1737285462,128140544,base_link,0.0,0.0
1737285462.2318158,12890,1737285462,229135936,base_link,0.0,0.0
1737285462.3327272,12891,1737285462,329129536,base_link,0.0,0.0
1737285462.4323158,12892,1737285462,430126976,base_link,0.0,0.0
1737285462.534471,12893,1737285462,532123136,base_link,0.0,0.0
1737285462.6344728,12894,1737285462,631119552,base_link,0.0,0.0
1737285462.7312098,12895,1737285462,728114688,base_link,0.0,0.0
1737285462.8345883,12896,1737285462,831114688,base_link,0.0,0.0
1737285462.9313753,12897,1737285462,929103424,base_link,0.0,0.0
1737285463.0328374,12898,1737285463,30096256,base_link,0.0,0.0
1737285463.137111,12899,1737285463,130091904,base_link,0.0,0.0
1737285463.2319622,12900,1737285463,229086272,base_link,0.0,0.0
1737285463.3343894,12901,1737285463,332078592,base_link,0.0,0.0
1737285463.4340062,12902,1737285463,430072960,base_link,0.0,0.0
1737285463.5335603,12903,1737285463,531075776,base_link,0.0,0.0
1737285463.6334329,12904,1737285463,628071168,base_link,0.0,0.0
1737285463.7329872,12905,1737285463,730067072,base_link,0.0,0.0
1737285463.8321767,12906,1737285463,829063488,base_link,0.0,0.0
1737285463.930565,12907,1737285463,928058880,base_link,0.0,0.0
1737285464.0312355,12908,1737285464,29054528,base_link,0.0,0.0
1737285464.1368947,12909,1737285464,130051456,base_link,0.0,0.0
1737285464.2305274,12910,1737285464,228047104,base_link,0.0,0.0
1737285464.3336122,12911,1737285464,332038144,base_link,0.0,0.0
1737285464.4300804,12912,1737285464,428032768,base_link,0.0,0.0
1737285464.530392,12913,1737285464,528029184,base_link,0.0,0.0
1737285464.6325622,12914,1737285464,630017920,base_link,0.0,0.0
1737285464.7322412,12915,1737285464,730016896,base_link,0.0,0.0
1737285464.8308408,12916,1737285464,829012544,base_link,0.0,0.0
1737285464.9327166,12917,1737285464,931005632,base_link,0.0,0.0
1737285465.0342205,12918,1737285465,31998976,base_link,0.0,0.0
1737285465.1342177,12919,1737285465,128994112,base_link,0.0,0.0
1737285465.2301767,12920,1737285465,227990784,base_link,0.0,0.0
1737285465.3555286,12921,1737285465,329985664,base_link,0.0,0.0
1737285465.4309928,12922,1737285465,428979008,base_link,0.0,0.0
1737285465.530819,12923,1737285465,528974656,base_link,0.0,0.0
1737285465.631743,12924,1737285465,629966208,base_link,0.0,0.0
1737285465.7316554,12925,1737285465,729962112,base_link,0.0,0.0
1737285465.8309727,12926,1737285465,828956736,base_link,0.0,0.0
1737285465.9314673,12927,1737285465,929950336,base_link,0.0,0.0
1737285466.0314674,12928,1737285466,28946496,base_link,0.0,0.0
1737285466.1357176,12929,1737285466,130941376,base_link,0.0,0.0
1737285466.232285,12930,1737285466,230935488,base_link,0.0,0.0
1737285466.331634,12931,1737285466,329930880,base_link,0.0,0.0
1737285466.4370172,12932,1737285466,435925760,base_link,0.0,0.0
1737285466.5393794,12933,1737285466,534917824,base_link,0.0,0.0
1737285466.6389813,12934,1737285466,636912192,base_link,0.0,0.0
1737285466.7383387,12935,1737285466,735910656,base_link,0.0,0.0
1737285466.8308089,12936,1737285466,828905536,base_link,0.0,0.0
1737285466.9322627,12937,1737285466,929900928,base_link,0.0,0.0
1737285467.031465,12938,1737285467,28896576,base_link,0.0,0.0
1737285467.134974,12939,1737285467,128887360,base_link,0.0,0.0
1737285467.2324889,12940,1737285467,229881984,base_link,0.0,0.0
1737285467.3312843,12941,1737285467,328873536,base_link,0.0,0.0
1737285467.4304154,12942,1737285467,427869440,base_link,0.0,0.0
1737285467.5320144,12943,1737285467,529863040,base_link,0.0,0.0
1737285467.6312437,12944,1737285467,628857408,base_link,0.0,0.0
1737285467.730978,12945,1737285467,728853312,base_link,0.0,0.0
1737285467.832749,12946,1737285467,827842560,base_link,0.0,0.0
1737285467.9344122,12947,1737285467,931833344,base_link,0.0,0.0
1737285468.0326152,12948,1737285468,28821824,base_link,0.0,0.0
1737285468.1360936,12949,1737285468,130813376,base_link,0.0,0.0
1737285468.2342668,12950,1737285468,231805696,base_link,0.0,0.0
1737285468.3332033,12951,1737285468,331802624,base_link,0.0,0.0
1737285468.4302723,12952,1737285468,427788032,base_link,0.0,0.0
1737285468.5318377,12953,1737285468,529787008,base_link,0.0,0.0
1737285468.6321857,12954,1737285468,630782400,base_link,0.0,0.0
1737285468.7321606,12955,1737285468,730776768,base_link,0.0,0.0
1737285468.8337097,12956,1737285468,831771904,base_link,0.0,0.0
1737285468.935417,12957,1737285468,931769088,base_link,0.0,0.0
1737285469.0328805,12958,1737285469,30761152,base_link,0.0,0.0
1737285469.1315274,12959,1737285469,129755776,base_link,0.0,0.0
1737285469.2307515,12960,1737285469,228750400,base_link,0.0,0.0
1737285469.3306127,12961,1737285469,328742976,base_link,0.0,0.0
1737285469.4345646,12962,1737285469,431736320,base_link,0.0,0.0
1737285469.5332968,12963,1737285469,531729408,base_link,0.0,0.0
1737285469.6309257,12964,1737285469,628724288,base_link,0.0,0.0
1737285469.7294428,12965,1737285469,727717888,base_link,0.0,0.0
1737285469.8316483,12966,1737285469,829712512,base_link,0.0,0.0
1737285469.933499,12967,1737285469,931711744,base_link,0.0,0.0
1737285470.0326302,12968,1737285470,30709184,base_link,0.0,0.0
1737285470.1311018,12969,1737285470,127704064,base_link,0.0,0.0
1737285470.2316244,12970,1737285470,229696896,base_link,0.0,0.0
1737285470.3321104,12971,1737285470,329694336,base_link,0.0,0.0
1737285470.4309072,12972,1737285470,429687936,base_link,0.0,0.0
1737285470.5303795,12973,1737285470,528684352,base_link,0.0,0.0
1737285470.6321242,12974,1737285470,629680512,base_link,0.0,0.0
1737285470.7319882,12975,1737285470,729675392,base_link,0.0,0.0
1737285470.832902,12976,1737285470,830672064,base_link,0.0,0.0
1737285470.932998,12977,1737285470,930665920,base_link,0.0,0.0
1737285471.03041,12978,1737285471,27659520,base_link,0.0,0.0
1737285471.1389909,12979,1737285471,129655168,base_link,0.0,0.0
1737285471.231315,12980,1737285471,228650304,base_link,0.0,0.0
1737285471.3305135,12981,1737285471,328642368,base_link,0.0,0.0
1737285471.4315186,12982,1737285471,429635968,base_link,0.0,0.0
1737285471.5390131,12983,1737285471,536631104,base_link,0.0,0.0
1737285471.6405025,12984,1737285471,637625984,base_link,0.0,0.0
1737285471.7327046,12985,1737285471,730622400,base_link,0.0,0.0
1737285471.8340771,12986,1737285471,831619584,base_link,0.0,0.0
1737285471.933303,12987,1737285471,931615744,base_link,0.0,0.0
1737285472.0299895,12988,1737285472,27609856,base_link,0.0,0.0
1737285472.1338134,12989,1737285472,127602688,base_link,0.0,0.0
1737285472.233854,12990,1737285472,231599872,base_link,0.0,0.0
1737285472.330542,12991,1737285472,328595520,base_link,0.0,0.0
1737285472.4324017,12992,1737285472,429590400,base_link,0.0,0.0
1737285472.5310082,12993,1737285472,528585536,base_link,0.0,0.0
1737285472.631962,12994,1737285472,629580160,base_link,0.0,0.0
1737285472.7317107,12995,1737285472,729573504,base_link,0.0,0.0
1737285472.832566,12996,1737285472,828568128,base_link,0.0,0.0
1737285472.9311504,12997,1737285472,929569920,base_link,0.0,0.0
1737285473.0302594,12998,1737285473,28559936,base_link,0.0,0.0
1737285473.134517,12999,1737285473,128559936,base_link,0.0,0.0
1737285473.2306464,13000,1737285473,226559936,base_link,0.0,0.0
1737285473.3314807,13001,1737285473,329548672,base_link,0.0,0.0
1737285473.4306495,13002,1737285473,428547904,base_link,0.0,0.0
1737285473.5319793,13003,1737285473,530541504,base_link,0.0,0.0
1737285473.633603,13004,1737285473,629537664,base_link,0.0,0.0
1737285473.7304432,13005,1737285473,728530496,base_link,0.0,0.0
1737285473.8318188,13006,1737285473,827522560,base_link,0.0,0.0
1737285473.933603,13007,1737285473,931519488,base_link,0.0,0.0
1737285474.0308998,13008,1737285474,28513600,base_link,0.0,0.0
1737285474.1335568,13009,1737285474,127504128,base_link,0.0,0.0
1737285474.231756,13010,1737285474,229499008,base_link,0.0,0.0
1737285474.3308547,13011,1737285474,328492352,base_link,0.0,0.0
1737285474.430969,13012,1737285474,429487232,base_link,0.0,0.0
1737285474.5351517,13013,1737285474,532483904,base_link,0.0,0.0
1737285474.6331272,13014,1737285474,630478784,base_link,0.0,0.0
1737285474.7324915,13015,1737285474,730474432,base_link,0.0,0.0
1737285474.8336198,13016,1737285474,831468544,base_link,0.0,0.0
1737285474.9309237,13017,1737285474,928463936,base_link,0.0,0.0
1737285475.029316,13018,1737285475,27460608,base_link,0.0,0.0
1737285475.1366012,13019,1737285475,127456768,base_link,0.0,0.0
1737285475.2307634,13020,1737285475,228453440,base_link,0.0,0.0
1737285475.3301833,13021,1737285475,328451136,base_link,0.0,0.0
1737285475.43153,13022,1737285475,429446784,base_link,0.0,0.0
1737285475.531614,13023,1737285475,529437056,base_link,0.0,0.0
1737285475.6341321,13024,1737285475,631428096,base_link,0.0,0.0
1737285475.7306285,13025,1737285475,728423744,base_link,0.0,0.0
1737285475.8332164,13026,1737285475,831418880,base_link,0.0,0.0
1737285475.933777,13027,1737285475,931410432,base_link,0.0,0.0
1737285476.0298002,13028,1737285476,28405824,base_link,0.0,0.0
1737285476.133532,13029,1737285476,129401472,base_link,0.0,0.0
1737285476.2307131,13030,1737285476,228398400,base_link,0.0,0.0
1737285476.329702,13031,1737285476,327391232,base_link,0.0,0.0
1737285476.4332004,13032,1737285476,431385344,base_link,0.0,0.0
1737285476.5322564,13033,1737285476,531380736,base_link,0.0,0.0
1737285476.634197,13034,1737285476,632375104,base_link,0.0,0.0
1737285476.7362041,13035,1737285476,735370752,base_link,0.0,0.0
1737285476.8335145,13036,1737285476,831366912,base_link,0.0,0.0
1737285476.9335415,13037,1737285476,931363072,base_link,0.0,0.0
1737285477.0346105,13038,1737285477,32357184,base_link,0.0,0.0
1737285477.1370583,13039,1737285477,134351808,base_link,0.0,0.0
1737285477.2383964,13040,1737285477,236346944,base_link,0.0,0.0
1737285477.3340318,13041,1737285477,332343360,base_link,0.0,0.0
1737285477.437561,13042,1737285477,427337984,base_link,0.0,0.0
1737285477.5311804,13043,1737285477,529335424,base_link,0.0,0.0
1737285477.6299891,13044,1737285477,628330816,base_link,0.0,0.0
1737285477.7297585,13045,1737285477,727326208,base_link,0.0,0.0
1737285477.8309748,13046,1737285477,829321088,base_link,0.0,0.0
1737285477.9300041,13047,1737285477,928314688,base_link,0.0,0.0
1737285478.0315502,13048,1737285478,29310848,base_link,0.0,0.0
1737285478.1344182,13049,1737285478,128306752,base_link,0.0,0.0
1737285478.22898,13050,1737285478,227303680,base_link,0.0,0.0
1737285478.3326569,13051,1737285478,331297536,base_link,0.0,0.0
1737285478.4290588,13052,1737285478,427289344,base_link,0.0,0.0
1737285478.5285227,13053,1737285478,527275776,base_link,0.0,0.0
1737285478.6299448,13054,1737285478,628268608,base_link,0.0,0.0
1737285478.7330842,13055,1737285478,731261696,base_link,0.0,0.0
1737285478.8316529,13056,1737285478,830257088,base_link,0.0,0.0
1737285478.9338007,13057,1737285478,932254016,base_link,0.0,0.0
1737285479.030091,13058,1737285479,28248640,base_link,0.0,0.0
1737285479.1352468,13059,1737285479,130248640,base_link,0.0,0.0
1737285479.2294858,13060,1737285479,227248896,base_link,0.0,0.0
1737285479.3324,13061,1737285479,328246848,base_link,0.0,0.0
1737285479.429243,13062,1737285479,427241728,base_link,0.0,0.0
1737285479.5313566,13063,1737285479,529237376,base_link,0.0,0.0
1737285479.6302454,13064,1737285479,628229440,base_link,0.0,0.0
1737285479.7319825,13065,1737285479,730223296,base_link,0.0,0.0
1737285479.8310962,13066,1737285479,829218432,base_link,0.0,0.0
1737285479.9329636,13067,1737285479,930211008,base_link,0.0,0.0
1737285480.028983,13068,1737285480,27200512,base_link,0.0,0.0
1737285480.1364608,13069,1737285480,129192832,base_link,0.0,0.0
1737285480.2319894,13070,1737285480,230186432,base_link,0.0,0.0
1737285480.3304913,13071,1737285480,328180544,base_link,0.0,0.0
1737285480.4338663,13072,1737285480,432174912,base_link,0.0,0.0
1737285480.533302,13073,1737285480,531169280,base_link,0.0,0.0
1737285480.6308067,13074,1737285480,628165440,base_link,0.0,0.0
1737285480.73095,13075,1737285480,729159296,base_link,0.0,0.0
1737285480.8302069,13076,1737285480,828157504,base_link,0.0,0.0
1737285480.9305763,13077,1737285480,928150592,base_link,0.0,0.0
1737285481.0283687,13078,1737285481,27146752,base_link,0.0,0.0
1737285481.1339555,13079,1737285481,129144704,base_link,0.0,0.0
1737285481.230163,13080,1737285481,228141120,base_link,0.0,0.0
1737285481.3315103,13081,1737285481,330134720,base_link,0.0,0.0
1737285481.4336352,13082,1737285481,431132160,base_link,0.0,0.0
1737285481.5303977,13083,1737285481,528129344,base_link,0.0,0.0
1737285481.6293824,13084,1737285481,627124224,base_link,0.0,0.0
1737285481.730439,13085,1737285481,729121152,base_link,0.0,0.0
1737285481.8298059,13086,1737285481,828115776,base_link,0.0,0.0
1737285481.931498,13087,1737285481,929109632,base_link,0.0,0.0
1737285482.0276892,13088,1737285482,26104512,base_link,0.0,0.0
1737285482.1335988,13089,1737285482,128099392,base_link,0.0,0.0
1737285482.2314978,13090,1737285482,229092992,base_link,0.0,0.0
1737285482.3345978,13091,1737285482,331090688,base_link,0.0,0.0
1737285482.4348438,13092,1737285482,433085568,base_link,0.0,0.0
1737285482.5395236,13093,1737285482,538081472,base_link,0.0,0.0
1737285482.6411092,13094,1737285482,639077888,base_link,0.0,0.0
1737285482.7381105,13095,1737285482,736073280,base_link,0.0,0.0
1737285482.832349,13096,1737285482,831068160,base_link,0.0,0.0
1737285482.9305348,13097,1737285482,928063808,base_link,0.0,0.0
1737285483.0294216,13098,1737285483,27060992,base_link,0.0,0.0
1737285483.131885,13099,1737285483,129054336,base_link,0.0,0.0
1737285483.2333286,13100,1737285483,231047680,base_link,0.0,0.0
1737285483.3303604,13101,1737285483,328042048,base_link,0.0,0.0
1737285483.4294784,13102,1737285483,427038976,base_link,0.0,0.0
1737285483.5304682,13103,1737285483,529034624,base_link,0.0,0.0
1737285483.629397,13104,1737285483,626031040,base_link,0.0,0.0
1737285483.7312567,13105,1737285483,730026688,base_link,0.0,0.0
1737285483.8309236,13106,1737285483,829023872,base_link,0.0,0.0
1737285483.9329717,13107,1737285483,931019264,base_link,0.0,0.0
1737285484.0286176,13108,1737285484,27016192,base_link,0.0,0.0
1737285484.12852,13109,1737285484,126006208,base_link,0.0,0.0
1737285484.229647,13110,1737285484,227999040,base_link,0.0,0.0
1737285484.3312469,13111,1737285484,329990592,base_link,0.0,0.0
1737285484.4312816,13112,1737285484,428986496,base_link,0.0,0.0
1737285484.532335,13113,1737285484,530986496,base_link,0.0,0.0
1737285484.6313243,13114,1737285484,629986496,base_link,0.0,0.0
1737285484.7313478,13115,1737285484,726986496,base_link,0.0,0.0
1737285484.8327494,13116,1737285484,830971648,base_link,0.0,0.0
1737285484.9317186,13117,1737285484,926967808,base_link,0.0,0.0
1737285485.029451,13118,1737285485,26963968,base_link,0.0,0.0
1737285485.1331065,13119,1737285485,128961664,base_link,0.0,0.0
1737285485.2302632,13120,1737285485,227956288,base_link,0.0,0.0
1737285485.3313994,13121,1737285485,329953216,base_link,0.0,0.0
1737285485.4312258,13122,1737285485,428947584,base_link,0.0,0.0
1737285485.5297744,13123,1737285485,527943488,base_link,0.0,0.0
1737285485.6306229,13124,1737285485,628939392,base_link,0.0,0.0
1737285485.7314484,13125,1737285485,729934272,base_link,0.0,0.0
1737285485.8309097,13126,1737285485,828929152,base_link,0.0,0.0
1737285485.931824,13127,1737285485,929925312,base_link,0.0,0.0
1737285486.0306797,13128,1737285486,28921216,base_link,0.0,0.0
1737285486.1323729,13129,1737285486,126913280,base_link,0.0,0.0
1737285486.230161,13130,1737285486,228910464,base_link,0.0,0.0
1737285486.3298979,13131,1737285486,327904064,base_link,0.0,0.0
1737285486.4290757,13132,1737285486,426897408,base_link,0.0,0.0
1737285486.5289073,13133,1737285486,527892032,base_link,0.0,0.0
1737285486.6307673,13134,1737285486,628888960,base_link,0.0,0.0
1737285486.7299418,13135,1737285486,728885888,base_link,0.0,0.0
1737285486.828921,13136,1737285486,826879744,base_link,0.0,0.0
1737285486.9305909,13137,1737285486,928881536,base_link,0.0,0.0
1737285487.0299864,13138,1737285487,27879744,base_link,0.0,0.0
1737285487.1338065,13139,1737285487,127873088,base_link,0.0,0.0
1737285487.2283134,13140,1737285487,226866944,base_link,0.0,0.0
1737285487.328886,13141,1737285487,326863872,base_link,0.0,0.0
1737285487.431814,13142,1737285487,429859008,base_link,0.0,0.0
1737285487.530496,13143,1737285487,528852864,base_link,0.0,0.0
1737285487.6340892,13144,1737285487,632846464,base_link,0.0,0.0
1737285487.7328668,13145,1737285487,731841600,base_link,0.0,0.0
1737285487.834828,13146,1737285487,832838784,base_link,0.0,0.0
1737285487.939894,13147,1737285487,937836224,base_link,0.0,0.0
1737285488.0369503,13148,1737285488,34831616,base_link,0.0,0.0
1737285488.1370418,13149,1737285488,133828800,base_link,0.0,0.0
1737285488.2401505,13150,1737285488,237823936,base_link,0.0,0.0
1737285488.329771,13151,1737285488,327820864,base_link,0.0,0.0
1737285488.4290867,13152,1737285488,426818304,base_link,0.0,0.0
1737285488.5374727,13153,1737285488,534811904,base_link,0.0,0.0
1737285488.6300442,13154,1737285488,627806272,base_link,0.0,0.0
1737285488.7337189,13155,1737285488,731803200,base_link,0.0,0.0
1737285488.8316534,13156,1737285488,828797056,base_link,0.0,0.0
1737285488.9309418,13157,1737285488,929795264,base_link,0.0,0.0
1737285489.0304563,13158,1737285489,28790400,base_link,0.0,0.0
1737285489.1324496,13159,1737285489,130787840,base_link,0.0,0.0
1737285489.2313552,13160,1737285489,229784512,base_link,0.0,0.0
1737285489.3320796,13161,1737285489,330776832,base_link,0.0,0.0
1737285489.4310772,13162,1737285489,429771456,base_link,0.0,0.0
1737285489.528253,13163,1737285489,526770688,base_link,0.0,0.0
1737285489.6339998,13164,1737285489,631762240,base_link,0.0,0.0
1737285489.7331257,13165,1737285489,730752512,base_link,0.0,0.0
1737285489.829647,13166,1737285489,827748672,base_link,0.0,0.0
1737285489.9335172,13167,1737285489,931739456,base_link,0.0,0.0
1737285490.030067,13168,1737285490,27726144,base_link,0.0,0.0
1737285490.1289046,13169,1737285490,126726144,base_link,0.0,0.0
1737285490.2318852,13170,1737285490,227715392,base_link,0.0,0.0
1737285490.3301437,13171,1737285490,327706688,base_link,0.0,0.0
1737285490.4314363,13172,1737285490,428695680,base_link,0.0,0.0
1737285490.5337322,13173,1737285490,528691584,base_link,0.0,0.0
1737285490.6303248,13174,1737285490,627684416,base_link,0.0,0.0
1737285490.7316566,13175,1737285490,729679040,base_link,0.0,0.0
1737285490.8314188,13176,1737285490,828672128,base_link,0.0,0.0
1737285490.9327989,13177,1737285490,930668800,base_link,0.0,0.0
1737285491.0291402,13178,1737285491,26661632,base_link,0.0,0.0
1737285491.1318796,13179,1737285491,126656512,base_link,0.0,0.0
1737285491.230072,13180,1737285491,227651392,base_link,0.0,0.0
1737285491.3319986,13181,1737285491,329646784,base_link,0.0,0.0
1737285491.431438,13182,1737285491,428643712,base_link,0.0,0.0
1737285491.5310314,13183,1737285491,528640128,base_link,0.0,0.0
1737285491.6314104,13184,1737285491,627636800,base_link,0.0,0.0
1737285491.7293735,13185,1737285491,727632192,base_link,0.0,0.0
1737285491.8280563,13186,1737285491,826627328,base_link,0.0,0.0
1737285491.9310803,13187,1737285491,928624000,base_link,0.0,0.0
1737285492.0322297,13188,1737285492,30619136,base_link,0.0,0.0
1737285492.1308608,13189,1737285492,127614016,base_link,0.0,0.0
1737285492.23385,13190,1737285492,231609664,base_link,0.0,0.0
1737285492.3303182,13191,1737285492,328606080,base_link,0.0,0.0
1737285492.4290345,13192,1737285492,426599680,base_link,0.0,0.0
1737285492.5308962,13193,1737285492,528600192,base_link,0.0,0.0
1737285492.6313844,13194,1737285492,628597632,base_link,0.0,0.0
1737285492.731394,13195,1737285492,729591744,base_link,0.0,0.0
1737285492.832788,13196,1737285492,831588928,base_link,0.0,0.0
1737285492.9295487,13197,1737285492,928584832,base_link,0.0,0.0
1737285493.0306869,13198,1737285493,27577408,base_link,0.0,0.0
1737285493.1306098,13199,1737285493,128574336,base_link,0.0,0.0
1737285493.230339,13200,1737285493,228569984,base_link,0.0,0.0
1737285493.331696,13201,1737285493,329566912,base_link,0.0,0.0
1737285493.431314,13202,1737285493,428561792,base_link,0.0,0.0
1737285493.535027,13203,1737285493,533556416,base_link,0.0,0.0
1737285493.6346395,13204,1737285493,632551296,base_link,0.0,0.0
1737285493.7356877,13205,1737285493,734545920,base_link,0.0,0.0
1737285493.83589,13206,1737285493,832543104,base_link,0.0,0.0
1737285493.9391217,13207,1737285493,937538752,base_link,0.0,0.0
1737285494.0305479,13208,1737285494,27532096,base_link,0.0,0.0
1737285494.1296265,13209,1737285494,126524160,base_link,0.0,0.0
1737285494.2306814,13210,1737285494,228517504,base_link,0.0,0.0
1737285494.3314877,13211,1737285494,329513152,base_link,0.0,0.0
1737285494.4312382,13212,1737285494,428511360,base_link,0.0,0.0
1737285494.530371,13213,1737285494,528506496,base_link,0.0,0.0
1737285494.629439,13214,1737285494,627502144,base_link,0.0,0.0
1737285494.7297597,13215,1737285494,727498560,base_link,0.0,0.0
1737285494.8300645,13216,1737285494,828492928,base_link,0.0,0.0
1737285494.9323773,13217,1737285494,930486272,base_link,0.0,0.0
1737285495.0290995,13218,1737285495,27484224,base_link,0.0,0.0
1737285495.1314187,13219,1737285495,129476032,base_link,0.0,0.0
1737285495.229154,13220,1737285495,227466304,base_link,0.0,0.0
1737285495.329311,13221,1737285495,327457600,base_link,0.0,0.0
1737285495.4283242,13222,1737285495,426453760,base_link,0.0,0.0
1737285495.531811,13223,1737285495,530447104,base_link,0.0,0.0
1737285495.631201,13224,1737285495,629447104,base_link,0.0,0.0
1737285495.7316484,13225,1737285495,729447104,base_link,0.0,0.0
1737285495.8304732,13226,1737285495,828442752,base_link,0.0,0.0
1737285495.931767,13227,1737285495,929439936,base_link,0.0,0.0
1737285496.0332255,13228,1737285496,28433280,base_link,0.0,0.0
1737285496.134157,13229,1737285496,130427904,base_link,0.0,0.0
1737285496.231143,13230,1737285496,229421248,base_link,0.0,0.0
1737285496.3305407,13231,1737285496,328416640,base_link,0.0,0.0
1737285496.429739,13232,1737285496,427410752,base_link,0.0,0.0
1737285496.5315387,13233,1737285496,528406400,base_link,0.0,0.0
1737285496.6346097,13234,1737285496,629398976,base_link,0.0,0.0
1737285496.7311866,13235,1737285496,727393344,base_link,0.0,0.0
1737285496.8306267,13236,1737285496,828390272,base_link,0.0,0.0
1737285496.9312596,13237,1737285496,928385920,base_link,0.0,0.0
1737285497.0319636,13238,1737285497,29380288,base_link,0.0,0.0
1737285497.130718,13239,1737285497,129373632,base_link,0.0,0.0
1737285497.236438,13240,1737285497,233365696,base_link,0.0,0.0
1737285497.3314338,13241,1737285497,328359040,base_link,0.0,0.0
1737285497.4299533,13242,1737285497,426353152,base_link,0.0,0.0
1737285497.5313044,13243,1737285497,528348288,base_link,0.0,0.0
1737285497.630558,13244,1737285497,627340864,base_link,0.0,0.0
1737285497.732579,13245,1737285497,728335488,base_link,0.0,0.0
1737285497.8360193,13246,1737285497,827330368,base_link,0.0,0.0
1737285497.9295712,13247,1737285497,926326784,base_link,0.0,0.0
1737285498.0325332,13248,1737285498,28322688,base_link,0.0,0.0
1737285498.1345608,13249,1737285498,129312704,base_link,0.0,0.0
1737285498.2307663,13250,1737285498,226312704,base_link,0.0,0.0
1737285498.331758,13251,1737285498,327308096,base_link,0.0,0.0
1737285498.4312875,13252,1737285498,428305280,base_link,0.0,0.0
1737285498.532704,13253,1737285498,530297600,base_link,0.0,0.0
1737285498.6318936,13254,1737285498,629292480,base_link,0.0,0.0
1737285498.7308848,13255,1737285498,728287616,base_link,0.0,0.0
1737285498.8334951,13256,1737285498,830283008,base_link,0.0,0.0
1737285498.9295733,13257,1737285498,927276864,base_link,0.0,0.0
1737285499.0329354,13258,1737285499,30271744,base_link,0.0,0.0
1737285499.1300693,13259,1737285499,128271744,base_link,0.0,0.0
1737285499.235745,13260,1737285499,232265600,base_link,0.0,0.0
1737285499.3326552,13261,1737285499,329260224,base_link,0.0,0.0
1737285499.4356425,13262,1737285499,430252544,base_link,0.0,0.0
1737285499.5365608,13263,1737285499,534247424,base_link,0.0,0.0
1737285499.6364934,13264,1737285499,633243840,base_link,0.0,0.0
1737285499.7377074,13265,1737285499,734236672,base_link,0.0,0.0
1737285499.8330922,13266,1737285499,830231552,base_link,0.0,0.0
1737285499.9300148,13267,1737285499,928224896,base_link,0.0,0.0
1737285500.0320342,13268,1737285500,30221568,base_link,0.0,0.0
1737285500.1322188,13269,1737285500,126214912,base_link,0.0,0.0
1737285500.2330527,13270,1737285500,231208512,base_link,0.0,0.0
1737285500.3292558,13271,1737285500,327204928,base_link,0.0,0.0
1737285500.4308105,13272,1737285500,428198528,base_link,0.0,0.0
1737285500.5298707,13273,1737285500,527194176,base_link,0.0,0.0
1737285500.6320791,13274,1737285500,628190848,base_link,0.0,0.0
1737285500.73636,13275,1737285500,729186752,base_link,0.0,0.0
1737285500.8295112,13276,1737285500,826179840,base_link,0.0,0.0
1737285500.9312797,13277,1737285500,928173952,base_link,0.0,0.0
1737285501.0306003,13278,1737285501,27167808,base_link,0.0,0.0
1737285501.1335828,13279,1737285501,129160640,base_link,0.0,0.0
1737285501.2297893,13280,1737285501,227154752,base_link,0.0,0.0
1737285501.3312142,13281,1737285501,327150656,base_link,0.0,0.0
1737285501.4296772,13282,1737285501,426151424,base_link,0.0,0.0
1737285501.5331814,13283,1737285501,530141952,base_link,0.0,0.0
1737285501.630341,13284,1737285501,626131712,base_link,0.0,0.0
1737285501.7315936,13285,1737285501,728123776,base_link,0.0,0.0
1737285501.8291254,13286,1737285501,826117888,base_link,0.0,0.0
1737285501.9356248,13287,1737285501,931113792,base_link,0.0,0.0
1737285502.0320795,13288,1737285502,27106880,base_link,0.0,0.0
1737285502.132279,13289,1737285502,127102272,base_link,0.0,0.0
1737285502.2350671,13290,1737285502,230098688,base_link,0.0,0.0
1737285502.329092,13291,1737285502,326093312,base_link,0.0,0.0
1737285502.435944,13292,1737285502,430083840,base_link,0.0,0.0
1737285502.5313547,13293,1737285502,527077440,base_link,0.0,0.0
1737285502.6311252,13294,1737285502,628073088,base_link,0.0,0.0
1737285502.7306206,13295,1737285502,728066688,base_link,0.0,0.0
1737285502.831576,13296,1737285502,829061056,base_link,0.0,0.0
1737285502.9344301,13297,1737285502,931057728,base_link,0.0,0.0
1737285503.032186,13298,1737285503,29053888,base_link,0.0,0.0
1737285503.1297276,13299,1737285503,127051840,base_link,0.0,0.0
1737285503.2311373,13300,1737285503,228047488,base_link,0.0,0.0
1737285503.3303936,13301,1737285503,328042624,base_link,0.0,0.0
1737285503.4301105,13302,1737285503,427037248,base_link,0.0,0.0
1737285503.5314922,13303,1737285503,529033408,base_link,0.0,0.0
1737285503.6298997,13304,1737285503,627028800,base_link,0.0,0.0
1737285503.7314184,13305,1737285503,729026496,base_link,0.0,0.0
1737285503.8307724,13306,1737285503,828019072,base_link,0.0,0.0
1737285503.932579,13307,1737285503,930013952,base_link,0.0,0.0
1737285504.0287051,13308,1737285504,27011648,base_link,0.0,0.0
1737285504.1315098,13309,1737285504,128007552,base_link,0.0,0.0
1737285504.2321756,13310,1737285504,229002432,base_link,0.0,0.0
1737285504.3332317,13311,1737285504,329995520,base_link,0.0,0.0
1737285504.4319334,13312,1737285504,426993984,base_link,0.0,0.0
1737285504.5316696,13313,1737285504,525992192,base_link,0.0,0.0
1737285504.6317246,13314,1737285504,628988096,base_link,0.0,0.0
1737285504.7347426,13315,1737285504,728983744,base_link,0.0,0.0
1737285504.832702,13316,1737285504,827980928,base_link,0.0,0.0
1737285504.930509,13317,1737285504,927973504,base_link,0.0,0.0
1737285505.0316997,13318,1737285505,28967616,base_link,0.0,0.0
1737285505.1310244,13319,1737285505,126961216,base_link,0.0,0.0
1737285505.2359953,13320,1737285505,229957376,base_link,0.0,0.0
1737285505.3338363,13321,1737285505,329954560,base_link,0.0,0.0
1737285505.4353478,13322,1737285505,432950464,base_link,0.0,0.0
1737285505.5383503,13323,1737285505,534946112,base_link,0.0,0.0
1737285505.6367126,13324,1737285505,633939456,base_link,0.0,0.0
1737285505.736988,13325,1737285505,733934848,base_link,0.0,0.0
1737285505.8361773,13326,1737285505,833929472,base_link,0.0,0.0
1737285505.937149,13327,1737285505,934922304,base_link,0.0,0.0
1737285506.0376246,13328,1737285506,35916672,base_link,0.0,0.0
1737285506.137167,13329,1737285506,134911040,base_link,0.0,0.0
1737285506.2402663,13330,1737285506,232905408,base_link,0.0,0.0
1737285506.3309748,13331,1737285506,328901568,base_link,0.0,0.0
1737285506.4307766,13332,1737285506,427897216,base_link,0.0,0.0
1737285506.5308702,13333,1737285506,528893888,base_link,0.0,0.0
1737285506.6281548,13334,1737285506,625888512,base_link,0.0,0.0
1737285506.736263,13335,1737285506,730884928,base_link,0.0,0.0
1737285506.8304033,13336,1737285506,826880320,base_link,0.0,0.0
1737285506.932173,13337,1737285506,928873664,base_link,0.0,0.0
1737285507.0303323,13338,1737285507,27868288,base_link,0.0,0.0
1737285507.130074,13339,1737285507,126863680,base_link,0.0,0.0
1737285507.2306895,13340,1737285507,227857792,base_link,0.0,0.0
1737285507.3295984,13341,1737285507,326852672,base_link,0.0,0.0
1737285507.429506,13342,1737285507,425847808,base_link,0.0,0.0
1737285507.5292244,13343,1737285507,526843712,base_link,0.0,0.0
1737285507.6306188,13344,1737285507,625837824,base_link,0.0,0.0
1737285507.730218,13345,1737285507,727828864,base_link,0.0,0.0
1737285507.8304477,13346,1737285507,826822720,base_link,0.0,0.0
1737285507.931666,13347,1737285507,928815296,base_link,0.0,0.0
1737285508.0321,13348,1737285508,30809408,base_link,0.0,0.0
1737285508.130408,13349,1737285508,126804032,base_link,0.0,0.0
1737285508.2326744,13350,1737285508,227799424,base_link,0.0,0.0
1737285508.335865,13351,1737285508,327799424,base_link,0.0,0.0
1737285508.4329605,13352,1737285508,426799424,base_link,0.0,0.0
1737285508.5330033,13353,1737285508,529797120,base_link,0.0,0.0
1737285508.6321423,13354,1737285508,626797376,base_link,0.0,0.0
1737285508.729253,13355,1737285508,725795072,base_link,0.0,0.0
1737285508.82949,13356,1737285508,826791232,base_link,0.0,0.0
1737285508.9329743,13357,1737285508,928788928,base_link,0.0,0.0
1737285509.0319803,13358,1737285509,27781248,base_link,0.0,0.0
1737285509.1313162,13359,1737285509,128775360,base_link,0.0,0.0
1737285509.2322476,13360,1737285509,227772544,base_link,0.0,0.0
1737285509.3297186,13361,1737285509,326767168,base_link,0.0,0.0
1737285509.430926,13362,1737285509,427762816,base_link,0.0,0.0
1737285509.5307302,13363,1737285509,527757184,base_link,0.0,0.0
1737285509.6309483,13364,1737285509,628752576,base_link,0.0,0.0
1737285509.730188,13365,1737285509,725746432,base_link,0.0,0.0
1737285509.832451,13366,1737285509,827741056,base_link,0.0,0.0
1737285509.9322844,13367,1737285509,928736448,base_link,0.0,0.0
1737285510.0304785,13368,1737285510,27731072,base_link,0.0,0.0
1737285510.130044,13369,1737285510,126725696,base_link,0.0,0.0
1737285510.2342257,13370,1737285510,230719296,base_link,0.0,0.0
1737285510.3292706,13371,1737285510,326714432,base_link,0.0,0.0
1737285510.43069,13372,1737285510,427704960,base_link,0.0,0.0
1737285510.5279016,13373,1737285510,524699328,base_link,0.0,0.0
1737285510.6344385,13374,1737285510,629693952,base_link,0.0,0.0
1737285510.7319503,13375,1737285510,729690624,base_link,0.0,0.0
1737285510.8324246,13376,1737285510,829686272,base_link,0.0,0.0
1737285510.9295683,13377,1737285510,927681408,base_link,0.0,0.0
1737285511.0314853,13378,1737285511,29676544,base_link,0.0,0.0
1737285511.1298878,13379,1737285511,126672704,base_link,0.0,0.0
1737285511.2297156,13380,1737285511,227666560,base_link,0.0,0.0
1737285511.3306537,13381,1737285511,326662976,base_link,0.0,0.0
1737285511.4304338,13382,1737285511,427655296,base_link,0.0,0.0
1737285511.5291855,13383,1737285511,525651712,base_link,0.0,0.0
1737285511.6318214,13384,1737285511,626643776,base_link,0.0,0.0
1737285511.730719,13385,1737285511,726639936,base_link,0.0,0.0
1737285511.831586,13386,1737285511,826631744,base_link,0.0,0.0
1737285511.9330509,13387,1737285511,928623552,base_link,0.0,0.0
1737285512.0300846,13388,1737285512,26615616,base_link,0.0,0.0
1737285512.132419,13389,1737285512,126608448,base_link,0.0,0.0
1737285512.234068,13390,1737285512,228600256,base_link,0.0,0.0
1737285512.33062,13391,1737285512,326592320,base_link,0.0,0.0
1737285512.4333253,13392,1737285512,428584640,base_link,0.0,0.0
1737285512.5303614,13393,1737285512,526576704,base_link,0.0,0.0
1737285512.6299736,13394,1737285512,626569024,base_link,0.0,0.0
1737285512.7277827,13395,1737285512,724561088,base_link,0.0,0.0
1737285512.8298092,13396,1737285512,827555712,base_link,0.0,0.0
1737285512.9303048,13397,1737285512,927549824,base_link,0.0,0.0
1737285513.031545,13398,1737285513,27543936,base_link,0.0,0.0
1737285513.1283498,13399,1737285513,125538560,base_link,0.0,0.0
1737285513.2286444,13400,1737285513,225531648,base_link,0.0,0.0
1737285513.3281744,13401,1737285513,324526272,base_link,0.0,0.0
1737285513.4276423,13402,1737285513,425519104,base_link,0.0,0.0
1737285513.528317,13403,1737285513,525512192,base_link,0.0,0.0
1737285513.6301353,13404,1737285513,627505024,base_link,0.0,0.0
1737285513.7299817,13405,1737285513,727497856,base_link,0.0,0.0
1737285513.829936,13406,1737285513,827492480,base_link,0.0,0.0
1737285513.9305856,13407,1737285513,927485312,base_link,0.0,0.0
1737285514.0288339,13408,1737285514,27477888,base_link,0.0,0.0
1737285514.129177,13409,1737285514,127472256,base_link,0.0,0.0
1737285514.2286556,13410,1737285514,225465344,base_link,0.0,0.0
1737285514.3288305,13411,1737285514,325458176,base_link,0.0,0.0
1737285514.4279947,13412,1737285514,425451520,base_link,0.0,0.0
1737285514.5300636,13413,1737285514,527444608,base_link,0.0,0.0
1737285514.6300764,13414,1737285514,627438720,base_link,0.0,0.0
1737285514.731742,13415,1737285514,729433088,base_link,0.0,0.0
1737285514.828862,13416,1737285514,826425664,base_link,0.0,0.0
1737285514.9285378,13417,1737285514,926421568,base_link,0.0,0.0
1737285515.0292814,13418,1737285515,26417728,base_link,0.0,0.0
1737285515.1273239,13419,1737285515,124411328,base_link,0.0,0.0
1737285515.2303615,13420,1737285515,227405696,base_link,0.0,0.0
1737285515.3310125,13421,1737285515,327400576,base_link,0.0,0.0
1737285515.430232,13422,1737285515,427395456,base_link,0.0,0.0
1737285515.532347,13423,1737285515,529390592,base_link,0.0,0.0
1737285515.629747,13424,1737285515,627385984,base_link,0.0,0.0
1737285515.7295396,13425,1737285515,727381376,base_link,0.0,0.0
1737285515.8322735,13426,1737285515,829376256,base_link,0.0,0.0
1737285515.930873,13427,1737285515,927371136,base_link,0.0,0.0
1737285516.033454,13428,1737285516,27366272,base_link,0.0,0.0
1737285516.1300688,13429,1737285516,127361408,base_link,0.0,0.0
