Time,header.seq,header.stamp.secs,header.stamp.nsecs,header.frame_id,twist.linear.x,twist.linear.y,twist.linear.z,twist.angular.x,twist.angular.y,twist.angular.z
1737285429.1285112,12556,1737285428,657811712,map,-0.021969157132623957,-0.020429295995752713,0.0,0.0,0.0,0.0
1737285429.1286442,12557,1737285428,857809664,map,-0.0366152618877066,-0.034048826659587854,0.0,0.0,0.0,0.0
1737285429.1288967,12558,1737285428,857805056,map,-0.0366152618877066,-0.034048826659587854,0.0,0.0,0.0,0.0
1737285429.1359127,12559,1737285429,57797888,map,-0.04393831426524791,-0.040858591991505426,0.0,0.0,0.0,0.0
1737285429.2326987,12560,1737285429,57794816,map,-0.04393831426524791,-0.040858591991505426,0.0,0.0,0.0,0.0
1737285429.3399389,12561,1737285429,257791232,map,-0.014646104755082639,-0.013619530663835143,0.0,0.0,0.0,0.0
1737285429.442924,12562,1737285429,257787392,map,-0.014646104755082639,-0.013619530663835143,0.0,0.0,0.0,0.0
1737285429.5401542,12563,1737285429,457784832,map,-0.0,-0.0,0.0,0.0,0.0,0.0
1737285429.6426823,12564,1737285429,457780992,map,-0.0,-0.0,0.0,0.0,0.0,0.0
1737285429.7332892,12565,1737285429,657775872,map,-0.029292209510165278,-0.027239061327670285,0.0,0.0,0.0,0.0
1737285429.8424795,12566,1737285429,657769216,map,-0.029292209510165278,-0.027239061327670285,0.0,0.0,0.0,0.0
1737285429.9409692,12567,1737285429,857764352,map,-0.04393831426524791,-0.040858591991505426,0.0,0.0,0.0,0.0
1737285430.0386193,12568,1737285429,857755648,map,-0.04393831426524791,-0.040858591991505426,0.0,0.0,0.0,0.0
1737285430.1371489,12569,1737285430,57748736,map,-0.06590747139787187,-0.061287887987258136,0.0,0.0,0.0,0.0
1737285430.2407577,12570,1737285430,57745920,map,-0.06590747139787187,-0.061287887987258136,0.0,0.0,0.0,0.0
1737285430.3342311,12571,1737285430,257740288,map,-0.0366152618877066,-0.034048826659587854,0.0,0.0,0.0,0.0
1737285430.4335303,12572,1737285430,257734656,map,-0.0366152618877066,-0.034048826659587854,0.0,0.0,0.0,0.0
1737285430.535019,12573,1737285430,457730304,map,-0.0366152618877066,-0.034048826659587854,0.0,0.0,0.0,0.0
1737285430.6329868,12574,1737285430,457726208,map,-0.0366152618877066,-0.034048826659587854,0.0,0.0,0.0,0.0
1737285430.7347646,12575,1737285430,657722112,map,-0.04393831426524791,-0.040858591991505426,0.0,0.0,0.0,0.0
1737285430.8342514,12576,1737285430,657717504,map,-0.04393831426524791,-0.040858591991505426,0.0,0.0,0.0,0.0
1737285430.9350767,12577,1737285430,857710592,map,-0.029292209510165278,-0.027239061327670285,0.0,0.0,0.0,0.0
1737285431.0339718,12578,1737285430,857706496,map,-0.029292209510165278,-0.027239061327670285,0.0,0.0,0.0,0.0
1737285431.140868,12579,1737285431,57693952,map,-0.0,-0.0,0.0,0.0,0.0,0.0
1737285431.2326372,12580,1737285431,57688832,map,-0.0,-0.0,0.0,0.0,0.0,0.0
1737285431.3332064,12581,1737285431,257681152,map,-0.04393831426524791,-0.040858591991505426,0.0,0.0,0.0,0.0
1737285431.437064,12582,1737285431,257673984,map,-0.04393831426524791,-0.040858591991505426,0.0,0.0,0.0,0.0
1737285431.5335274,12583,1737285431,457670144,map,-0.021969157132623957,-0.020429295995752713,0.0,0.0,0.0,0.0
1737285431.6327538,12584,1737285431,457666560,map,-0.021969157132623957,-0.020429295995752713,0.0,0.0,0.0,0.0
1737285431.7350225,12585,1737285431,657659904,map,-0.0366152618877066,-0.034048826659587854,0.0,0.0,0.0,0.0
1737285431.8325064,12586,1737285431,657655040,map,-0.0366152618877066,-0.034048826659587854,0.0,0.0,0.0,0.0
1737285431.93647,12587,1737285431,857643776,map,-0.08055357615295451,-0.07490741865109328,0.0,0.0,0.0,0.0
1737285432.0328004,12588,1737285431,857638912,map,-0.08055357615295451,-0.07490741865109328,0.0,0.0,0.0,0.0
1737285432.1347706,12589,1737285432,57636352,map,-0.029292209510165278,-0.027239061327670285,0.0,0.0,0.0,0.0
1737285432.232024,12590,1737285432,57632512,map,-0.029292209510165278,-0.027239061327670285,0.0,0.0,0.0,0.0
1737285432.3333158,12591,1737285432,257625856,map,-0.058584419020330555,-0.05447812265534057,0.0,0.0,0.0,0.0
1737285432.4340503,12592,1737285432,257620736,map,-0.058584419020330555,-0.05447812265534057,0.0,0.0,0.0,0.0
1737285432.533272,12593,1737285432,457620736,map,-0.007323052377541319,-0.006809765331917571,0.0,0.0,0.0,0.0
1737285432.6371,12594,1737285432,457617408,map,-0.007323052377541319,-0.006809765331917571,0.0,0.0,0.0,0.0
1737285432.7341099,12595,1737285432,657612800,map,-0.04393831426524791,-0.040858591991505426,0.0,0.0,0.0,0.0
1737285432.835651,12596,1737285432,657609728,map,-0.04393831426524791,-0.040858591991505426,0.0,0.0,0.0,0.0
1737285432.9343765,12597,1737285432,857605632,map,-0.0366152618877066,-0.034048826659587854,0.0,0.0,0.0,0.0
1737285433.0355468,12598,1737285432,857601536,map,-0.0366152618877066,-0.034048826659587854,0.0,0.0,0.0,0.0
1737285433.1340492,12599,1737285433,57594880,map,-0.058584419020330555,-0.05447812265534057,0.0,0.0,0.0,0.0
1737285433.2335813,12600,1737285433,57589504,map,-0.058584419020330555,-0.05447812265534057,0.0,0.0,0.0,0.0
1737285433.3324246,12601,1737285433,257588736,map,-0.05126136664278924,-0.047668357323423005,0.0,0.0,0.0,0.0
1737285433.4346037,12602,1737285433,257582080,map,-0.05126136664278924,-0.047668357323423005,0.0,0.0,0.0,0.0
1737285433.5336096,12603,1737285433,457578240,map,-0.06590747139787187,-0.061287887987258136,0.0,0.0,0.0,0.0
1737285433.6345992,12604,1737285433,457570048,map,-0.06590747139787187,-0.061287887987258136,0.0,0.0,0.0,0.0
1737285433.734604,12605,1737285433,657567232,map,-0.04393831426524791,-0.040858591991505426,0.0,0.0,0.0,0.0
1737285433.8315785,12606,1737285433,657563904,map,-0.04393831426524791,-0.040858591991505426,0.0,0.0,0.0,0.0
1737285433.9330587,12607,1737285433,857560576,map,-0.029292209510165278,-0.027239061327670285,0.0,0.0,0.0,0.0
1737285434.033155,12608,1737285433,857557248,map,-0.029292209510165278,-0.027239061327670285,0.0,0.0,0.0,0.0
1737285434.136101,12609,1737285434,57556224,map,-0.0366152618877066,-0.034048826659587854,0.0,0.0,0.0,0.0
1737285434.2344947,12610,1737285434,57552128,map,-0.0366152618877066,-0.034048826659587854,0.0,0.0,0.0,0.0
1737285434.3316412,12611,1737285434,257547520,map,-0.029292209510165278,-0.027239061327670285,0.0,0.0,0.0,0.0
1737285434.4330378,12612,1737285434,257544192,map,-0.029292209510165278,-0.027239061327670285,0.0,0.0,0.0,0.0
1737285434.5316715,12613,1737285434,457536768,map,-0.029292209510165278,-0.027239061327670285,0.0,0.0,0.0,0.0
1737285434.6334965,12614,1737285434,457532416,map,-0.029292209510165278,-0.027239061327670285,0.0,0.0,0.0,0.0
1737285434.7349591,12615,1737285434,657529088,map,-0.04393831426524791,-0.040858591991505426,0.0,0.0,0.0,0.0
1737285434.8339577,12616,1737285434,657521920,map,-0.04393831426524791,-0.040858591991505426,0.0,0.0,0.0,0.0
1737285434.9351301,12617,1737285434,857518080,map,-0.058584419020330555,-0.05447812265534057,0.0,0.0,0.0,0.0
1737285435.0317204,12618,1737285434,857512704,map,-0.058584419020330555,-0.05447812265534057,0.0,0.0,0.0,0.0
1737285435.134342,12619,1737285435,57508864,map,-0.08787662853049583,-0.08171718398301085,0.0,0.0,0.0,0.0
1737285435.2337337,12620,1737285435,57504768,map,-0.08787662853049583,-0.08171718398301085,0.0,0.0,0.0,0.0
1737285435.3332436,12621,1737285435,257500160,map,-0.08055357615295451,-0.07490741865109328,0.0,0.0,0.0,0.0
1737285435.4333699,12622,1737285435,257494016,map,-0.08055357615295451,-0.07490741865109328,0.0,0.0,0.0,0.0
1737285435.5328183,12623,1737285435,457487104,map,-0.021969157132623957,-0.020429295995752713,0.0,0.0,0.0,0.0
1737285435.6349232,12624,1737285435,457479936,map,-0.021969157132623957,-0.020429295995752713,0.0,0.0,0.0,0.0
1737285435.734371,12625,1737285435,657475840,map,-0.04393831426524791,-0.040858591991505426,0.0,0.0,0.0,0.0
1737285435.8345065,12626,1737285435,657470464,map,-0.04393831426524791,-0.040858591991505426,0.0,0.0,0.0,0.0
1737285435.9360678,12627,1737285435,857464576,map,-0.058584419020330555,-0.05447812265534057,0.0,0.0,0.0,0.0
1737285436.0332818,12628,1737285435,857459968,map,-0.058584419020330555,-0.05447812265534057,0.0,0.0,0.0,0.0
1737285436.1361468,12629,1737285436,57455616,map,-0.04393831426524791,-0.040858591991505426,0.0,0.0,0.0,0.0
1737285436.236576,12630,1737285436,57450496,map,-0.04393831426524791,-0.040858591991505426,0.0,0.0,0.0,0.0
1737285436.3415942,12631,1737285436,257443840,map,-0.007323052377541319,-0.006809765331917571,0.0,0.0,0.0,0.0
1737285436.4380548,12632,1737285436,257440768,map,-0.007323052377541319,-0.006809765331917571,0.0,0.0,0.0,0.0
1737285436.5370884,12633,1737285436,457436928,map,-0.029292209510165278,-0.027239061327670285,0.0,0.0,0.0,0.0
1737285436.6426747,12634,1737285436,457433088,map,-0.029292209510165278,-0.027239061327670285,0.0,0.0,0.0,0.0
1737285436.7406332,12635,1737285436,657430272,map,-0.0366152618877066,-0.034048826659587854,0.0,0.0,0.0,0.0
1737285436.8311002,12636,1737285436,657426432,map,-0.0366152618877066,-0.034048826659587854,0.0,0.0,0.0,0.0
1737285436.94371,12637,1737285436,857420288,map,-0.06590747139787187,-0.061287887987258136,0.0,0.0,0.0,0.0
1737285437.0401428,12638,1737285436,857416960,map,-0.06590747139787187,-0.061287887987258136,0.0,0.0,0.0,0.0
1737285437.1408014,12639,1737285437,57407744,map,-0.05126136664278924,-0.047668357323423005,0.0,0.0,0.0,0.0
1737285437.2370353,12640,1737285437,57401600,map,-0.05126136664278924,-0.047668357323423005,0.0,0.0,0.0,0.0
1737285437.3337746,12641,1737285437,257398784,map,-0.058584419020330555,-0.05447812265534057,0.0,0.0,0.0,0.0
1737285437.434035,12642,1737285437,257395200,map,-0.058584419020330555,-0.05447812265534057,0.0,0.0,0.0,0.0
1737285437.5331109,12643,1737285437,457390336,map,-0.05126136664278924,-0.047668357323423005,0.0,0.0,0.0,0.0
1737285437.6340861,12644,1737285437,457387008,map,-0.05126136664278924,-0.047668357323423005,0.0,0.0,0.0,0.0
1737285437.732918,12645,1737285437,657384192,map,-0.06590747139787187,-0.061287887987258136,0.0,0.0,0.0,0.0
1737285437.8322198,12646,1737285437,657378304,map,-0.06590747139787187,-0.061287887987258136,0.0,0.0,0.0,0.0
1737285437.9341772,12647,1737285437,857373696,map,-0.058584419020330555,-0.05447812265534057,0.0,0.0,0.0,0.0
1737285438.0349565,12648,1737285437,857367296,map,-0.058584419020330555,-0.05447812265534057,0.0,0.0,0.0,0.0
1737285438.135074,12649,1737285438,57361152,map,-0.08055357615295451,-0.07490741865109328,0.0,0.0,0.0,0.0
1737285438.2370937,12650,1737285438,57354752,map,-0.08055357615295451,-0.07490741865109328,0.0,0.0,0.0,0.0
1737285438.3346133,12651,1737285438,257349888,map,-0.04393831426524791,-0.040858591991505426,0.0,0.0,0.0,0.0
1737285438.4332469,12652,1737285438,257341952,map,-0.04393831426524791,-0.040858591991505426,0.0,0.0,0.0,0.0
1737285438.5314002,12653,1737285438,457332736,map,-0.058584419020330555,-0.05447812265534057,0.0,0.0,0.0,0.0
1737285438.6334982,12654,1737285438,457326080,map,-0.058584419020330555,-0.05447812265534057,0.0,0.0,0.0,0.0
1737285438.7314546,12655,1737285438,657321984,map,-0.05126136664278924,-0.047668357323423005,0.0,0.0,0.0,0.0
1737285438.8336008,12656,1737285438,657317120,map,-0.05126136664278924,-0.047668357323423005,0.0,0.0,0.0,0.0
1737285438.9345384,12657,1737285438,857310720,map,-0.029292209510165278,-0.027239061327670285,0.0,0.0,0.0,0.0
1737285439.0331984,12658,1737285438,857306624,map,-0.029292209510165278,-0.027239061327670285,0.0,0.0,0.0,0.0
1737285439.1350267,12659,1737285439,57306624,map,-0.0366152618877066,-0.034048826659587854,0.0,0.0,0.0,0.0
1737285439.2309923,12660,1737285439,57294848,map,-0.0366152618877066,-0.034048826659587854,0.0,0.0,0.0,0.0
1737285439.3329148,12661,1737285439,257280512,map,-0.05126136664278924,-0.047668357323423005,0.0,0.0,0.0,0.0
1737285439.4339345,12662,1737285439,257269504,map,-0.05126136664278924,-0.047668357323423005,0.0,0.0,0.0,0.0
1737285439.532811,12663,1737285439,457270272,map,-0.058584419020330555,-0.05447812265534057,0.0,0.0,0.0,0.0
1737285439.6317508,12664,1737285439,457264896,map,-0.058584419020330555,-0.05447812265534057,0.0,0.0,0.0,0.0
1737285439.735928,12665,1737285439,657259008,map,-0.029292209510165278,-0.027239061327670285,0.0,0.0,0.0,0.0
1737285439.8317251,12666,1737285439,657252096,map,-0.029292209510165278,-0.027239061327670285,0.0,0.0,0.0,0.0
1737285439.9351292,12667,1737285439,857246720,map,-0.05126136664278924,-0.047668357323423005,0.0,0.0,0.0,0.0
1737285440.0326562,12668,1737285439,857242624,map,-0.05126136664278924,-0.047668357323423005,0.0,0.0,0.0,0.0
1737285440.1344373,12669,1737285440,57236736,map,-0.021969157132623957,-0.020429295995752713,0.0,0.0,0.0,0.0
1737285440.2325113,12670,1737285440,57232128,map,-0.021969157132623957,-0.020429295995752713,0.0,0.0,0.0,0.0
1737285440.3336492,12671,1737285440,257224192,map,-0.021969157132623957,-0.020429295995752713,0.0,0.0,0.0,0.0
1737285440.4334626,12672,1737285440,257223168,map,-0.021969157132623957,-0.020429295995752713,0.0,0.0,0.0,0.0
1737285440.532744,12673,1737285440,457219840,map,-0.021969157132623957,-0.020429295995752713,0.0,0.0,0.0,0.0
1737285440.6338234,12674,1737285440,457213184,map,-0.021969157132623957,-0.020429295995752713,0.0,0.0,0.0,0.0
1737285440.7323167,12675,1737285440,657208064,map,-0.0366152618877066,-0.034048826659587854,0.0,0.0,0.0,0.0
1737285440.8337255,12676,1737285440,657201920,map,-0.0366152618877066,-0.034048826659587854,0.0,0.0,0.0,0.0
1737285440.9317474,12677,1737285440,857199872,map,-0.014646104755082639,-0.013619530663835143,0.0,0.0,0.0,0.0
1737285441.034657,12678,1737285440,857195776,map,-0.014646104755082639,-0.013619530663835143,0.0,0.0,0.0,0.0
1737285441.134239,12679,1737285441,57189376,map,-0.058584419020330555,-0.05447812265534057,0.0,0.0,0.0,0.0
1737285441.2326665,12680,1737285441,57186816,map,-0.058584419020330555,-0.05447812265534057,0.0,0.0,0.0,0.0
1737285441.3345966,12681,1737285441,257181440,map,-0.021969157132623957,-0.020429295995752713,0.0,0.0,0.0,0.0
1737285441.433866,12682,1737285441,257176320,map,-0.021969157132623957,-0.020429295995752713,0.0,0.0,0.0,0.0
1737285441.5343542,12683,1737285441,457171712,map,-0.0366152618877066,-0.034048826659587854,0.0,0.0,0.0,0.0
1737285441.6343496,12684,1737285441,457169408,map,-0.0366152618877066,-0.034048826659587854,0.0,0.0,0.0,0.0
1737285441.7329767,12685,1737285441,657165568,map,-0.06590747139787187,-0.061287887987258136,0.0,0.0,0.0,0.0
1737285441.8314826,12686,1737285441,657162752,map,-0.06590747139787187,-0.061287887987258136,0.0,0.0,0.0,0.0
1737285441.9335928,12687,1737285441,857158912,map,-0.04393831426524791,-0.040858591991505426,0.0,0.0,0.0,0.0
1737285442.0331376,12688,1737285441,857153280,map,-0.04393831426524791,-0.040858591991505426,0.0,0.0,0.0,0.0
1737285442.1354954,12689,1737285442,57144576,map,-0.058584419020330555,-0.05447812265534057,0.0,0.0,0.0,0.0
1737285442.2332635,12690,1737285442,57140480,map,-0.058584419020330555,-0.05447812265534057,0.0,0.0,0.0,0.0
1737285442.3345895,12691,1737285442,257134336,map,-0.04393831426524791,-0.040858591991505426,0.0,0.0,0.0,0.0
1737285442.4331975,12692,1737285442,257130496,map,-0.04393831426524791,-0.040858591991505426,0.0,0.0,0.0,0.0
1737285442.5339816,12693,1737285442,457130240,map,-0.05126136664278924,-0.047668357323423005,0.0,0.0,0.0,0.0
1737285442.6349103,12694,1737285442,457126912,map,-0.05126136664278924,-0.047668357323423005,0.0,0.0,0.0,0.0
1737285442.7324095,12695,1737285442,657122816,map,-0.058584419020330555,-0.05447812265534057,0.0,0.0,0.0,0.0
1737285442.833053,12696,1737285442,657116672,map,-0.058584419020330555,-0.05447812265534057,0.0,0.0,0.0,0.0
1737285442.937083,12697,1737285442,857113088,map,-0.04393831426524791,-0.040858591991505426,0.0,0.0,0.0,0.0
1737285443.0329669,12698,1737285442,857110016,map,-0.04393831426524791,-0.040858591991505426,0.0,0.0,0.0,0.0
1737285443.1375067,12699,1737285443,57106944,map,-0.021969157132623957,-0.020429295995752713,0.0,0.0,0.0,0.0
1737285443.2363288,12700,1737285443,57104128,map,-0.021969157132623957,-0.020429295995752713,0.0,0.0,0.0,0.0
1737285443.3350513,12701,1737285443,257097216,map,-0.0366152618877066,-0.034048826659587854,0.0,0.0,0.0,0.0
1737285443.433991,12702,1737285443,257091072,map,-0.0366152618877066,-0.034048826659587854,0.0,0.0,0.0,0.0
1737285443.5336523,12703,1737285443,457082624,map,-0.0366152618877066,-0.034048826659587854,0.0,0.0,0.0,0.0
1737285443.637922,12704,1737285443,457075200,map,-0.0366152618877066,-0.034048826659587854,0.0,0.0,0.0,0.0
1737285443.7390857,12705,1737285443,657071616,map,-0.014646104755082639,-0.013619530663835143,0.0,0.0,0.0,0.0
1737285443.8407838,12706,1737285443,657064960,map,-0.014646104755082639,-0.013619530663835143,0.0,0.0,0.0,0.0
1737285443.9424443,12707,1737285443,857056256,map,-0.029292209510165278,-0.027239061327670285,0.0,0.0,0.0,0.0
1737285444.0376117,12708,1737285443,857049856,map,-0.029292209510165278,-0.027239061327670285,0.0,0.0,0.0,0.0
1737285444.131154,12709,1737285444,57044992,map,-0.021969157132623957,-0.020429295995752713,0.0,0.0,0.0,0.0
1737285444.232278,12710,1737285444,57039360,map,-0.021969157132623957,-0.020429295995752713,0.0,0.0,0.0,0.0
1737285444.334931,12711,1737285444,257031424,map,-0.029292209510165278,-0.027239061327670285,0.0,0.0,0.0,0.0
1737285444.434049,12712,1737285444,257025024,map,-0.029292209510165278,-0.027239061327670285,0.0,0.0,0.0,0.0
1737285444.532097,12713,1737285444,457018112,map,-0.021969157132623957,-0.020429295995752713,0.0,0.0,0.0,0.0
1737285444.632061,12714,1737285444,457012736,map,-0.021969157132623957,-0.020429295995752713,0.0,0.0,0.0,0.0
1737285444.7343197,12715,1737285444,657009408,map,-0.0,-0.0,0.0,0.0,0.0,0.0
1737285444.8382075,12716,1737285444,657002752,map,-0.0,-0.0,0.0,0.0,0.0,0.0
1737285444.935982,12717,1737285444,856997120,map,-0.007323052377541319,-0.006809765331917571,0.0,0.0,0.0,0.0
1737285445.0359507,12718,1737285444,856989440,map,-0.007323052377541319,-0.006809765331917571,0.0,0.0,0.0,0.0
1737285445.1339886,12719,1737285445,56986112,map,-0.029292209510165278,-0.027239061327670285,0.0,0.0,0.0,0.0
1737285445.2330942,12720,1737285445,56982528,map,-0.029292209510165278,-0.027239061327670285,0.0,0.0,0.0,0.0
1737285445.3323014,12721,1737285445,256977152,map,-0.0,-0.0,0.0,0.0,0.0,0.0
1737285445.4322386,12722,1737285445,256965376,map,-0.0,-0.0,0.0,0.0,0.0,0.0
1737285445.5332372,12723,1737285445,456957952,map,-0.007323052377541319,-0.006809765331917571,0.0,0.0,0.0,0.0
1737285445.6313546,12724,1737285445,456954112,map,-0.007323052377541319,-0.006809765331917571,0.0,0.0,0.0,0.0
1737285445.7350254,12725,1737285445,656953344,map,-0.014646104755082639,-0.013619530663835143,0.0,0.0,0.0,0.0
1737285445.8333242,12726,1737285445,656948992,map,-0.014646104755082639,-0.013619530663835143,0.0,0.0,0.0,0.0
1737285445.9336603,12727,1737285445,856948992,map,-0.014646104755082639,-0.013619530663835143,0.0,0.0,0.0,0.0
1737285446.035041,12728,1737285445,856938752,map,-0.014646104755082639,-0.013619530663835143,0.0,0.0,0.0,0.0
1737285446.131233,12729,1737285446,56927744,map,-0.014646104755082639,-0.013619530663835143,0.0,0.0,0.0,0.0
1737285446.2351859,12730,1737285446,56924160,map,-0.014646104755082639,-0.013619530663835143,0.0,0.0,0.0,0.0
1737285446.3331316,12731,1737285446,256917760,map,-0.021969157132623957,-0.020429295995752713,0.0,0.0,0.0,0.0
1737285446.4361997,12732,1737285446,256911616,map,-0.021969157132623957,-0.020429295995752713,0.0,0.0,0.0,0.0
1737285446.5313306,12733,1737285446,456904960,map,-0.029292209510165278,-0.027239061327670285,0.0,0.0,0.0,0.0
1737285446.632375,12734,1737285446,456901888,map,-0.029292209510165278,-0.027239061327670285,0.0,0.0,0.0,0.0
1737285446.7315035,12735,1737285446,656896256,map,-0.0,-0.0,0.0,0.0,0.0,0.0
1737285446.8323846,12736,1737285446,656892672,map,-0.0,-0.0,0.0,0.0,0.0,0.0
1737285446.9361598,12737,1737285446,856886784,map,-0.007323052377541319,-0.006809765331917571,0.0,0.0,0.0,0.0
1737285447.0349913,12738,1737285446,856881408,map,-0.007323052377541319,-0.006809765331917571,0.0,0.0,0.0,0.0
1737285447.1344342,12739,1737285447,56881408,map,-0.029292209510165278,-0.027239061327670285,0.0,0.0,0.0,0.0
1737285447.2331235,12740,1737285447,56876544,map,-0.029292209510165278,-0.027239061327670285,0.0,0.0,0.0,0.0
1737285447.3352566,12741,1737285447,256872192,map,-0.0,-0.0,0.0,0.0,0.0,0.0
1737285447.4314342,12742,1737285447,256866560,map,-0.0,-0.0,0.0,0.0,0.0,0.0
1737285447.5322928,12743,1737285447,456861952,map,-0.029292209510165278,-0.027239061327670285,0.0,0.0,0.0,0.0
1737285447.6324573,12744,1737285447,456858880,map,-0.029292209510165278,-0.027239061327670285,0.0,0.0,0.0,0.0
1737285447.7348268,12745,1737285447,656852224,map,-0.05126136664278924,-0.047668357323423005,0.0,0.0,0.0,0.0
1737285447.846405,12746,1737285447,656847872,map,-0.05126136664278924,-0.047668357323423005,0.0,0.0,0.0,0.0
1737285447.9358413,12747,1737285447,856839424,map,-0.05126136664278924,-0.047668357323423005,0.0,0.0,0.0,0.0
1737285448.0332015,12748,1737285447,856832512,map,-0.05126136664278924,-0.047668357323423005,0.0,0.0,0.0,0.0
1737285448.1340907,12749,1737285448,56827648,map,-0.029292209510165278,-0.027239061327670285,0.0,0.0,0.0,0.0
1737285448.233328,12750,1737285448,56823040,map,-0.029292209510165278,-0.027239061327670285,0.0,0.0,0.0,0.0
1737285448.3334107,12751,1737285448,256816384,map,-0.0732305237754132,-0.06809765331917571,0.0,0.0,0.0,0.0
1737285448.4324224,12752,1737285448,256812800,map,-0.0732305237754132,-0.06809765331917571,0.0,0.0,0.0,0.0
1737285448.5333905,12753,1737285448,456809216,map,-0.04393831426524791,-0.040858591991505426,0.0,0.0,0.0,0.0
1737285448.63367,12754,1737285448,456803584,map,-0.04393831426524791,-0.040858591991505426,0.0,0.0,0.0,0.0
1737285448.7352026,12755,1737285448,656801792,map,-0.10252273328557848,-0.09533671464684601,0.0,0.0,0.0,0.0
1737285448.8318362,12756,1737285448,656798464,map,-0.10252273328557848,-0.09533671464684601,0.0,0.0,0.0,0.0
1737285448.9364905,12757,1737285448,856796672,map,-0.04393831426524791,-0.040858591991505426,0.0,0.0,0.0,0.0
1737285449.0333452,12758,1737285448,856790016,map,-0.04393831426524791,-0.040858591991505426,0.0,0.0,0.0,0.0
1737285449.1343973,12759,1737285449,56785664,map,-0.021969157132623957,-0.020429295995752713,0.0,0.0,0.0,0.0
1737285449.2360816,12760,1737285449,56782848,map,-0.021969157132623957,-0.020429295995752713,0.0,0.0,0.0,0.0
1737285449.3348544,12761,1737285449,256776960,map,-0.06590747139787187,-0.061287887987258136,0.0,0.0,0.0,0.0
1737285449.4318056,12762,1737285449,256771840,map,-0.06590747139787187,-0.061287887987258136,0.0,0.0,0.0,0.0
1737285449.5339797,12763,1737285449,456768512,map,-0.08787662853049583,-0.08171718398301085,0.0,0.0,0.0,0.0
1737285449.6321468,12764,1737285449,456760832,map,-0.08787662853049583,-0.08171718398301085,0.0,0.0,0.0,0.0
1737285449.7331374,12765,1737285449,656754432,map,-0.058584419020330555,-0.05447812265534057,0.0,0.0,0.0,0.0
1737285449.841863,12766,1737285449,656749056,map,-0.058584419020330555,-0.05447812265534057,0.0,0.0,0.0,0.0
1737285449.9421504,12767,1737285449,856743168,map,-0.1383247866249229,-0.1580071308681021,0.0,0.0,0.0,0.0
1737285450.0366154,12768,1737285449,856736256,map,-0.1383247866249229,-0.1580071308681021,0.0,0.0,0.0,0.0
1737285450.1419132,12769,1737285450,56728832,map,-0.11843251290858073,-0.1854015638719341,0.0,0.0,0.0,0.0
1737285450.2391255,12770,1737285450,56720640,map,-0.11843251290858073,-0.1854015638719341,0.0,0.0,0.0,0.0
1737285450.3408408,12771,1737285450,256714240,map,-0.2020182100347996,-0.35677533941450545,0.0,0.0,0.0,0.0
1737285450.436156,12772,1737285450,256705280,map,-0.2020182100347996,-0.35677533941450545,0.0,0.0,0.0,0.0
1737285450.5348523,12773,1737285450,456699136,map,-0.20802906875509702,-0.35330426908386925,0.0,0.0,0.0,0.0
1737285450.6343539,12774,1737285450,456695040,map,-0.20802906875509702,-0.35330426908386925,0.0,0.0,0.0,0.0
1737285450.7313766,12775,1737285450,656692224,map,-0.20977960318093788,-0.49758669404360917,0.0,0.0,0.0,0.0
1737285450.8318975,12776,1737285450,656686592,map,-0.20977960318093788,-0.49758669404360917,0.0,0.0,0.0,0.0
1737285450.9366274,12777,1737285450,856681984,map,-0.25120723628599906,-0.6318978750063576,0.0,0.0,0.0,0.0
1737285451.0336547,12778,1737285450,856680192,map,-0.25120723628599906,-0.6318978750063576,0.0,0.0,0.0,0.0
1737285451.134431,12779,1737285451,56673280,map,-0.22762132607042956,-0.5659403960824313,0.0,0.0,0.0,0.0
1737285451.2352302,12780,1737285451,56669440,map,-0.22762132607042956,-0.5659403960824313,0.0,0.0,0.0,0.0
1737285451.3342881,12781,1737285451,256661504,map,-0.21645365230988745,-0.6762010177467277,0.0,0.0,0.0,0.0
1737285451.4351368,12782,1737285451,256655872,map,-0.21645365230988745,-0.6762010177467277,0.0,0.0,0.0,0.0
1737285451.538358,12783,1737285451,456652032,map,-0.18722470843856232,-0.6120023762618045,0.0,0.0,0.0,0.0
1737285451.6338086,12784,1737285451,456646912,map,-0.18722470843856232,-0.6120023762618045,0.0,0.0,0.0,0.0
1737285451.7337775,12785,1737285451,656662528,map,-0.17788709786770135,-0.6666754685843831,0.0,0.0,0.0,0.0
1737285451.8347948,12786,1737285451,656658176,map,-0.17788709786770135,-0.6666754685843831,0.0,0.0,0.0,0.0
1737285451.936487,12787,1737285451,856649984,map,-0.21824122632570936,-0.6334593650202438,0.0,0.0,0.0,0.0
1737285452.0516765,12788,1737285451,856646144,map,-0.21824122632570936,-0.6334593650202438,0.0,0.0,0.0,0.0
1737285452.1338203,12789,1737285452,56646144,map,-0.24193938459081493,-0.7415290514766213,0.0,0.0,0.0,0.0
1737285452.2333663,12790,1737285452,56646144,map,-0.24193938459081493,-0.7415290514766213,0.0,0.0,0.0,0.0
1737285452.3340795,12791,1737285452,256632064,map,-0.24113346034366745,-0.856711535058732,0.0,0.0,0.0,0.0
1737285452.4352903,12792,1737285452,256629248,map,-0.24113346034366745,-0.856711535058732,0.0,0.0,0.0,0.0
1737285452.534758,12793,1737285452,456625152,map,-0.28031546991313244,-0.8972308718091345,0.0,0.0,0.0,0.0
1737285452.6334107,12794,1737285452,456620032,map,-0.28031546991313244,-0.8972308718091345,0.0,0.0,0.0,0.0
1737285452.7341278,12795,1737285452,656611328,map,-0.3425258805786852,-0.8753719330283535,0.0,0.0,0.0,0.0
1737285452.834456,12796,1737285452,656605184,map,-0.3425258805786852,-0.8753719330283535,0.0,0.0,0.0,0.0
1737285452.9347887,12797,1737285452,856600320,map,-0.3874774934575875,-0.9001450950062581,0.0,0.0,0.0,0.0
1737285453.0354345,12798,1737285452,856598784,map,-0.3874774934575875,-0.9001450950062581,0.0,0.0,0.0,0.0
1737285453.1324162,12799,1737285453,56593408,map,-0.4066308062825901,-0.8029018541403243,0.0,0.0,0.0,0.0
1737285453.2318828,12800,1737285453,56587008,map,-0.4066308062825901,-0.8029018541403243,0.0,0.0,0.0,0.0
1737285453.3334875,12801,1737285453,256583936,map,-0.4307214614159528,-0.824244516315217,0.0,0.0,0.0,0.0
1737285453.4357612,12802,1737285453,256578560,map,-0.4307214614159528,-0.824244516315217,0.0,0.0,0.0,0.0
1737285453.5348341,12803,1737285453,456571648,map,-0.46258316374982666,-0.9314595088436217,0.0,0.0,0.0,0.0
1737285453.6318376,12804,1737285453,456568064,map,-0.46258316374982666,-0.9314595088436217,0.0,0.0,0.0,0.0
1737285453.7355874,12805,1737285453,656560384,map,-0.4495371327213481,-0.915596180804982,0.0,0.0,0.0,0.0
1737285453.8344986,12806,1737285453,656552448,map,-0.4495371327213481,-0.915596180804982,0.0,0.0,0.0,0.0
1737285453.937081,12807,1737285453,856548096,map,-0.4301008048303728,-0.8916912569293621,0.0,0.0,0.0,0.0
1737285454.030311,12808,1737285453,856543232,map,-0.4301008048303728,-0.8916912569293621,0.0,0.0,0.0,0.0
1737285454.1472397,12809,1737285454,56537344,map,-0.4559021665089491,-1.023011835010938,0.0,0.0,0.0,0.0
1737285454.2314339,12810,1737285454,56531968,map,-0.4559021665089491,-1.023011835010938,0.0,0.0,0.0,0.0
1737285454.3305573,12811,1737285454,256526848,map,-0.4663653586410933,-1.0839295882388138,0.0,0.0,0.0,0.0
1737285454.4322107,12812,1737285454,256521216,map,-0.4663653586410933,-1.0839295882388138,0.0,0.0,0.0,0.0
1737285454.5406504,12813,1737285454,456515840,map,-0.44913909225160986,-1.0369060110788246,0.0,0.0,0.0,0.0
1737285454.6334417,12814,1737285454,456513280,map,-0.44913909225160986,-1.0369060110788246,0.0,0.0,0.0,0.0
1737285454.7305694,12815,1737285454,656508928,map,-0.42237034190362577,-1.0156787357625514,0.0,0.0,0.0,0.0
1737285454.831648,12816,1737285454,656504320,map,-0.42237034190362577,-1.0156787357625514,0.0,0.0,0.0,0.0
1737285454.9395885,12817,1737285454,856500736,map,-0.4423618537420066,-0.9742771630054436,0.0,0.0,0.0,0.0
1737285455.0310144,12818,1737285454,856496640,map,-0.4423618537420066,-0.9742771630054436,0.0,0.0,0.0,0.0
1737285455.1338475,12819,1737285455,56487424,map,-0.36997320675416545,-0.8749970435858853,0.0,0.0,0.0,0.0
1737285455.23209,12820,1737285455,56482560,map,-0.36997320675416545,-0.8749970435858853,0.0,0.0,0.0,0.0
1737285455.3315942,12821,1737285455,256479232,map,-0.3170058300087221,-0.7126761562873288,0.0,0.0,0.0,0.0
1737285455.4355543,12822,1737285455,256476928,map,-0.3170058300087221,-0.7126761562873288,0.0,0.0,0.0,0.0
1737285455.54236,12823,1737285455,456472832,map,-0.2519174699765277,-0.5883345887508444,0.0,0.0,0.0,0.0
1737285455.6405342,12824,1737285455,456466944,map,-0.2519174699765277,-0.5883345887508444,0.0,0.0,0.0,0.0
1737285455.7390287,12825,1737285455,656464640,map,-0.16056886924118965,-0.4310657005963311,0.0,0.0,0.0,0.0
1737285455.8402994,12826,1737285455,656457472,map,-0.16056886924118965,-0.4310657005963311,0.0,0.0,0.0,0.0
1737285455.9303539,12827,1737285455,856452352,map,-0.06283129665959594,-0.16867788284204258,0.0,0.0,0.0,0.0
1737285456.0320597,12828,1737285455,856447232,map,-0.06283129665959594,-0.16867788284204258,0.0,0.0,0.0,0.0
1737285456.1349664,12829,1737285456,56440832,map,-0.003490627592199775,-0.009370993491224588,0.0,0.0,0.0,0.0
1737285456.2334456,12830,1737285456,56439040,map,-0.003490627592199775,-0.009370993491224588,0.0,0.0,0.0,0.0
1737285456.3332698,12831,1737285456,256433664,map,0.2284748954886178,-0.224051829118767,0.0,0.0,0.0,0.0
1737285456.432121,12832,1737285456,256428032,map,0.2284748954886178,-0.224051829118767,0.0,0.0,0.0,0.0
1737285456.5321777,12833,1737285456,456423168,map,0.4532992844477462,0.3455716405018809,0.0,0.0,0.0,0.0
1737285456.6332812,12834,1737285456,456416000,map,0.4532992844477462,0.3455716405018809,0.0,0.0,0.0,0.0
1737285456.733785,12835,1737285456,656413440,map,0.34961721951244595,0.6972573411735341,0.0,0.0,0.0,0.0
1737285456.8346825,12836,1737285456,656409856,map,0.34961721951244595,0.6972573411735341,0.0,0.0,0.0,0.0
1737285456.9369495,12837,1737285456,856401152,map,0.37375759557520233,0.840657635277194,0.0,0.0,0.0,0.0
1737285457.037298,12838,1737285456,856391680,map,0.37375759557520233,0.840657635277194,0.0,0.0,0.0,0.0
1737285457.1356068,12839,1737285457,56391680,map,0.386666368613857,1.0298005240739456,0.0,0.0,0.0,0.0
1737285457.2349463,12840,1737285457,56380672,map,0.386666368613857,1.0298005240739456,0.0,0.0,0.0,0.0
1737285457.333666,12841,1737285457,256370944,map,0.3968839527422311,1.036621014670117,0.0,0.0,0.0,0.0
1737285457.4330208,12842,1737285457,256364032,map,0.3968839527422311,1.036621014670117,0.0,0.0,0.0,0.0
1737285457.5322819,12843,1737285457,456364032,map,0.38533858219055006,1.1153090051978316,0.0,0.0,0.0,0.0
1737285457.6313355,12844,1737285457,456364032,map,0.38533858219055006,1.1153090051978316,0.0,0.0,0.0,0.0
1737285457.7304258,12845,1737285457,656364800,map,0.3715275054661703,1.0988936766958324,0.0,0.0,0.0,0.0
1737285457.8350081,12846,1737285457,656358656,map,0.3715275054661703,1.0988936766958324,0.0,0.0,0.0,0.0
1737285457.9343169,12847,1737285457,856352256,map,0.38387934817117436,1.1580313666078628,0.0,0.0,0.0,0.0
1737285458.0334425,12848,1737285457,856347136,map,0.38387934817117436,1.1580313666078628,0.0,0.0,0.0,0.0
1737285458.1343625,12849,1737285458,56340480,map,0.3998038670704161,1.1948878055598111,0.0,0.0,0.0,0.0
1737285458.2327254,12850,1737285458,56338176,map,0.3998038670704161,1.1948878055598111,0.0,0.0,0.0,0.0
1737285458.330399,12851,1737285458,256333568,map,0.3750058297417457,1.2342895234343136,0.0,0.0,0.0,0.0
1737285458.4345543,12852,1737285458,256330240,map,0.3750058297417457,1.2342895234343136,0.0,0.0,0.0,0.0
1737285458.5303535,12853,1737285458,456327424,map,0.35263086926321285,1.17836813858941,0.0,0.0,0.0,0.0
1737285458.6338315,12854,1737285458,456322304,map,0.35263086926321285,1.17836813858941,0.0,0.0,0.0,0.0
1737285458.7313373,12855,1737285458,656319488,map,0.3923148667074789,1.2603527464009008,0.0,0.0,0.0,0.0
1737285458.8324127,12856,1737285458,656315904,map,0.3923148667074789,1.2603527464009008,0.0,0.0,0.0,0.0
1737285458.934299,12857,1737285458,856310016,map,0.38124830023816464,1.2323756462887079,0.0,0.0,0.0,0.0
1737285459.0367014,12858,1737285458,856308224,map,0.38124830023816464,1.2323756462887079,0.0,0.0,0.0,0.0
1737285459.132084,12859,1737285459,56308224,map,0.374404189947399,1.3178472986464829,0.0,0.0,0.0,0.0
1737285459.2338767,12860,1737285459,56303616,map,0.374404189947399,1.3178472986464829,0.0,0.0,0.0,0.0
1737285459.3341599,12861,1737285459,256299264,map,0.4035394141062791,1.3614536133349389,0.0,0.0,0.0,0.0
1737285459.4316008,12862,1737285459,256294400,map,0.4035394141062791,1.3614536133349389,0.0,0.0,0.0,0.0
1737285459.5294926,12863,1737285459,456286208,map,0.3847630561672943,1.4083882243929773,0.0,0.0,0.0,0.0
1737285459.6327865,12864,1737285459,456280832,map,0.3847630561672943,1.4083882243929773,0.0,0.0,0.0,0.0
1737285459.7310908,12865,1737285459,656274688,map,0.43130273134101005,1.4991924339249396,0.0,0.0,0.0,0.0
1737285459.8345187,12866,1737285459,656267776,map,0.43130273134101005,1.4991924339249396,0.0,0.0,0.0,0.0
1737285459.9338338,12867,1737285459,856264704,map,0.503198377818722,1.5082743094545523,0.0,0.0,0.0,0.0
1737285460.0304806,12868,1737285459,856258560,map,0.503198377818722,1.5082743094545523,0.0,0.0,0.0,0.0
1737285460.1354017,12869,1737285460,56253184,map,0.5189077260194834,1.5662805533739121,0.0,0.0,0.0,0.0
1737285460.2343667,12870,1737285460,56249600,map,0.5189077260194834,1.5662805533739121,0.0,0.0,0.0,0.0
1737285460.3312535,12871,1737285460,256243712,map,0.5490162958022343,1.682700539889256,0.0,0.0,0.0,0.0
1737285460.4354353,12872,1737285460,256235264,map,0.5490162958022343,1.682700539889256,0.0,0.0,0.0,0.0
1737285460.5333312,12873,1737285460,456228352,map,0.5818456273958962,1.798209016182567,0.0,0.0,0.0,0.0
1737285460.6334102,12874,1737285460,456222464,map,0.5818456273958962,1.798209016182567,0.0,0.0,0.0,0.0
1737285460.7323768,12875,1737285460,656214784,map,0.6041547747552026,1.8119318442315897,0.0,0.0,0.0,0.0
1737285460.8322668,12876,1737285460,656210944,map,0.6041547747552026,1.8119318442315897,0.0,0.0,0.0,0.0
1737285460.9331715,12877,1737285460,856207104,map,0.5987279453140505,1.8242600821977153,0.0,0.0,0.0,0.0
1737285461.039442,12878,1737285460,856199168,map,0.5987279453140505,1.8242600821977153,0.0,0.0,0.0,0.0
1737285461.1393888,12879,1737285461,56191744,map,0.6006770655502309,1.8025501554525365,0.0,0.0,0.0,0.0
1737285461.2395685,12880,1737285461,56186112,map,0.6006770655502309,1.8025501554525365,0.0,0.0,0.0,0.0
1737285461.337698,12881,1737285461,256181248,map,0.6312980738942048,1.897752023288993,0.0,0.0,0.0,0.0
1737285461.4354527,12882,1737285461,256174336,map,0.6312980738942048,1.897752023288993,0.0,0.0,0.0,0.0
1737285461.5365787,12883,1737285461,456168704,map,0.6445956622143173,1.8827098640668152,0.0,0.0,0.0,0.0
1737285461.6341383,12884,1737285461,456166144,map,0.6445956622143173,1.8827098640668152,0.0,0.0,0.0,0.0
1737285461.7318888,12885,1737285461,656162560,map,0.6899584224662512,1.9516294154546558,0.0,0.0,0.0,0.0
1737285461.8328965,12886,1737285461,656158720,map,0.6899584224662512,1.9516294154546558,0.0,0.0,0.0,0.0
1737285461.9347484,12887,1737285461,856151296,map,0.6476382409830661,1.9133647610469782,0.0,0.0,0.0,0.0
1737285462.0312042,12888,1737285461,856145152,map,0.6476382409830661,1.9133647610469782,0.0,0.0,0.0,0.0
1737285462.1300464,12889,1737285462,56140544,map,0.6090904712763516,1.873475059294986,0.0,0.0,0.0,0.0
1737285462.2347825,12890,1737285462,56135936,map,0.6090904712763516,1.873475059294986,0.0,0.0,0.0,0.0
1737285462.332097,12891,1737285462,258129536,map,0.6032059666872162,1.8122479305417736,0.0,0.0,0.0,0.0
1737285462.4346178,12892,1737285462,258126976,map,0.6032059666872162,1.8122479305417736,0.0,0.0,0.0,0.0
1737285462.5342607,12893,1737285462,458123136,map,0.5797587714445225,1.7357360879272914,0.0,0.0,0.0,0.0
1737285462.6334503,12894,1737285462,458119552,map,0.5797587714445225,1.7357360879272914,0.0,0.0,0.0,0.0
1737285462.7300572,12895,1737285462,658114688,map,0.5438699100999074,1.6738594686794703,0.0,0.0,0.0,0.0
1737285462.8336642,12896,1737285462,658114688,map,0.5438699100999074,1.6738594686794703,0.0,0.0,0.0,0.0
1737285462.9331074,12897,1737285462,858103424,map,0.5191810856413424,1.566189963035224,0.0,0.0,0.0,0.0
1737285463.0319178,12898,1737285462,858096256,map,0.5191810856413424,1.566189963035224,0.0,0.0,0.0,0.0
1737285463.1367273,12899,1737285463,58091904,map,0.48776199452024893,1.4923096986556204,0.0,0.0,0.0,0.0
1737285463.2316024,12900,1737285463,58086272,map,0.48776199452024893,1.4923096986556204,0.0,0.0,0.0,0.0
1737285463.334977,12901,1737285463,258078592,map,0.4632647983514345,1.384552536601051,0.0,0.0,0.0,0.0
1737285463.4335778,12902,1737285463,258072960,map,0.4632647983514345,1.384552536601051,0.0,0.0,0.0,0.0
1737285463.5337563,12903,1737285463,458075776,map,0.37977236061790337,1.1383202335506055,0.0,0.0,0.0,0.0
1737285463.634789,12904,1737285463,458071168,map,0.37977236061790337,1.1383202335506055,0.0,0.0,0.0,0.0
1737285463.732507,12905,1737285463,658067072,map,0.355747578955325,1.072540749840035,0.0,0.0,0.0,0.0
1737285463.8317134,12906,1737285463,658063488,map,0.355747578955325,1.072540749840035,0.0,0.0,0.0,0.0
1737285463.9320202,12907,1737285463,858058880,map,0.2632948963673514,0.8815190284655833,0.0,0.0,0.0,0.0
1737285464.033988,12908,1737285463,858054528,map,0.2632948963673514,0.8815190284655833,0.0,0.0,0.0,0.0
1737285464.1364148,12909,1737285464,58051456,map,0.19920135214056792,0.6606200279323731,0.0,0.0,0.0,0.0
1737285464.2301736,12910,1737285464,58047104,map,0.19920135214056792,0.6606200279323731,0.0,0.0,0.0,0.0
1737285464.334051,12911,1737285464,258038144,map,0.129647697565537,0.39948901676511084,0.0,0.0,0.0,0.0
1737285464.4299188,12912,1737285464,258032768,map,0.129647697565537,0.39948901676511084,0.0,0.0,0.0,0.0
1737285464.529992,12913,1737285464,458029184,map,0.05556329895665872,0.17120957861361893,0.0,0.0,0.0,0.0
1737285464.6350157,12914,1737285464,458017920,map,0.05556329895665872,0.17120957861361893,0.0,0.0,0.0,0.0
1737285464.7341049,12915,1737285464,658016896,map,0.02778164947832936,0.08560478930680947,0.0,0.0,0.0,0.0
1737285464.8303301,12916,1737285464,658012544,map,0.02778164947832936,0.08560478930680947,0.0,0.0,0.0,0.0
1737285464.9331548,12917,1737285464,858005632,map,-0.22859217742781032,0.22393216923616063,0.0,0.0,0.0,0.0
1737285465.034382,12918,1737285464,857998976,map,-0.22859217742781032,0.22393216923616063,0.0,0.0,0.0,0.0
1737285465.1335573,12919,1737285465,57994112,map,-0.37092200819988463,-0.4842694124482412,0.0,0.0,0.0,0.0
1737285465.2316322,12920,1737285465,57990784,map,-0.37092200819988463,-0.4842694124482412,0.0,0.0,0.0,0.0
1737285465.359176,12921,1737285465,257985664,map,-0.35840424138984783,-0.6815030445667632,0.0,0.0,0.0,0.0
1737285465.4339135,12922,1737285465,257979008,map,-0.35840424138984783,-0.6815030445667632,0.0,0.0,0.0,0.0
1737285465.53116,12923,1737285465,457974656,map,-0.391089751105662,-0.8657648679520966,0.0,0.0,0.0,0.0
1737285465.6319556,12924,1737285465,457966208,map,-0.391089751105662,-0.8657648679520966,0.0,0.0,0.0,0.0
1737285465.7313235,12925,1737285465,657962112,map,-0.38065457144829057,-0.9678337136282856,0.0,0.0,0.0,0.0
1737285465.83053,12926,1737285465,657956736,map,-0.38065457144829057,-0.9678337136282856,0.0,0.0,0.0,0.0
1737285465.93404,12927,1737285465,857950336,map,-0.31836104954075356,-0.9162675603421251,0.0,0.0,0.0,0.0
1737285466.0310755,12928,1737285465,857946496,map,-0.31836104954075356,-0.9162675603421251,0.0,0.0,0.0,0.0
1737285466.1359649,12929,1737285466,57941376,map,-0.3021447620046075,-0.9427664306673096,0.0,0.0,0.0,0.0
1737285466.234005,12930,1737285466,57935488,map,-0.3021447620046075,-0.9427664306673096,0.0,0.0,0.0,0.0
1737285466.3312469,12931,1737285466,257930880,map,-0.24934606465943848,-0.854357384259568,0.0,0.0,0.0,0.0
1737285466.437219,12932,1737285466,257925760,map,-0.24934606465943848,-0.854357384259568,0.0,0.0,0.0,0.0
1737285466.5396,12933,1737285466,457917824,map,-0.2849064111812261,-0.8747733059872336,0.0,0.0,0.0,0.0
1737285466.6386232,12934,1737285466,457912192,map,-0.2849064111812261,-0.8747733059872336,0.0,0.0,0.0,0.0
1737285466.7421358,12935,1737285466,657910656,map,-0.20912392323826223,-0.6785036364894719,0.0,0.0,0.0,0.0
1737285466.830446,12936,1737285466,657905536,map,-0.20912392323826223,-0.6785036364894719,0.0,0.0,0.0,0.0
1737285466.932437,12937,1737285466,857900928,map,-0.15606107462806534,-0.5482197925886417,0.0,0.0,0.0,0.0
1737285467.0311558,12938,1737285466,857896576,map,-0.15606107462806534,-0.5482197925886417,0.0,0.0,0.0,0.0
1737285467.1346328,12939,1737285467,57887360,map,-0.1327345475075734,-0.4090006600214231,0.0,0.0,0.0,0.0
1737285467.2340271,12940,1737285467,57881984,map,-0.1327345475075734,-0.4090006600214231,0.0,0.0,0.0,0.0
1737285467.331459,12941,1737285467,257873536,map,-0.12308233392646963,-0.3489279855145085,0.0,0.0,0.0,0.0
1737285467.431999,12942,1737285467,257869440,map,-0.12308233392646963,-0.3489279855145085,0.0,0.0,0.0,0.0
1737285467.5342305,12943,1737285467,457863040,map,-0.05655134261486443,-0.16031826361477416,0.0,0.0,0.0,0.0
1737285467.6308677,12944,1737285467,457857408,map,-0.05655134261486443,-0.16031826361477416,0.0,0.0,0.0,0.0
1737285467.7305388,12945,1737285467,657853312,map,-0.06896135157812665,-0.18773473836378288,0.0,0.0,0.0,0.0
1737285467.8322647,12946,1737285467,657842560,map,-0.06896135157812665,-0.18773473836378288,0.0,0.0,0.0,0.0
1737285467.936398,12947,1737285467,857833344,map,-0.06206521642031397,-0.16896126452740456,0.0,0.0,0.0,0.0
1737285468.0332677,12948,1737285467,857821824,map,-0.06206521642031397,-0.16896126452740456,0.0,0.0,0.0,0.0
1737285468.136326,12949,1737285468,57813376,map,-0.04137681094687598,-0.11264084301826972,0.0,0.0,0.0,0.0
1737285468.2344954,12950,1737285468,57805696,map,-0.04137681094687598,-0.11264084301826972,0.0,0.0,0.0,0.0
1737285468.3336995,12951,1737285468,257802624,map,-0.04482487852578232,-0.12202757993645887,0.0,0.0,0.0,0.0
1737285468.4306717,12952,1737285468,257788032,map,-0.04482487852578232,-0.12202757993645887,0.0,0.0,0.0,0.0
1737285468.531508,12953,1737285468,457787008,map,-0.04482487852578232,-0.12202757993645887,0.0,0.0,0.0,0.0
1737285468.6327648,12954,1737285468,457782400,map,-0.04482487852578232,-0.12202757993645887,0.0,0.0,0.0,0.0
1737285468.7323694,12955,1737285468,657776768,map,-0.031032608210156985,-0.08448063226370228,0.0,0.0,0.0,0.0
1737285468.8335443,12956,1737285468,657771904,map,-0.031032608210156985,-0.08448063226370228,0.0,0.0,0.0,0.0
1737285468.9352353,12957,1737285468,857769088,map,-0.027584540631250657,-0.07509389534551315,0.0,0.0,0.0,0.0
1737285469.0326395,12958,1737285468,857761152,map,-0.027584540631250657,-0.07509389534551315,0.0,0.0,0.0,0.0
1737285469.1331804,12959,1737285469,57755776,map,-0.034480675789063324,-0.09386736918189144,0.0,0.0,0.0,0.0
1737285469.2321322,12960,1737285469,57750400,map,-0.034480675789063324,-0.09386736918189144,0.0,0.0,0.0,0.0
1737285469.330383,12961,1737285469,257742976,map,-0.034480675789063324,-0.09386736918189144,0.0,0.0,0.0,0.0
1737285469.4347546,12962,1737285469,257736320,map,-0.034480675789063324,-0.09386736918189144,0.0,0.0,0.0,0.0
1737285469.5334454,12963,1737285469,457729408,map,-0.10870059520183345,-0.1912699155716004,0.0,0.0,0.0,0.0
1737285469.630633,12964,1737285469,457724288,map,-0.10870059520183345,-0.1912699155716004,0.0,0.0,0.0,0.0
1737285469.7312014,12965,1737285469,657717888,map,-0.19150080164864397,-0.28094028363324247,0.0,0.0,0.0,0.0
1737285469.8333082,12966,1737285469,657712512,map,-0.19150080164864397,-0.28094028363324247,0.0,0.0,0.0,0.0
1737285469.9337866,12967,1737285469,857711744,map,-0.21750863914812837,-0.35929095715858095,0.0,0.0,0.0,0.0
1737285470.0327659,12968,1737285469,857709184,map,-0.21750863914812837,-0.35929095715858095,0.0,0.0,0.0,0.0
1737285470.1348226,12969,1737285470,57704064,map,-0.2641715250072684,-0.5938967969061074,0.0,0.0,0.0,0.0
1737285470.2345548,12970,1737285470,57696896,map,-0.2641715250072684,-0.5938967969061074,0.0,0.0,0.0,0.0
1737285470.3315685,12971,1737285470,257694336,map,-0.27924340325341424,-0.6852905381948966,0.0,0.0,0.0,0.0
1737285470.4336846,12972,1737285470,257687936,map,-0.27924340325341424,-0.6852905381948966,0.0,0.0,0.0,0.0
1737285470.5324874,12973,1737285470,457684352,map,-0.3463783934281361,-0.8953334622173703,0.0,0.0,0.0,0.0
1737285470.6318734,12974,1737285470,457680512,map,-0.3463783934281361,-0.8953334622173703,0.0,0.0,0.0,0.0
1737285470.7316782,12975,1737285470,657675392,map,-0.39812807446404175,-1.1426259389334525,0.0,0.0,0.0,0.0
1737285470.8325243,12976,1737285470,657672064,map,-0.39812807446404175,-1.1426259389334525,0.0,0.0,0.0,0.0
1737285470.9332664,12977,1737285470,857665920,map,-0.4546096548236275,-1.2923738088266656,0.0,0.0,0.0,0.0
1737285471.0301194,12978,1737285470,857659520,map,-0.4546096548236275,-1.2923738088266656,0.0,0.0,0.0,0.0
1737285471.137364,12979,1737285471,57655168,map,-0.4109557660550799,-1.3383255800985359,0.0,0.0,0.0,0.0
1737285471.232983,12980,1737285471,57650304,map,-0.4109557660550799,-1.3383255800985359,0.0,0.0,0.0,0.0
1737285471.3302984,12981,1737285471,257642368,map,-0.46380884053848004,-1.2784683646607573,0.0,0.0,0.0,0.0
1737285471.4312816,12982,1737285471,257635968,map,-0.46380884053848004,-1.2784683646607573,0.0,0.0,0.0,0.0
1737285471.5417578,12983,1737285471,457631104,map,-0.5231734544476377,-1.4484093125084931,0.0,0.0,0.0,0.0
1737285471.6402647,12984,1737285471,457625984,map,-0.5231734544476377,-1.4484093125084931,0.0,0.0,0.0,0.0
1737285471.732474,12985,1737285471,657622400,map,-0.4703226974229896,-1.3186343542805044,0.0,0.0,0.0,0.0
1737285471.8341348,12986,1737285471,657619584,map,-0.4703226974229896,-1.3186343542805044,0.0,0.0,0.0,0.0
1737285471.9334173,12987,1737285471,857615744,map,-0.4643991170850176,-1.331327705732385,0.0,0.0,0.0,0.0
1737285472.0301895,12988,1737285471,857609856,map,-0.4643991170850176,-1.331327705732385,0.0,0.0,0.0,0.0
1737285472.1291783,12989,1737285472,57602688,map,-0.4401852959360432,-1.2762197715290649,0.0,0.0,0.0,0.0
1737285472.2340224,12990,1737285472,57599872,map,-0.4401852959360432,-1.2762197715290649,0.0,0.0,0.0,0.0
1737285472.3302398,12991,1737285472,257595520,map,-0.3642312489221897,-1.1013335540646085,0.0,0.0,0.0,0.0
1737285472.433653,12992,1737285472,257590400,map,-0.3642312489221897,-1.1013335540646085,0.0,0.0,0.0,0.0
1737285472.5326507,12993,1737285472,457585536,map,-0.3094428990715558,-1.0033668781727803,0.0,0.0,0.0,0.0
1737285472.6320462,12994,1737285472,457580160,map,-0.3094428990715558,-1.0033668781727803,0.0,0.0,0.0,0.0
1737285472.731513,12995,1737285472,657573504,map,-0.23064610053795304,-0.7346443876506759,0.0,0.0,0.0,0.0
1737285472.8331099,12996,1737285472,657568128,map,-0.23064610053795304,-0.7346443876506759,0.0,0.0,0.0,0.0
1737285472.9309957,12997,1737285472,857569920,map,-0.1639549471535294,-0.5040027532701418,0.0,0.0,0.0,0.0
1737285473.0327005,12998,1737285472,857559936,map,-0.1639549471535294,-0.5040027532701418,0.0,0.0,0.0,0.0
1737285473.1341538,12999,1737285473,57559936,map,-0.1496278359399357,-0.46659566083701604,0.0,0.0,0.0,0.0
1737285473.2297645,13000,1737285473,57559936,map,-0.1496278359399357,-0.46659566083701604,0.0,0.0,0.0,0.0
1737285473.3311865,13001,1737285473,257548672,map,-0.15724969567971567,-0.5165970704607575,0.0,0.0,0.0,0.0
1737285473.4304035,13002,1737285473,257547904,map,-0.15724969567971567,-0.5165970704607575,0.0,0.0,0.0,0.0
1737285473.5322833,13003,1737285473,457541504,map,-0.19319553824507457,-0.4827789183489643,0.0,0.0,0.0,0.0
1737285473.6332028,13004,1737285473,457537664,map,-0.19319553824507457,-0.4827789183489643,0.0,0.0,0.0,0.0
1737285473.7348053,13005,1737285473,657530496,map,-0.1927997809949674,-0.5364030615575311,0.0,0.0,0.0,0.0
1737285473.831421,13006,1737285473,657522560,map,-0.1927997809949674,-0.5364030615575311,0.0,0.0,0.0,0.0
1737285473.9331954,13007,1737285473,857519488,map,-0.253025719148519,-0.5769557915901138,0.0,0.0,0.0,0.0
1737285474.030537,13008,1737285473,857513600,map,-0.253025719148519,-0.5769557915901138,0.0,0.0,0.0,0.0
1737285474.1330736,13009,1737285474,57504128,map,-0.3260599929799553,-0.7085794810590492,0.0,0.0,0.0,0.0
1737285474.231399,13010,1737285474,57499008,map,-0.3260599929799553,-0.7085794810590492,0.0,0.0,0.0,0.0
1737285474.3320284,13011,1737285474,257492352,map,-0.3357728786921702,-0.7371272440595132,0.0,0.0,0.0,0.0
1737285474.4312015,13012,1737285474,257487232,map,-0.3357728786921702,-0.7371272440595132,0.0,0.0,0.0,0.0
1737285474.534662,13013,1737285474,457483904,map,-0.3417753725744841,-0.8433798638226861,0.0,0.0,0.0,0.0
1737285474.6324315,13014,1737285474,457478784,map,-0.3417753725744841,-0.8433798638226861,0.0,0.0,0.0,0.0
1737285474.7325861,13015,1737285474,657474432,map,-0.3628285352594513,-0.9103600683254297,0.0,0.0,0.0,0.0
1737285474.8333225,13016,1737285474,657468544,map,-0.3628285352594513,-0.9103600683254297,0.0,0.0,0.0,0.0
1737285474.9306073,13017,1737285474,857463936,map,-0.3592850166500617,-1.007876121758406,0.0,0.0,0.0,0.0
1737285475.0324893,13018,1737285474,857460608,map,-0.3592850166500617,-1.007876121758406,0.0,0.0,0.0,0.0
1737285475.1367676,13019,1737285475,57456768,map,-0.4199746919359787,-1.1879483398419646,0.0,0.0,0.0,0.0
1737285475.230951,13020,1737285475,57453440,map,-0.4199746919359787,-1.1879483398419646,0.0,0.0,0.0,0.0
1737285475.3305266,13021,1737285475,257451136,map,-0.386509106106807,-1.104314588736614,0.0,0.0,0.0,0.0
1737285475.4317179,13022,1737285475,257446784,map,-0.386509106106807,-1.104314588736614,0.0,0.0,0.0,0.0
1737285475.5316956,13023,1737285475,457437056,map,-0.35499871762476415,-1.0727888471105453,0.0,0.0,0.0,0.0
1737285475.6336262,13024,1737285475,457428096,map,-0.35499871762476415,-1.0727888471105453,0.0,0.0,0.0,0.0
1737285475.7323651,13025,1737285475,657423744,map,-0.37705914567206916,-1.0864282768158462,0.0,0.0,0.0,0.0
1737285475.8335319,13026,1737285475,657418880,map,-0.37705914567206916,-1.0864282768158462,0.0,0.0,0.0,0.0
1737285475.9351397,13027,1737285475,857410432,map,-0.3440533919921598,-1.0658457972233553,0.0,0.0,0.0,0.0
1737285476.0302763,13028,1737285475,857405824,map,-0.3440533919921598,-1.0658457972233553,0.0,0.0,0.0,0.0
1737285476.1337287,13029,1737285476,57401472,map,-0.40377729159260867,-1.1087668369833836,0.0,0.0,0.0,0.0
1737285476.2304418,13030,1737285476,57398400,map,-0.40377729159260867,-1.1087668369833836,0.0,0.0,0.0,0.0
1737285476.3311813,13031,1737285476,257391232,map,-0.4362963890316018,-1.2564017911949925,0.0,0.0,0.0,0.0
1737285476.4333966,13032,1737285476,257385344,map,-0.4362963890316018,-1.2564017911949925,0.0,0.0,0.0,0.0
1737285476.532511,13033,1737285476,457380736,map,-0.5025515945026069,-1.2744967221860117,0.0,0.0,0.0,0.0
1737285476.6343734,13034,1737285476,457375104,map,-0.5025515945026069,-1.2744967221860117,0.0,0.0,0.0,0.0
1737285476.7365391,13035,1737285476,657370752,map,-0.5602658572309426,-1.4451996987341498,0.0,0.0,0.0,0.0
1737285476.8352396,13036,1737285476,657366912,map,-0.5602658572309426,-1.4451996987341498,0.0,0.0,0.0,0.0
1737285476.9342651,13037,1737285476,857363072,map,-0.6084763894467844,-1.5337067788484882,0.0,0.0,0.0,0.0
1737285477.0362215,13038,1737285476,857357184,map,-0.6084763894467844,-1.5337067788484882,0.0,0.0,0.0,0.0
1737285477.1384876,13039,1737285477,57351808,map,-0.5287425831685166,-1.4037205137577367,0.0,0.0,0.0,0.0
1737285477.2432132,13040,1737285477,57346944,map,-0.5287425831685166,-1.4037205137577367,0.0,0.0,0.0,0.0
1737285477.3341892,13041,1737285477,257343360,map,-0.5044748136168329,-1.4020004145599465,0.0,0.0,0.0,0.0
1737285477.4380925,13042,1737285477,257337984,map,-0.5044748136168329,-1.4020004145599465,0.0,0.0,0.0,0.0
1737285477.5308597,13043,1737285477,457335424,map,-0.47071919762539,-1.2759402168545786,0.0,0.0,0.0,0.0
1737285477.629756,13044,1737285477,457330816,map,-0.47071919762539,-1.2759402168545786,0.0,0.0,0.0,0.0
1737285477.7295477,13045,1737285477,657326208,map,-0.5145645268101119,-1.3769979476196343,0.0,0.0,0.0,0.0
1737285477.8333366,13046,1737285477,657321088,map,-0.5145645268101119,-1.3769979476196343,0.0,0.0,0.0,0.0
1737285477.9318113,13047,1737285477,857314688,map,-0.48565188778651075,-1.3023986501411149,0.0,0.0,0.0,0.0
1737285478.0312858,13048,1737285477,857310848,map,-0.48565188778651075,-1.3023986501411149,0.0,0.0,0.0,0.0
1737285478.1347966,13049,1737285478,57306752,map,-0.47377314300625617,-1.4021194702898798,0.0,0.0,0.0,0.0
1737285478.2290812,13050,1737285478,57303680,map,-0.47377314300625617,-1.4021194702898798,0.0,0.0,0.0,0.0
1737285478.3328485,13051,1737285478,257297536,map,-0.4231156983031076,-1.260901703484246,0.0,0.0,0.0,0.0
1737285478.429174,13052,1737285478,257289344,map,-0.4231156983031076,-1.260901703484246,0.0,0.0,0.0,0.0
1737285478.5288107,13053,1737285478,457275776,map,-0.3766263671857502,-1.0547760802845618,0.0,0.0,0.0,0.0
1737285478.6325355,13054,1737285478,457268608,map,-0.3766263671857502,-1.0547760802845618,0.0,0.0,0.0,0.0
1737285478.7328296,13055,1737285478,657261696,map,-0.3176211093399511,-0.8740805631643224,0.0,0.0,0.0,0.0
1737285478.8318863,13056,1737285478,657257088,map,-0.3176211093399511,-0.8740805631643224,0.0,0.0,0.0,0.0
1737285478.9339345,13057,1737285478,857254016,map,-0.21560746875470532,-0.5813032078160147,0.0,0.0,0.0,0.0
1737285479.0298388,13058,1737285478,857248640,map,-0.21560746875470532,-0.5813032078160147,0.0,0.0,0.0,0.0
1737285479.135014,13059,1737285479,57248640,map,-0.10590851094856038,-0.2699692340039114,0.0,0.0,0.0,0.0
1737285479.2304962,13060,1737285479,57248896,map,-0.10590851094856038,-0.2699692340039114,0.0,0.0,0.0,0.0
1737285479.332065,13061,1737285479,257246848,map,-0.04017219380807463,-0.10240212324286295,0.0,0.0,0.0,0.0
1737285479.433648,13062,1737285479,257241728,map,-0.04017219380807463,-0.10240212324286295,0.0,0.0,0.0,0.0
1737285479.5309656,13063,1737285479,457237376,map,-0.19763457489897926,-0.07099700560234744,0.0,0.0,0.0,0.0
1737285479.6299717,13064,1737285479,457229440,map,-0.19763457489897926,-0.07099700560234744,0.0,0.0,0.0,0.0
1737285479.7336633,13065,1737285479,657223296,map,-0.10906994050580564,0.3640106428087784,0.0,0.0,0.0,0.0
1737285479.8327127,13066,1737285479,657218432,map,-0.10906994050580564,0.3640106428087784,0.0,0.0,0.0,0.0
1737285479.9322479,13067,1737285479,857211008,map,0.01412524883541669,0.5698249532490987,0.0,0.0,0.0,0.0
1737285480.0290754,13068,1737285479,857200512,map,0.01412524883541669,0.5698249532490987,0.0,0.0,0.0,0.0
1737285480.1360466,13069,1737285480,57192832,map,0.17229556124763068,0.7504760086600797,0.0,0.0,0.0,0.0
1737285480.2321217,13070,1737285480,57186432,map,0.17229556124763068,0.7504760086600797,0.0,0.0,0.0,0.0
1737285480.3301368,13071,1737285480,257180544,map,0.2586471306911547,0.9245007635395618,0.0,0.0,0.0,0.0
1737285480.4341974,13072,1737285480,257174912,map,0.2586471306911547,0.9245007635395618,0.0,0.0,0.0,0.0
1737285480.533383,13073,1737285480,457169280,map,0.34404802259815787,1.1704832156619323,0.0,0.0,0.0,0.0
1737285480.632206,13074,1737285480,457165440,map,0.34404802259815787,1.1704832156619323,0.0,0.0,0.0,0.0
1737285480.7341514,13075,1737285480,657159296,map,0.4110672548390955,1.3487489432800492,0.0,0.0,0.0,0.0
1737285480.8321915,13076,1737285480,657157504,map,0.4110672548390955,1.3487489432800492,0.0,0.0,0.0,0.0
1737285480.9302022,13077,1737285480,857150592,map,0.4400795841114367,1.4025797516178198,0.0,0.0,0.0,0.0
1737285481.0308042,13078,1737285480,857146752,map,0.4400795841114367,1.4025797516178198,0.0,0.0,0.0,0.0
1737285481.1341329,13079,1737285481,57144704,map,0.5187591153412163,1.6294136921759306,0.0,0.0,0.0,0.0
1737285481.231838,13080,1737285481,57141120,map,0.5187591153412163,1.6294136921759306,0.0,0.0,0.0,0.0
1737285481.3311055,13081,1737285481,257134720,map,0.5798413048094992,1.6511462870493387,0.0,0.0,0.0,0.0
1737285481.4332895,13082,1737285481,257132160,map,0.5798413048094992,1.6511462870493387,0.0,0.0,0.0,0.0
1737285481.53007,13083,1737285481,457129344,map,0.6590346868629976,1.8777042582662986,0.0,0.0,0.0,0.0
1737285481.6310554,13084,1737285481,457124224,map,0.6590346868629976,1.8777042582662986,0.0,0.0,0.0,0.0
1737285481.7306154,13085,1737285481,657121152,map,0.6930231823207196,1.9505432240189045,0.0,0.0,0.0,0.0
1737285481.82946,13086,1737285481,657115776,map,0.6930231823207196,1.9505432240189045,0.0,0.0,0.0,0.0
1737285481.9330194,13087,1737285481,857109632,map,0.7347657851255652,2.1583603130637874,0.0,0.0,0.0,0.0
1737285482.0289793,13088,1737285481,857104512,map,0.7347657851255652,2.1583603130637874,0.0,0.0,0.0,0.0
1737285482.1328583,13089,1737285482,57099392,map,0.8074144438600691,2.2813333635937854,0.0,0.0,0.0,0.0
1737285482.2316172,13090,1737285482,57092992,map,0.8074144438600691,2.2813333635937854,0.0,0.0,0.0,0.0
1737285482.3340907,13091,1737285482,257090688,map,0.7621065459015516,2.2335607474823704,0.0,0.0,0.0,0.0
1737285482.4349678,13092,1737285482,257085568,map,0.7621065459015516,2.2335607474823704,0.0,0.0,0.0,0.0
1737285482.5393379,13093,1737285482,457081472,map,0.8308342204116591,2.547962813345782,0.0,0.0,0.0,0.0
1737285482.6413007,13094,1737285482,457077888,map,0.8308342204116591,2.547962813345782,0.0,0.0,0.0,0.0
1737285482.738311,13095,1737285482,657073280,map,0.8710561642335825,2.640011583071309,0.0,0.0,0.0,0.0
1737285482.8324866,13096,1737285482,657068160,map,0.8710561642335825,2.640011583071309,0.0,0.0,0.0,0.0
1737285482.9321046,13097,1737285482,857063808,map,0.861559473882757,2.548296543372232,0.0,0.0,0.0,0.0
1737285483.029128,13098,1737285482,857060992,map,0.861559473882757,2.548296543372232,0.0,0.0,0.0,0.0
1737285483.1319857,13099,1737285483,57054336,map,0.866005254855867,2.673225560734078,0.0,0.0,0.0,0.0
1737285483.2380893,13100,1737285483,57047680,map,0.866005254855867,2.673225560734078,0.0,0.0,0.0,0.0
1737285483.332209,13101,1737285483,257042048,map,0.9675171415871159,2.9135563459001608,0.0,0.0,0.0,0.0
1737285483.4311783,13102,1737285483,257038976,map,0.9675171415871159,2.9135563459001608,0.0,0.0,0.0,0.0
1737285483.533063,13103,1737285483,457034624,map,0.9713024930446398,2.7643211584411223,0.0,0.0,0.0,0.0
1737285483.6299086,13104,1737285483,457031040,map,0.9713024930446398,2.7643211584411223,0.0,0.0,0.0,0.0
1737285483.7315576,13105,1737285483,657026688,map,0.9667560695775498,2.606488576981485,0.0,0.0,0.0,0.0
1737285483.8305867,13106,1737285483,657023872,map,0.9667560695775498,2.606488576981485,0.0,0.0,0.0,0.0
1737285483.932746,13107,1737285483,857019264,map,0.8338647067191434,2.2184610997013667,0.0,0.0,0.0,0.0
1737285484.0311785,13108,1737285483,857016192,map,0.8338647067191434,2.2184610997013667,0.0,0.0,0.0,0.0
1737285484.1350305,13109,1737285484,57006208,map,0.7766223886263738,2.0369726717568564,0.0,0.0,0.0,0.0
1737285484.2322896,13110,1737285484,56999040,map,0.7766223886263738,2.0369726717568564,0.0,0.0,0.0,0.0
1737285484.3316476,13111,1737285484,256990592,map,0.567321717062356,1.4424444770421563,0.0,0.0,0.0,0.0
1737285484.4316247,13112,1737285484,256986496,map,0.567321717062356,1.4424444770421563,0.0,0.0,0.0,0.0
1737285484.5325751,13113,1737285484,456986496,map,0.383583798610891,0.9451261658864596,0.0,0.0,0.0,0.0
1737285484.631525,13114,1737285484,456986496,map,0.383583798610891,0.9451261658864596,0.0,0.0,0.0,0.0
1737285484.7316492,13115,1737285484,656986496,map,0.21988857574189805,0.5150233142860619,0.0,0.0,0.0,0.0
1737285484.832572,13116,1737285484,656971648,map,0.21988857574189805,0.5150233142860619,0.0,0.0,0.0,0.0
1737285484.9332473,13117,1737285484,856967808,map,0.16243654572918148,0.4516794976657359,0.0,0.0,0.0,0.0
1737285485.0335631,13118,1737285484,856963968,map,0.16243654572918148,0.4516794976657359,0.0,0.0,0.0,0.0
1737285485.1321983,13119,1737285485,56961664,map,0.08460236756728202,0.2352497383675708,0.0,0.0,0.0,0.0
1737285485.2299004,13120,1737285485,56956288,map,0.08460236756728202,0.2352497383675708,0.0,0.0,0.0,0.0
1737285485.3316922,13121,1737285485,256953216,map,0.08460236756728202,0.2352497383675708,0.0,0.0,0.0,0.0
1737285485.4308238,13122,1737285485,256947584,map,0.08460236756728202,0.2352497383675708,0.0,0.0,0.0,0.0
1737285485.5323992,13123,1737285485,456943488,map,0.0710659887565169,0.19760978022875947,0.0,0.0,0.0,0.0
1737285485.6308665,13124,1737285485,456939392,map,0.0710659887565169,0.19760978022875947,0.0,0.0,0.0,0.0
1737285485.73172,13125,1737285485,656934272,map,0.06768189405382562,0.18819979069405665,0.0,0.0,0.0,0.0
1737285485.8325331,13126,1737285485,656929152,map,0.06768189405382562,0.18819979069405665,0.0,0.0,0.0,0.0
1737285485.9316,13127,1737285485,856925312,map,0.06429779935113433,0.1787898011593538,0.0,0.0,0.0,0.0
1737285486.0309129,13128,1737285485,856921216,map,0.06429779935113433,0.1787898011593538,0.0,0.0,0.0,0.0
1737285486.132403,13129,1737285486,56913280,map,0.04737732583767794,0.13173985348583966,0.0,0.0,0.0,0.0
1737285486.2299595,13130,1737285486,56910464,map,0.04737732583767794,0.13173985348583966,0.0,0.0,0.0,0.0
1737285486.3297267,13131,1737285486,256904064,map,0.05752960994575178,0.15996982208994814,0.0,0.0,0.0,0.0
1737285486.4289253,13132,1737285486,256897408,map,0.05752960994575178,0.15996982208994814,0.0,0.0,0.0,0.0
1737285486.5316916,13133,1737285486,456892032,map,0.10829103048612099,0.3011196651104906,0.0,0.0,0.0,0.0
1737285486.6325648,13134,1737285486,456888960,map,0.10829103048612099,0.3011196651104906,0.0,0.0,0.0,0.0
1737285486.7317648,13135,1737285486,656885888,map,0.10490693578342972,0.2917096755757878,0.0,0.0,0.0,0.0
1737285486.8307831,13136,1737285486,656879744,map,0.10490693578342972,0.2917096755757878,0.0,0.0,0.0,0.0
1737285486.9327805,13137,1737285486,856881536,map,-0.08732542707215173,0.39035146955873795,0.0,0.0,0.0,0.0
1737285487.0316846,13138,1737285486,856879744,map,-0.08732542707215173,0.39035146955873795,0.0,0.0,0.0,0.0
1737285487.1331952,13139,1737285487,56873088,map,-0.42128430356814833,0.44115704184235827,0.0,0.0,0.0,0.0
1737285487.2311108,13140,1737285487,56866944,map,-0.42128430356814833,0.44115704184235827,0.0,0.0,0.0,0.0
1737285487.3301904,13141,1737285487,256863872,map,-0.5390815515365425,0.47727463874896403,0.0,0.0,0.0,0.0
1737285487.432241,13142,1737285487,256859008,map,-0.5390815515365425,0.47727463874896403,0.0,0.0,0.0,0.0
1737285487.5301526,13143,1737285487,456852864,map,-0.6371621400105807,0.8345803779967135,0.0,0.0,0.0,0.0
1737285487.6342864,13144,1737285487,456846464,map,-0.6371621400105807,0.8345803779967135,0.0,0.0,0.0,0.0
1737285487.7331583,13145,1737285487,656841600,map,-0.7010960179934526,1.0106257336688615,0.0,0.0,0.0,0.0
1737285487.8353376,13146,1737285487,656838784,map,-0.7010960179934526,1.0106257336688615,0.0,0.0,0.0,0.0
1737285487.9406257,13147,1737285487,856836224,map,-0.8141834531443364,1.1998355323234782,0.0,0.0,0.0,0.0
1737285488.038203,13148,1737285487,856831616,map,-0.8141834531443364,1.1998355323234782,0.0,0.0,0.0,0.0
1737285488.136509,13149,1737285488,56828800,map,-0.8062685612426532,1.3704127141674154,0.0,0.0,0.0,0.0
1737285488.2393548,13150,1737285488,56823936,map,-0.8062685612426532,1.3704127141674154,0.0,0.0,0.0,0.0
1737285488.3305721,13151,1737285488,256820864,map,-0.7958906326500736,1.3533137481234223,0.0,0.0,0.0,0.0
1737285488.431046,13152,1737285488,256818304,map,-0.7958906326500736,1.3533137481234223,0.0,0.0,0.0,0.0
1737285488.5378754,13153,1737285488,456811904,map,-0.6939957693434794,1.3185104747909104,0.0,0.0,0.0,0.0
1737285488.6302562,13154,1737285488,456806272,map,-0.6939957693434794,1.3185104747909104,0.0,0.0,0.0,0.0
1737285488.733433,13155,1737285488,656803200,map,-0.6192673120323986,1.1770335578258455,0.0,0.0,0.0,0.0
1737285488.8304985,13156,1737285488,656797056,map,-0.6192673120323986,1.1770335578258455,0.0,0.0,0.0,0.0
1737285488.9313648,13157,1737285488,856795264,map,-0.3920914953483773,0.7541646101982467,0.0,0.0,0.0,0.0
1737285489.0332925,13158,1737285488,856790400,map,-0.3920914953483773,0.7541646101982467,0.0,0.0,0.0,0.0
1737285489.1325376,13159,1737285489,56787840,map,-0.21476306319838237,0.41806318503983053,0.0,0.0,0.0,0.0
1737285489.2315702,13160,1737285489,56784512,map,-0.21476306319838237,0.41806318503983053,0.0,0.0,0.0,0.0
1737285489.33515,13161,1737285489,256776832,map,-0.0045694268765613276,0.008894961383826182,0.0,0.0,0.0,0.0
1737285489.431395,13162,1737285489,256771456,map,-0.0045694268765613276,0.008894961383826182,0.0,0.0,0.0,0.0
1737285489.528624,13163,1737285489,456770688,map,0.15189725700971332,0.27023549602693775,0.0,0.0,0.0,0.0
1737285489.633545,13164,1737285489,456762240,map,0.15189725700971332,0.27023549602693775,0.0,0.0,0.0,0.0
1737285489.7327197,13165,1737285489,656752512,map,0.4935867331671848,-0.37519613116521644,0.0,0.0,0.0,0.0
1737285489.83132,13166,1737285489,656748672,map,0.4935867331671848,-0.37519613116521644,0.0,0.0,0.0,0.0
1737285489.9337213,13167,1737285489,856739456,map,0.5781744241412092,-0.840306096175067,0.0,0.0,0.0,0.0
1737285490.0297081,13168,1737285489,856726144,map,0.5781744241412092,-0.840306096175067,0.0,0.0,0.0,0.0
1737285490.1317024,13169,1737285490,56726144,map,0.6755687057146424,-1.1106785871074687,0.0,0.0,0.0,0.0
1737285490.2322235,13170,1737285490,56715392,map,0.6755687057146424,-1.1106785871074687,0.0,0.0,0.0,0.0
1737285490.3296242,13171,1737285490,256706688,map,0.6565341217969257,-1.2703790563907842,0.0,0.0,0.0,0.0
1737285490.431605,13172,1737285490,256695680,map,0.6565341217969257,-1.2703790563907842,0.0,0.0,0.0,0.0
1737285490.5332115,13173,1737285490,456691584,map,0.6965097437607085,-1.3734897803938668,0.0,0.0,0.0,0.0
1737285490.6347837,13174,1737285490,456684416,map,0.6965097437607085,-1.3734897803938668,0.0,0.0,0.0,0.0
1737285490.731882,13175,1737285490,656679040,map,0.708982964334994,-1.3783479808389336,0.0,0.0,0.0,0.0
1737285490.830901,13176,1737285490,656672128,map,0.708982964334994,-1.3783479808389336,0.0,0.0,0.0,0.0
1737285490.9335432,13177,1737285490,856668800,map,0.7369994584598961,-1.476256007008886,0.0,0.0,0.0,0.0
1737285491.0314562,13178,1737285490,856661632,map,0.7369994584598961,-1.476256007008886,0.0,0.0,0.0,0.0
1737285491.1300375,13179,1737285491,56656512,map,0.7052630502372257,-1.4806093441452015,0.0,0.0,0.0,0.0
1737285491.2317264,13180,1737285491,56651392,map,0.7052630502372257,-1.4806093441452015,0.0,0.0,0.0,0.0
1737285491.3320975,13181,1737285491,256646784,map,0.7623817998195416,-1.608469456130242,0.0,0.0,0.0,0.0
1737285491.431091,13182,1737285491,256643712,map,0.7623817998195416,-1.608469456130242,0.0,0.0,0.0,0.0
1737285491.5305998,13183,1737285491,456640128,map,0.7285472621070741,-1.5138093958211138,0.0,0.0,0.0,0.0
1737285491.6303763,13184,1737285491,456636800,map,0.7285472621070741,-1.5138093958211138,0.0,0.0,0.0,0.0
1737285491.7319634,13185,1737285491,656632192,map,0.7432713849025773,-1.606377181232666,0.0,0.0,0.0,0.0
1737285491.8307278,13186,1737285491,656627328,map,0.7432713849025773,-1.606377181232666,0.0,0.0,0.0,0.0
1737285491.9308884,13187,1737285491,856624000,map,0.6803214546869244,-1.5579354024774799,0.0,0.0,0.0,0.0
1737285492.0323257,13188,1737285491,856619136,map,0.6803214546869244,-1.5579354024774799,0.0,0.0,0.0,0.0
1737285492.1300302,13189,1737285492,56614016,map,0.6814610385525854,-1.6227171204294457,0.0,0.0,0.0,0.0
1737285492.2339537,13190,1737285492,56609664,map,0.6814610385525854,-1.6227171204294457,0.0,0.0,0.0,0.0
1737285492.330099,13191,1737285492,256606080,map,0.6454169593913363,-1.464048137367772,0.0,0.0,0.0,0.0
1737285492.430897,13192,1737285492,256599680,map,0.6454169593913363,-1.464048137367772,0.0,0.0,0.0,0.0
1737285492.5310905,13193,1737285492,456600192,map,0.7209819938715576,-1.4841445227850936,0.0,0.0,0.0,0.0
1737285492.6299958,13194,1737285492,456597632,map,0.7209819938715576,-1.4841445227850936,0.0,0.0,0.0,0.0
1737285492.7309592,13195,1737285492,656591744,map,0.6582250772659112,-1.4363633759109444,0.0,0.0,0.0,0.0
1737285492.8329732,13196,1737285492,656588928,map,0.6582250772659112,-1.4363633759109444,0.0,0.0,0.0,0.0
1737285492.929968,13197,1737285492,856584832,map,0.6528916836270134,-1.3837024425253732,0.0,0.0,0.0,0.0
1737285493.0303688,13198,1737285492,856577408,map,0.6528916836270134,-1.3837024425253732,0.0,0.0,0.0,0.0
1737285493.1311579,13199,1737285493,56574336,map,0.6305809089654619,-1.2275046709680137,0.0,0.0,0.0,0.0
1737285493.2300093,13200,1737285493,56569984,map,0.6305809089654619,-1.2275046709680137,0.0,0.0,0.0,0.0
1737285493.3323085,13201,1737285493,256566912,map,0.583103262716369,-1.2175756999092604,0.0,0.0,0.0,0.0
1737285493.431662,13202,1737285493,256561792,map,0.583103262716369,-1.2175756999092604,0.0,0.0,0.0,0.0
1737285493.5353994,13203,1737285493,456556416,map,0.484162160992575,-1.0210225275981915,0.0,0.0,0.0,0.0
1737285493.6342983,13204,1737285493,456551296,map,0.484162160992575,-1.0210225275981915,0.0,0.0,0.0,0.0
1737285493.736347,13205,1737285493,656545920,map,0.405864668133672,-0.8478642999683053,0.0,0.0,0.0,0.0
1737285493.8353724,13206,1737285493,656543104,map,0.405864668133672,-0.8478642999683053,0.0,0.0,0.0,0.0
1737285493.9397225,13207,1737285493,856538752,map,0.2741936056072875,-0.6222683236708063,0.0,0.0,0.0,0.0
1737285494.0296311,13208,1737285493,856532096,map,0.2741936056072875,-0.6222683236708063,0.0,0.0,0.0,0.0
1737285494.1286228,13209,1737285494,56524160,map,0.23256672387537794,-0.5203966938268091,0.0,0.0,0.0,0.0
1737285494.2312536,13210,1737285494,56517504,map,0.23256672387537794,-0.5203966938268091,0.0,0.0,0.0,0.0
1737285494.3312654,13211,1737285494,256513152,map,0.1942456501638775,-0.4931213110304731,0.0,0.0,0.0,0.0
1737285494.4313393,13212,1737285494,256511360,map,0.1942456501638775,-0.4931213110304731,0.0,0.0,0.0,0.0
1737285494.5305479,13213,1737285494,456506496,map,0.16167411530659098,-0.4413178904597355,0.0,0.0,0.0,0.0
1737285494.6323845,13214,1737285494,456502144,map,0.16167411530659098,-0.4413178904597355,0.0,0.0,0.0,0.0
1737285494.729526,13215,1737285494,656498560,map,0.1715472528433504,-0.44829849435604796,0.0,0.0,0.0,0.0
1737285494.8327541,13216,1737285494,656492928,map,0.1715472528433504,-0.44829849435604796,0.0,0.0,0.0,0.0
1737285494.93207,13217,1737285494,856486272,map,0.16052905136895926,-0.3772670455613398,0.0,0.0,0.0,0.0
1737285495.029343,13218,1737285494,856484224,map,0.16052905136895926,-0.3772670455613398,0.0,0.0,0.0,0.0
1737285495.1310549,13219,1737285495,56476032,map,0.11804631305780598,-0.3081640277083918,0.0,0.0,0.0,0.0
1737285495.2318807,13220,1737285495,56466304,map,0.11804631305780598,-0.3081640277083918,0.0,0.0,0.0,0.0
1737285495.3308682,13221,1737285495,256457600,map,0.07869754203853732,-0.20544268513892786,0.0,0.0,0.0,0.0
1737285495.4308553,13222,1737285495,256453760,map,0.07869754203853732,-0.20544268513892786,0.0,0.0,0.0,0.0
1737285495.532195,13223,1737285495,456447104,map,0.06438889803153053,-0.1680894696591228,0.0,0.0,0.0,0.0
1737285495.6309576,13224,1737285495,456447104,map,0.06438889803153053,-0.1680894696591228,0.0,0.0,0.0,0.0
1737285495.7312841,13225,1737285495,656447104,map,0.050080254024523756,-0.13073625417931775,0.0,0.0,0.0,0.0
1737285495.8328657,13226,1737285495,656442752,map,0.050080254024523756,-0.13073625417931775,0.0,0.0,0.0,0.0
1737285495.932142,13227,1737285495,856439936,map,0.014308644007006786,-0.037353215479805066,0.0,0.0,0.0,0.0
1737285496.033531,13228,1737285495,856433280,map,0.014308644007006786,-0.037353215479805066,0.0,0.0,0.0,0.0
1737285496.1346254,13229,1737285496,56427904,map,0.025040127012261878,-0.06536812708965888,0.0,0.0,0.0,0.0
1737285496.2312453,13230,1737285496,56421248,map,0.025040127012261878,-0.06536812708965888,0.0,0.0,0.0,0.0
1737285496.3302066,13231,1737285496,256416640,map,0.014308644007006786,-0.037353215479805066,0.0,0.0,0.0,0.0
1737285496.4294581,13232,1737285496,256410752,map,0.014308644007006786,-0.037353215479805066,0.0,0.0,0.0,0.0
1737285496.5332525,13233,1737285496,456406400,map,0.0035771610017516966,-0.009338303869951266,0.0,0.0,0.0,0.0
1737285496.632837,13234,1737285496,456398976,map,0.0035771610017516966,-0.009338303869951266,0.0,0.0,0.0,0.0
1737285496.7334824,13235,1737285496,656393344,map,0.014308644007006786,-0.037353215479805066,0.0,0.0,0.0,0.0
1737285496.8309975,13236,1737285496,656390272,map,0.014308644007006786,-0.037353215479805066,0.0,0.0,0.0,0.0
1737285496.9327974,13237,1737285496,856385920,map,0.028617288014013573,-0.07470643095961013,0.0,0.0,0.0,0.0
1737285497.032459,13238,1737285496,856380288,map,0.028617288014013573,-0.07470643095961013,0.0,0.0,0.0,0.0
1737285497.1315675,13239,1737285497,56373632,map,0.29093230095827266,0.13326063281826733,0.0,0.0,0.0,0.0
1737285497.2357554,13240,1737285497,56365696,map,0.29093230095827266,0.13326063281826733,0.0,0.0,0.0,0.0
1737285497.3304262,13241,1737285497,256359040,map,0.17274105369397438,0.07912350073584622,0.0,0.0,0.0,0.0
1737285497.430531,13242,1737285497,256353152,map,0.17274105369397438,0.07912350073584622,0.0,0.0,0.0,0.0
1737285497.5308769,13243,1737285497,456348288,map,0.16364941928902837,0.07495910596027537,0.0,0.0,0.0,0.0
1737285497.631181,13244,1737285497,456340864,map,0.16364941928902837,0.07495910596027537,0.0,0.0,0.0,0.0
1737285497.7316406,13245,1737285497,656335488,map,0.09091634404946021,0.04164394775570854,0.0,0.0,0.0,0.0
1737285497.8339357,13246,1737285497,656330368,map,0.09091634404946021,0.04164394775570854,0.0,0.0,0.0,0.0
1737285497.931245,13247,1737285497,856326784,map,0.24547412893354256,0.11243865894041306,0.0,0.0,0.0,0.0
1737285498.0311537,13248,1737285497,856322688,map,0.24547412893354256,0.11243865894041306,0.0,0.0,0.0,0.0
1737285498.132664,13249,1737285498,56312704,map,0.11819124726429828,0.0541371320824211,0.0,0.0,0.0,0.0
1737285498.229662,13250,1737285498,56312704,map,0.11819124726429828,0.0541371320824211,0.0,0.0,0.0,0.0
1737285498.3325958,13251,1737285498,256308096,map,0.15455778488408237,0.07079471118470453,0.0,0.0,0.0,0.0
1737285498.4337409,13252,1737285498,256305280,map,0.15455778488408237,0.07079471118470453,0.0,0.0,0.0,0.0
1737285498.533207,13253,1737285498,456297600,map,0.14546615047913633,0.06663031640913367,0.0,0.0,0.0,0.0
1737285498.6325226,13254,1737285498,456292480,map,0.14546615047913633,0.06663031640913367,0.0,0.0,0.0,0.0
1737285498.7312086,13255,1737285498,656287616,map,0.045458172024730105,0.02082197387785427,0.0,0.0,0.0,0.0
1737285498.8347936,13256,1737285498,656283008,map,0.045458172024730105,0.02082197387785427,0.0,0.0,0.0,0.0
1737285498.9317389,13257,1737285498,856276864,map,0.10000797845440623,0.04580834253127939,0.0,0.0,0.0,0.0
1737285499.0337453,13258,1737285498,856271744,map,0.10000797845440623,0.04580834253127939,0.0,0.0,0.0,0.0
1737285499.1311383,13259,1737285499,56271744,map,0.01818326880989204,0.008328789551141708,0.0,0.0,0.0,0.0
1737285499.2348042,13260,1737285499,56265600,map,0.01818326880989204,0.008328789551141708,0.0,0.0,0.0,0.0
1737285499.331831,13261,1737285499,256260224,map,0.1363745160741903,0.06246592163356281,0.0,0.0,0.0,0.0
1737285499.4345767,13262,1737285499,256252544,map,0.1363745160741903,0.06246592163356281,0.0,0.0,0.0,0.0
1737285499.5367844,13263,1737285499,456247424,map,0.14546615047913633,0.06663031640913367,0.0,0.0,0.0,0.0
1737285499.6377115,13264,1737285499,456243840,map,0.14546615047913633,0.06663031640913367,0.0,0.0,0.0,0.0
1737285499.7380037,13265,1737285499,656236672,map,0.10909961285935224,0.04997273730685024,0.0,0.0,0.0,0.0
1737285499.8349218,13266,1737285499,656231552,map,0.10909961285935224,0.04997273730685024,0.0,0.0,0.0,0.0
1737285499.930685,13267,1737285499,856224896,map,0.07273307523956817,0.03331515820456683,0.0,0.0,0.0,0.0
1737285500.0328233,13268,1737285499,856221568,map,0.07273307523956817,0.03331515820456683,0.0,0.0,0.0,0.0
1737285500.1316743,13269,1737285500,56214912,map,0.05454980642967612,0.02498636865342512,0.0,0.0,0.0,0.0
1737285500.2337544,13270,1737285500,56208512,map,0.05454980642967612,0.02498636865342512,0.0,0.0,0.0,0.0
1737285500.3299422,13271,1737285500,256204928,map,0.19092432250386643,0.08745229028698792,0.0,0.0,0.0,0.0
1737285500.431838,13272,1737285500,256198528,map,0.19092432250386643,0.08745229028698792,0.0,0.0,0.0,0.0
1737285500.5309427,13273,1737285500,456194176,map,0.23638249452859655,0.1082742641648422,0.0,0.0,0.0,0.0
1737285500.6332123,13274,1737285500,456190848,map,0.23638249452859655,0.1082742641648422,0.0,0.0,0.0,0.0
1737285500.7345867,13275,1737285500,656186752,map,0.14546615047913633,0.06663031640913367,0.0,0.0,0.0,0.0
1737285500.8286066,13276,1737285500,656179840,map,0.14546615047913633,0.06663031640913367,0.0,0.0,0.0,0.0
1737285500.9320414,13277,1737285500,856173952,map,0.06364144083462216,0.02915076342899598,0.0,0.0,0.0,0.0
1737285501.029921,13278,1737285500,856167808,map,0.06364144083462216,0.02915076342899598,0.0,0.0,0.0,0.0
1737285501.1324587,13279,1737285501,56160640,map,0.14546615047913633,0.06663031640913367,0.0,0.0,0.0,0.0
1737285501.2323918,13280,1737285501,56154752,map,0.14546615047913633,0.06663031640913367,0.0,0.0,0.0,0.0
1737285501.3299904,13281,1737285501,256150656,map,0.02727490321483806,0.01249318432671256,0.0,0.0,0.0,0.0
1737285501.4283977,13282,1737285501,256151424,map,0.02727490321483806,0.01249318432671256,0.0,0.0,0.0,0.0
1737285501.5323534,13283,1737285501,456141952,map,0.06364144083462216,0.02915076342899598,0.0,0.0,0.0,0.0
1737285501.629249,13284,1737285501,456131712,map,0.06364144083462216,0.02915076342899598,0.0,0.0,0.0,0.0
1737285501.7306342,13285,1737285501,656123776,map,0.15455778488408237,0.07079471118470453,0.0,0.0,0.0,0.0
1737285501.8324301,13286,1737285501,656117888,map,0.15455778488408237,0.07079471118470453,0.0,0.0,0.0,0.0
1737285501.9388864,13287,1737285501,856113792,map,0.08182470964451419,0.037479552980137686,0.0,0.0,0.0,0.0
1737285502.0329638,13288,1737285501,856106880,map,0.08182470964451419,0.037479552980137686,0.0,0.0,0.0,0.0
1737285502.1335618,13289,1737285502,56102272,map,0.20910759131375847,0.09578107983812964,0.0,0.0,0.0,0.0
1737285502.233958,13290,1737285502,56098688,map,0.20910759131375847,0.09578107983812964,0.0,0.0,0.0,0.0
1737285502.3341558,13291,1737285502,259093312,map,0.01818326880989204,0.008328789551141708,0.0,0.0,0.0,0.0
1737285502.4361084,13292,1737285502,259083840,map,0.01818326880989204,0.008328789551141708,0.0,0.0,0.0,0.0
1737285502.5305655,13293,1737285502,459077440,map,0.08182470964451419,0.037479552980137686,0.0,0.0,0.0,0.0
1737285502.6332679,13294,1737285502,459073088,map,0.08182470964451419,0.037479552980137686,0.0,0.0,0.0,0.0
1737285502.7330694,13295,1737285502,659066688,map,0.16364941928902837,0.07495910596027537,0.0,0.0,0.0,0.0
1737285502.8335207,13296,1737285502,659061056,map,0.16364941928902837,0.07495910596027537,0.0,0.0,0.0,0.0
1737285502.9337332,13297,1737285502,859057728,map,0.09091634404946021,0.04164394775570854,0.0,0.0,0.0,0.0
1737285503.032975,13298,1737285502,859053888,map,0.09091634404946021,0.04164394775570854,0.0,0.0,0.0,0.0
1737285503.1303134,13299,1737285503,59051840,map,0.03636653761978408,0.016657579102283417,0.0,0.0,0.0,0.0
1737285503.230019,13300,1737285503,59047488,map,0.03636653761978408,0.016657579102283417,0.0,0.0,0.0,0.0
1737285503.3314617,13301,1737285503,259042624,map,0.03636653761978408,0.016657579102283417,0.0,0.0,0.0,0.0
1737285503.4314253,13302,1737285503,259037248,map,0.03636653761978408,0.016657579102283417,0.0,0.0,0.0,0.0
1737285503.5309536,13303,1737285503,459033408,map,0.06364144083462216,0.02915076342899598,0.0,0.0,0.0,0.0
1737285503.6306405,13304,1737285503,459028800,map,0.06364144083462216,0.02915076342899598,0.0,0.0,0.0,0.0
1737285503.730803,13305,1737285503,659026496,map,0.06364144083462216,0.02915076342899598,0.0,0.0,0.0,0.0
1737285503.832826,13306,1737285503,659019072,map,0.06364144083462216,0.02915076342899598,0.0,0.0,0.0,0.0
1737285503.9333022,13307,1737285503,859013952,map,0.03636653761978408,0.016657579102283417,0.0,0.0,0.0,0.0
1737285504.0291991,13308,1737285503,859011648,map,0.03636653761978408,0.016657579102283417,0.0,0.0,0.0,0.0
1737285504.133896,13309,1737285504,59007552,map,0.17274105369397438,0.07912350073584622,0.0,0.0,0.0,0.0
1737285504.2311726,13310,1737285504,59002432,map,0.17274105369397438,0.07912350073584622,0.0,0.0,0.0,0.0
1737285504.334875,13311,1737285504,258995520,map,0.21819922571870448,0.09994547461370049,0.0,0.0,0.0,0.0
1737285504.43071,13312,1737285504,258993984,map,0.21819922571870448,0.09994547461370049,0.0,0.0,0.0,0.0
1737285504.5305085,13313,1737285504,458992192,map,0.02727490321483806,0.01249318432671256,0.0,0.0,0.0,0.0
1737285504.6325407,13314,1737285504,458988096,map,0.02727490321483806,0.01249318432671256,0.0,0.0,0.0,0.0
1737285504.7332575,13315,1737285504,658983744,map,0.11819124726429828,0.0541371320824211,0.0,0.0,0.0,0.0
1737285504.831554,13316,1737285504,658980928,map,0.11819124726429828,0.0541371320824211,0.0,0.0,0.0,0.0
1737285504.9331865,13317,1737285504,858973504,map,0.1363745160741903,0.06246592163356281,0.0,0.0,0.0,0.0
1737285505.0321968,13318,1737285504,858967616,map,0.1363745160741903,0.06246592163356281,0.0,0.0,0.0,0.0
1737285505.1304564,13319,1737285505,58961216,map,0.18183268809892042,0.08328789551141708,0.0,0.0,0.0,0.0
1737285505.2350023,13320,1737285505,58957376,map,0.18183268809892042,0.08328789551141708,0.0,0.0,0.0,0.0
1737285505.3349702,13321,1737285505,258954560,map,0.07273307523956817,0.03331515820456683,0.0,0.0,0.0,0.0
1737285505.435897,13322,1737285505,258950464,map,0.07273307523956817,0.03331515820456683,0.0,0.0,0.0,0.0
1737285505.539258,13323,1737285505,458946112,map,0.10000797845440623,0.04580834253127939,0.0,0.0,0.0,0.0
1737285505.6362152,13324,1737285505,458939456,map,0.10000797845440623,0.04580834253127939,0.0,0.0,0.0,0.0
1737285505.7379837,13325,1737285505,658934848,map,0.1272828816692443,0.05830152685799196,0.0,0.0,0.0,0.0
1737285505.8364928,13326,1737285505,658929472,map,0.1272828816692443,0.05830152685799196,0.0,0.0,0.0,0.0
1737285505.937827,13327,1737285505,858922304,map,0.08182470964451419,0.037479552980137686,0.0,0.0,0.0,0.0
1737285506.0385606,13328,1737285505,858916672,map,0.08182470964451419,0.037479552980137686,0.0,0.0,0.0,0.0
1737285506.1388893,13329,1737285506,58911040,map,0.08182470964451419,0.037479552980137686,0.0,0.0,0.0,0.0
1737285506.2398174,13330,1737285506,58905408,map,0.08182470964451419,0.037479552980137686,0.0,0.0,0.0,0.0
1737285506.3317387,13331,1737285506,258901568,map,0.045458172024730105,0.02082197387785427,0.0,0.0,0.0,0.0
1737285506.4319212,13332,1737285506,258897216,map,0.045458172024730105,0.02082197387785427,0.0,0.0,0.0,0.0
1737285506.531408,13333,1737285506,458893888,map,0.08182470964451419,0.037479552980137686,0.0,0.0,0.0,0.0
1737285506.6287088,13334,1737285506,458888512,map,0.08182470964451419,0.037479552980137686,0.0,0.0,0.0,0.0
1737285506.7346334,13335,1737285506,658884928,map,0.03636653761978408,0.016657579102283417,0.0,0.0,0.0,0.0
1737285506.832179,13336,1737285506,658880320,map,0.03636653761978408,0.016657579102283417,0.0,0.0,0.0,0.0
1737285506.931473,13337,1737285506,858873664,map,0.10909961285935224,0.04997273730685024,0.0,0.0,0.0,0.0
1737285507.0309708,13338,1737285506,858868288,map,0.10909961285935224,0.04997273730685024,0.0,0.0,0.0,0.0
1737285507.129314,13339,1737285507,58863680,map,0.10000797845440623,0.04580834253127939,0.0,0.0,0.0,0.0
1737285507.230323,13340,1737285507,58857792,map,0.10000797845440623,0.04580834253127939,0.0,0.0,0.0,0.0
1737285507.331217,13341,1737285507,258852672,map,0.10909961285935224,0.04997273730685024,0.0,0.0,0.0,0.0
1737285507.4288135,13342,1737285507,258847808,map,0.10909961285935224,0.04997273730685024,0.0,0.0,0.0,0.0
1737285507.529429,13343,1737285507,458843712,map,0.11819124726429828,0.0541371320824211,0.0,0.0,0.0,0.0
1737285507.6289575,13344,1737285507,458837824,map,0.11819124726429828,0.0541371320824211,0.0,0.0,0.0,0.0
1737285507.7295196,13345,1737285507,658828864,map,0.15455778488408237,0.07079471118470453,0.0,0.0,0.0,0.0
1737285507.8297603,13346,1737285507,658822720,map,0.15455778488408237,0.07079471118470453,0.0,0.0,0.0,0.0
1737285507.9330525,13347,1737285507,858815296,map,0.02727490321483806,0.01249318432671256,0.0,0.0,0.0,0.0
1737285508.0328298,13348,1737285507,858809408,map,0.02727490321483806,0.01249318432671256,0.0,0.0,0.0,0.0
1737285508.132148,13349,1737285508,58804032,map,0.15455778488408237,0.07079471118470453,0.0,0.0,0.0,0.0
1737285508.2315705,13350,1737285508,58799424,map,0.15455778488408237,0.07079471118470453,0.0,0.0,0.0,0.0
1737285508.3344274,13351,1737285508,258799424,map,0.15455778488408237,0.07079471118470453,0.0,0.0,0.0,0.0
1737285508.431572,13352,1737285508,258799424,map,0.15455778488408237,0.07079471118470453,0.0,0.0,0.0,0.0
1737285508.5337107,13353,1737285508,458797120,map,0.045458172024730105,0.02082197387785427,0.0,0.0,0.0,0.0
1737285508.6337159,13354,1737285508,458797376,map,0.045458172024730105,0.02082197387785427,0.0,0.0,0.0,0.0
1737285508.7299256,13355,1737285508,658795072,map,0.1272828816692443,0.05830152685799196,0.0,0.0,0.0,0.0
1737285508.8300173,13356,1737285508,658791232,map,0.1272828816692443,0.05830152685799196,0.0,0.0,0.0,0.0
1737285508.931684,13357,1737285508,858788928,map,0.19092432250386643,0.08745229028698792,0.0,0.0,0.0,0.0
1737285509.0324597,13358,1737285508,858781248,map,0.19092432250386643,0.08745229028698792,0.0,0.0,0.0,0.0
1737285509.1323335,13359,1737285509,58775360,map,0.01818326880989204,0.008328789551141708,0.0,0.0,0.0,0.0
1737285509.2310681,13360,1737285509,58772544,map,0.01818326880989204,0.008328789551141708,0.0,0.0,0.0,0.0
1737285509.3301628,13361,1737285509,258767168,map,0.19092432250386643,0.08745229028698792,0.0,0.0,0.0,0.0
1737285509.4299793,13362,1737285509,258762816,map,0.19092432250386643,0.08745229028698792,0.0,0.0,0.0,0.0
1737285509.5302563,13363,1737285509,458757184,map,0.17274105369397438,0.07912350073584622,0.0,0.0,0.0,0.0
1737285509.6313736,13364,1737285509,458752576,map,0.17274105369397438,0.07912350073584622,0.0,0.0,0.0,0.0
1737285509.733282,13365,1737285509,658746432,map,0.03636653761978408,0.016657579102283417,0.0,0.0,0.0,0.0
1737285509.8309796,13366,1737285509,658741056,map,0.03636653761978408,0.016657579102283417,0.0,0.0,0.0,0.0
1737285509.9317825,13367,1737285509,858736448,map,0.06364144083462216,0.02915076342899598,0.0,0.0,0.0,0.0
1737285510.0331104,13368,1737285509,858731072,map,0.06364144083462216,0.02915076342899598,0.0,0.0,0.0,0.0
1737285510.1292875,13369,1737285510,58725696,map,0.1272828816692443,0.05830152685799196,0.0,0.0,0.0,0.0
1737285510.2335658,13370,1737285510,58719296,map,0.1272828816692443,0.05830152685799196,0.0,0.0,0.0,0.0
1737285510.3305848,13371,1737285510,258714432,map,0.09091634404946021,0.04164394775570854,0.0,0.0,0.0,0.0
1737285510.4320397,13372,1737285510,258704960,map,0.09091634404946021,0.04164394775570854,0.0,0.0,0.0,0.0
1737285510.528371,13373,1737285510,458699328,map,0.045458172024730105,0.02082197387785427,0.0,0.0,0.0,0.0
1737285510.6331758,13374,1737285510,458693952,map,0.045458172024730105,0.02082197387785427,0.0,0.0,0.0,0.0
1737285510.7326918,13375,1737285510,658690624,map,0.06364144083462216,0.02915076342899598,0.0,0.0,0.0,0.0
1737285510.8326879,13376,1737285510,658686272,map,0.06364144083462216,0.02915076342899598,0.0,0.0,0.0,0.0
1737285510.9302561,13377,1737285510,858681408,map,0.02727490321483806,0.01249318432671256,0.0,0.0,0.0,0.0
1737285511.0320973,13378,1737285510,858676544,map,0.02727490321483806,0.01249318432671256,0.0,0.0,0.0,0.0
1737285511.131955,13379,1737285511,58672704,map,0.06364144083462216,0.02915076342899598,0.0,0.0,0.0,0.0
1737285511.230404,13380,1737285511,58666560,map,0.06364144083462216,0.02915076342899598,0.0,0.0,0.0,0.0
1737285511.3300834,13381,1737285511,258662976,map,0.01818326880989204,0.008328789551141708,0.0,0.0,0.0,0.0
1737285511.4314725,13382,1737285511,258655296,map,0.01818326880989204,0.008328789551141708,0.0,0.0,0.0,0.0
1737285511.5295992,13383,1737285511,458651712,map,0.03636653761978408,0.016657579102283417,0.0,0.0,0.0,0.0
1737285511.6305528,13384,1737285511,458643776,map,0.03636653761978408,0.016657579102283417,0.0,0.0,0.0,0.0
1737285511.7328458,13385,1737285511,658639936,map,0.00909163440494602,0.004164394775570854,0.0,0.0,0.0,0.0
1737285511.8321183,13386,1737285511,658631744,map,0.00909163440494602,0.004164394775570854,0.0,0.0,0.0,0.0
1737285511.9325943,13387,1737285511,858623552,map,0.02727490321483806,0.01249318432671256,0.0,0.0,0.0,0.0
1737285512.0310457,13388,1737285511,858615616,map,0.02727490321483806,0.01249318432671256,0.0,0.0,0.0,0.0
1737285512.1307783,13389,1737285512,58608448,map,0.02727490321483806,0.01249318432671256,0.0,0.0,0.0,0.0
1737285512.2325728,13390,1737285512,58600256,map,0.02727490321483806,0.01249318432671256,0.0,0.0,0.0,0.0
1737285512.3313804,13391,1737285512,258592320,map,0.00909163440494602,0.004164394775570854,0.0,0.0,0.0,0.0
1737285512.4320495,13392,1737285512,258584640,map,0.00909163440494602,0.004164394775570854,0.0,0.0,0.0,0.0
1737285512.531978,13393,1737285512,458576704,map,0.00909163440494602,0.004164394775570854,0.0,0.0,0.0,0.0
1737285512.6307168,13394,1737285512,458569024,map,0.00909163440494602,0.004164394775570854,0.0,0.0,0.0,0.0
1737285512.7297354,13395,1737285512,658561088,map,0.00909163440494602,0.004164394775570854,0.0,0.0,0.0,0.0
1737285512.8312478,13396,1737285512,658555712,map,0.00909163440494602,0.004164394775570854,0.0,0.0,0.0,0.0
1737285512.9306312,13397,1737285512,858549824,map,0.03636653761978408,0.016657579102283417,0.0,0.0,0.0,0.0
1737285513.0306156,13398,1737285512,858543936,map,0.03636653761978408,0.016657579102283417,0.0,0.0,0.0,0.0
1737285513.1297686,13399,1737285513,58538560,map,0.00909163440494602,0.004164394775570854,0.0,0.0,0.0,0.0
1737285513.2277684,13400,1737285513,58531648,map,0.00909163440494602,0.004164394775570854,0.0,0.0,0.0,0.0
1737285513.3300047,13401,1737285513,258526272,map,0.00909163440494602,0.004164394775570854,0.0,0.0,0.0,0.0
1737285513.4306598,13402,1737285513,258519104,map,0.00909163440494602,0.004164394775570854,0.0,0.0,0.0,0.0
1737285513.5275903,13403,1737285513,458512192,map,0.00909163440494602,0.004164394775570854,0.0,0.0,0.0,0.0
1737285513.6294174,13404,1737285513,458505024,map,0.00909163440494602,0.004164394775570854,0.0,0.0,0.0,0.0
1737285513.7294278,13405,1737285513,658497856,map,0.02727490321483806,0.01249318432671256,0.0,0.0,0.0,0.0
1737285513.8291452,13406,1737285513,658492480,map,0.02727490321483806,0.01249318432671256,0.0,0.0,0.0,0.0
1737285513.9307628,13407,1737285513,858485312,map,0.02727490321483806,0.01249318432671256,0.0,0.0,0.0,0.0
1737285514.0295227,13408,1737285513,858477888,map,0.02727490321483806,0.01249318432671256,0.0,0.0,0.0,0.0
1737285514.1295419,13409,1737285514,58472256,map,0.045458172024730105,0.02082197387785427,0.0,0.0,0.0,0.0
1737285514.227744,13410,1737285514,58465344,map,0.045458172024730105,0.02082197387785427,0.0,0.0,0.0,0.0
1737285514.3279233,13411,1737285514,258458176,map,0.02727490321483806,0.01249318432671256,0.0,0.0,0.0,0.0
1737285514.4290462,13412,1737285514,258451520,map,0.02727490321483806,0.01249318432671256,0.0,0.0,0.0,0.0
1737285514.5306149,13413,1737285514,458444608,map,0.02727490321483806,0.01249318432671256,0.0,0.0,0.0,0.0
1737285514.6305194,13414,1737285514,458438720,map,0.02727490321483806,0.01249318432671256,0.0,0.0,0.0,0.0
1737285514.732585,13415,1737285514,658433088,map,0.03636653761978408,0.016657579102283417,0.0,0.0,0.0,0.0
1737285514.8314044,13416,1737285514,658425664,map,0.03636653761978408,0.016657579102283417,0.0,0.0,0.0,0.0
1737285514.9318652,13417,1737285514,858421568,map,0.02727490321483806,0.01249318432671256,0.0,0.0,0.0,0.0
1737285515.0306518,13418,1737285514,858417728,map,0.02727490321483806,0.01249318432671256,0.0,0.0,0.0,0.0
1737285515.1265361,13419,1737285515,58411328,map,0.02727490321483806,0.01249318432671256,0.0,0.0,0.0,0.0
1737285515.2327356,13420,1737285515,58405696,map,0.02727490321483806,0.01249318432671256,0.0,0.0,0.0,0.0
1737285515.3301108,13421,1737285515,258400576,map,0.00909163440494602,0.004164394775570854,0.0,0.0,0.0,0.0
1737285515.4320073,13422,1737285515,258395456,map,0.00909163440494602,0.004164394775570854,0.0,0.0,0.0,0.0
1737285515.5328398,13423,1737285515,458390592,map,0.045458172024730105,0.02082197387785427,0.0,0.0,0.0,0.0
1737285515.6304975,13424,1737285515,458385984,map,0.045458172024730105,0.02082197387785427,0.0,0.0,0.0,0.0
1737285515.7302132,13425,1737285515,658381376,map,0.03636653761978408,0.016657579102283417,0.0,0.0,0.0,0.0
1737285515.8331976,13426,1737285515,658376256,map,0.03636653761978408,0.016657579102283417,0.0,0.0,0.0,0.0
1737285515.9325495,13427,1737285515,858371136,map,0.01818326880989204,0.008328789551141708,0.0,0.0,0.0,0.0
1737285516.0306096,13428,1737285515,858366272,map,0.01818326880989204,0.008328789551141708,0.0,0.0,0.0,0.0
1737285516.132228,13429,1737285516,58361408,map,0.03636653761978408,0.016657579102283417,0.0,0.0,0.0,0.0
