Time,header.seq,header.stamp.secs,header.stamp.nsecs,header.frame_id,channels_0,channels_1,channels_2,channels_3,channels_4,channels_5,channels_6,channels_7,channels_8,channels_9,channels_10,channels_11,channels_12,channels_13,channels_14,channels_15
1737285429.1319442,12559,1737285429,129868888,,1573,1496,1617,1343,0,0,0,0,0,0,0,0,0,0,0,0
1737285429.2302082,12560,1737285429,228455816,,1415,1635,1469,1527,0,0,0,0,0,0,0,0,0,0,0,0
1737285429.3366241,12561,1737285429,334020232,,1681,1378,1680,1355,0,0,0,0,0,0,0,0,0,0,0,0
1737285429.4368446,12562,1737285429,435457392,,1639,1481,1798,1188,0,0,0,0,0,0,0,0,0,0,0,0
1737285429.5385492,12563,1737285429,537203832,,1668,1337,1540,1493,0,0,0,0,0,0,0,0,0,0,0,0
1737285429.6343482,12564,1737285429,632274992,,1676,1418,1365,1526,0,0,0,0,0,0,0,0,0,0,0,0
1737285429.7313097,12565,1737285429,727870872,,1707,1553,1188,1680,0,0,0,0,0,0,0,0,0,0,0,0
1737285429.8340163,12566,1737285429,831438216,,1724,1406,1193,1601,0,0,0,0,0,0,0,0,0,0,0,0
1737285429.9323523,12567,1737285429,930392352,,1531,1598,1412,1606,0,0,0,0,0,0,0,0,0,0,0,0
1737285430.0327446,12568,1737285430,31993648,,1643,1390,1457,1683,0,0,0,0,0,0,0,0,0,0,0,0
1737285430.1323042,12569,1737285430,128197736,,1607,1343,1701,1510,0,0,0,0,0,0,0,0,0,0,0,0
1737285430.2295198,12570,1737285430,227400920,,1506,1470,1657,1571,0,0,0,0,0,0,0,0,0,0,0,0
1737285430.3319998,12571,1737285430,330698288,,1577,1454,1823,1188,0,0,0,0,0,0,0,0,0,0,0,0
1737285430.428822,12572,1737285430,427405656,,1508,1545,1317,1751,0,0,0,0,0,0,0,0,0,0,0,0
1737285430.5323176,12573,1737285430,530960304,,1651,1415,1597,1476,0,0,0,0,0,0,0,0,0,0,0,0
1737285430.628749,12574,1737285430,627311208,,1605,1542,1188,1745,0,0,0,0,0,0,0,0,0,0,0,0
1737285430.7297835,12575,1737285430,728679112,,1521,1582,1677,1246,0,0,0,0,0,0,0,0,0,0,0,0
1737285430.8310578,12576,1737285430,829881504,,1693,1368,1721,1188,0,0,0,0,0,0,0,0,0,0,0,0
1737285430.9335842,12577,1737285430,931291592,,1571,1510,1639,1369,0,0,0,0,0,0,0,0,0,0,0,0
1737285431.0288427,12578,1737285431,27602496,,1537,1569,1188,1774,0,0,0,0,0,0,0,0,0,0,0,0
1737285431.132032,12579,1737285431,128952952,,1511,1536,1704,1273,0,0,0,0,0,0,0,0,0,0,0,0
1737285431.2293255,12580,1737285431,227782832,,1502,1570,1572,1491,0,0,0,0,0,0,0,0,0,0,0,0
1737285431.3309448,12581,1737285431,329823152,,1523,1575,1274,1716,0,0,0,0,0,0,0,0,0,0,0,0
1737285431.4325387,12582,1737285431,430840984,,1544,1548,1296,1699,0,0,0,0,0,0,0,0,0,0,0,0
1737285431.5310311,12583,1737285431,529874144,,1514,1568,1525,1528,0,0,0,0,0,0,0,0,0,0,0,0
1737285431.6289966,12584,1737285431,628162560,,1567,1585,1188,1787,0,0,0,0,0,0,0,0,0,0,0,0
1737285431.730924,12585,1737285431,729915904,,1562,1540,1188,1740,0,0,0,0,0,0,0,0,0,0,0,0
1737285431.8290126,12586,1737285431,828073040,,1521,1567,1592,1424,0,0,0,0,0,0,0,0,0,0,0,0
1737285431.9328423,12587,1737285431,931735776,,1577,1508,1311,1664,0,0,0,0,0,0,0,0,0,0,0,0
1737285432.0318513,12588,1737285432,28281912,,1616,1456,1418,1615,0,0,0,0,0,0,0,0,0,0,0,0
1737285432.1345227,12589,1737285432,130040352,,1672,1383,1320,1721,0,0,0,0,0,0,0,0,0,0,0,0
1737285432.2300532,12590,1737285432,228676512,,1643,1383,1753,1188,0,0,0,0,0,0,0,0,0,0,0,0
1737285432.3311746,12591,1737285432,329861856,,1515,1546,1529,1548,0,0,0,0,0,0,0,0,0,0,0,0
1737285432.4318755,12592,1737285432,430814736,,1614,1466,1499,1592,0,0,0,0,0,0,0,0,0,0,0,0
1737285432.5310898,12593,1737285432,529804736,,1559,1543,1712,1358,0,0,0,0,0,0,0,0,0,0,0,0
1737285432.632064,12594,1737285432,631295408,,1605,1464,1241,1735,0,0,0,0,0,0,0,0,0,0,0,0
1737285432.728104,12595,1737285432,727526800,,1564,1511,1557,1514,0,0,0,0,0,0,0,0,0,0,0,0
1737285432.8301537,12596,1737285432,828817728,,1669,1414,1607,1474,0,0,0,0,0,0,0,0,0,0,0,0
1737285432.931323,12597,1737285432,930005632,,1551,1554,1749,1188,0,0,0,0,0,0,0,0,0,0,0,0
1737285433.030436,12598,1737285433,28775536,,1579,1513,1553,1496,0,0,0,0,0,0,0,0,0,0,0,0
1737285433.1333377,12599,1737285433,127838880,,1526,1569,1188,1727,0,0,0,0,0,0,0,0,0,0,0,0
1737285433.228271,12600,1737285433,227065504,,1545,1552,1704,1219,0,0,0,0,0,0,0,0,0,0,0,0
1737285433.3305838,12601,1737285433,328697736,,1571,1532,1686,1336,0,0,0,0,0,0,0,0,0,0,0,0
1737285433.431008,12602,1737285433,429713080,,1647,1427,1600,1504,0,0,0,0,0,0,0,0,0,0,0,0
1737285433.5304263,12603,1737285433,528833240,,1574,1480,1442,1632,0,0,0,0,0,0,0,0,0,0,0,0
1737285433.6310253,12604,1737285433,630038048,,1478,1580,1472,1603,0,0,0,0,0,0,0,0,0,0,0,0
1737285433.7325876,12605,1737285433,731672232,,1563,1522,1297,1728,0,0,0,0,0,0,0,0,0,0,0,0
1737285433.8293898,12606,1737285433,828013904,,1573,1520,1607,1510,0,0,0,0,0,0,0,0,0,0,0,0
1737285433.9324079,12607,1737285433,931419576,,1635,1434,1343,1729,0,0,0,0,0,0,0,0,0,0,0,0
1737285434.0285165,12608,1737285434,27921248,,1549,1513,1566,1557,0,0,0,0,0,0,0,0,0,0,0,0
1737285434.1355653,12609,1737285434,131691224,,1555,1519,1506,1630,0,0,0,0,0,0,0,0,0,0,0,0
1737285434.2294078,12610,1737285434,228465128,,1553,1515,1654,1486,0,0,0,0,0,0,0,0,0,0,0,0
1737285434.3284125,12611,1737285434,327689520,,1608,1445,1637,1487,0,0,0,0,0,0,0,0,0,0,0,0
1737285434.4304206,12612,1737285434,429238192,,1623,1426,1391,1670,0,0,0,0,0,0,0,0,0,0,0,0
1737285434.5297723,12613,1737285434,528094768,,1608,1480,1646,1420,0,0,0,0,0,0,0,0,0,0,0,0
1737285434.6285203,12614,1737285434,627006416,,1700,1379,1281,1743,0,0,0,0,0,0,0,0,0,0,0,0
1737285434.7296147,12615,1737285434,728616088,,1679,1362,1741,1226,0,0,0,0,0,0,0,0,0,0,0,0
1737285434.83198,12616,1737285434,829919920,,1627,1433,1542,1527,0,0,0,0,0,0,0,0,0,0,0,0
1737285434.9319549,12617,1737285434,930889080,,1559,1564,1188,1768,0,0,0,0,0,0,0,0,0,0,0,0
1737285435.0286813,12618,1737285435,27661704,,1569,1520,1638,1406,0,0,0,0,0,0,0,0,0,0,0,0
1737285435.1314394,12619,1737285435,128915864,,1494,1596,1266,1723,0,0,0,0,0,0,0,0,0,0,0,0
1737285435.2312515,12620,1737285435,230152768,,1586,1494,1579,1513,0,0,0,0,0,0,0,0,0,0,0,0
1737285435.3296592,12621,1737285435,328884160,,1674,1377,1449,1662,0,0,0,0,0,0,0,0,0,0,0,0
1737285435.4286633,12622,1737285435,427847016,,1638,1409,1782,1188,0,0,0,0,0,0,0,0,0,0,0,0
1737285435.5309398,12623,1737285435,529029104,,1606,1439,1472,1625,0,0,0,0,0,0,0,0,0,0,0,0
1737285435.6334693,12624,1737285435,630600936,,1542,1525,1484,1614,0,0,0,0,0,0,0,0,0,0,0,0
1737285435.73071,12625,1737285435,729857840,,1651,1408,1590,1534,0,0,0,0,0,0,0,0,0,0,0,0
1737285435.8297553,12626,1737285435,828942464,,1591,1489,1741,1312,0,0,0,0,0,0,0,0,0,0,0,0
1737285435.9335585,12627,1737285435,932648576,,1664,1353,1390,1687,0,0,0,0,0,0,0,0,0,0,0,0
1737285436.0296726,12628,1737285436,28629968,,1588,1481,1584,1531,0,0,0,0,0,0,0,0,0,0,0,0
1737285436.1338744,12629,1737285436,132347616,,1653,1422,1567,1572,0,0,0,0,0,0,0,0,0,0,0,0
1737285436.231682,12630,1737285436,230949496,,1540,1558,1203,1795,0,0,0,0,0,0,0,0,0,0,0,0
1737285436.3359787,12631,1737285436,335093840,,1646,1404,1512,1608,0,0,0,0,0,0,0,0,0,0,0,0
1737285436.4363487,12632,1737285436,434026768,,1639,1403,1765,1212,0,0,0,0,0,0,0,0,0,0,0,0
1737285436.5340471,12633,1737285436,532584928,,1489,1591,1535,1582,0,0,0,0,0,0,0,0,0,0,0,0
1737285436.6319199,12634,1737285436,630626088,,1584,1497,1443,1658,0,0,0,0,0,0,0,0,0,0,0,0
1737285436.7329051,12635,1737285436,731871272,,1534,1548,1728,1304,0,0,0,0,0,0,0,0,0,0,0,0
1737285436.829538,12636,1737285436,827422432,,1562,1526,1593,1514,0,0,0,0,0,0,0,0,0,0,0,0
1737285436.9327166,12637,1737285436,931317288,,1668,1375,1276,1725,0,0,0,0,0,0,0,0,0,0,0,0
1737285437.030753,12638,1737285437,29770960,,1653,1407,1653,1409,0,0,0,0,0,0,0,0,0,0,0,0
1737285437.1376114,12639,1737285437,136992744,,1645,1411,1466,1598,0,0,0,0,0,0,0,0,0,0,0,0
1737285437.2307816,12640,1737285437,230075600,,1585,1489,1703,1293,0,0,0,0,0,0,0,0,0,0,0,0
1737285437.3309822,12641,1737285437,329661784,,1650,1403,1376,1656,0,0,0,0,0,0,0,0,0,0,0,0
1737285437.4288313,12642,1737285437,428089200,,1663,1395,1329,1691,0,0,0,0,0,0,0,0,0,0,0,0
1737285437.5295675,12643,1737285437,529079336,,1663,1388,1757,1188,0,0,0,0,0,0,0,0,0,0,0,0
1737285437.6321423,12644,1737285437,630686008,,1635,1432,1527,1583,0,0,0,0,0,0,0,0,0,0,0,0
1737285437.7306678,12645,1737285437,729590192,,1635,1441,1468,1650,0,0,0,0,0,0,0,0,0,0,0,0
1737285437.830074,12646,1737285437,828544304,,1567,1503,1763,1188,0,0,0,0,0,0,0,0,0,0,0,0
1737285437.93192,12647,1737285437,929780696,,1524,1543,1381,1669,0,0,0,0,0,0,0,0,0,0,0,0
1737285438.0302832,12648,1737285438,28525296,,1635,1441,1251,1739,0,0,0,0,0,0,0,0,0,0,0,0
1737285438.1347182,12649,1737285438,127493152,,1687,1376,1331,1720,0,0,0,0,0,0,0,0,0,0,0,0
1737285438.2301087,12650,1737285438,228599752,,1608,1461,1757,1188,0,0,0,0,0,0,0,0,0,0,0,0
1737285438.3307095,12651,1737285438,330210888,,1639,1415,1454,1619,0,0,0,0,0,0,0,0,0,0,0,0
1737285438.4302368,12652,1737285438,428590952,,1615,1464,1674,1395,0,0,0,0,0,0,0,0,0,0,0,0
1737285438.5292711,12653,1737285438,527515736,,1627,1462,1460,1653,0,0,0,0,0,0,0,0,0,0,0,0
1737285438.630533,12654,1737285438,628925080,,1628,1441,1535,1591,0,0,0,0,0,0,0,0,0,0,0,0
1737285438.7283523,12655,1737285438,727381984,,1557,1524,1613,1515,0,0,0,0,0,0,0,0,0,0,0,0
1737285438.8304436,12656,1737285438,829160120,,1479,1598,1243,1780,0,0,0,0,0,0,0,0,0,0,0,0
1737285438.9324753,12657,1737285438,930932720,,1633,1431,1504,1642,0,0,0,0,0,0,0,0,0,0,0,0
1737285439.0282192,12658,1737285439,26821624,,1526,1541,1408,1697,0,0,0,0,0,0,0,0,0,0,0,0
1737285439.1364317,12659,1737285439,130462624,,1704,1310,1706,1401,0,0,0,0,0,0,0,0,0,0,0,0
1737285439.2292755,12660,1737285439,226913848,,1659,1378,1615,1515,0,0,0,0,0,0,0,0,0,0,0,0
1737285439.3295941,12661,1737285439,328386512,,1497,1565,1201,1776,0,0,0,0,0,0,0,0,0,0,0,0
1737285439.4310665,12662,1737285439,429413504,,1564,1529,1188,1788,0,0,0,0,0,0,0,0,0,0,0,0
1737285439.5305636,12663,1737285439,528732272,,1567,1513,1483,1600,0,0,0,0,0,0,0,0,0,0,0,0
1737285439.6298676,12664,1737285439,627497896,,1520,1575,1354,1684,0,0,0,0,0,0,0,0,0,0,0,0
1737285439.7340076,12665,1737285439,731514008,,1694,1355,1298,1711,0,0,0,0,0,0,0,0,0,0,0,0
1737285439.829991,12666,1737285439,827872096,,1671,1394,1308,1706,0,0,0,0,0,0,0,0,0,0,0,0
1737285439.9340043,12667,1737285439,929657720,,1631,1458,1758,1188,0,0,0,0,0,0,0,0,0,0,0,0
1737285440.0292656,12668,1737285440,28154624,,1704,1389,1188,1780,0,0,0,0,0,0,0,0,0,0,0,0
1737285440.134113,12669,1737285440,129727736,,1629,1452,1754,1188,0,0,0,0,0,0,0,0,0,0,0,0
1737285440.2297626,12670,1737285440,228323128,,1644,1448,1536,1559,0,0,0,0,0,0,0,0,0,0,0,0
1737285440.3293753,12671,1737285440,327881192,,1672,1414,1554,1550,0,0,0,0,0,0,0,0,0,0,0,0
1737285440.4304497,12672,1737285440,428855168,,1617,1488,1775,1188,0,0,0,0,0,0,0,0,0,0,0,0
1737285440.5296285,12673,1737285440,527765840,,1651,1429,1417,1666,0,0,0,0,0,0,0,0,0,0,0,0
1737285440.6304724,12674,1737285440,629651184,,1584,1513,1765,1188,0,0,0,0,0,0,0,0,0,0,0,0
1737285440.7295506,12675,1737285440,728579064,,1641,1447,1430,1649,0,0,0,0,0,0,0,0,0,0,0,0
1737285440.8288937,12676,1737285440,827409920,,1639,1469,1708,1354,0,0,0,0,0,0,0,0,0,0,0,0
1737285440.9284801,12677,1737285440,927271872,,1604,1507,1295,1731,0,0,0,0,0,0,0,0,0,0,0,0
1737285441.0329354,12678,1737285441,30882776,,1533,1568,1746,1188,0,0,0,0,0,0,0,0,0,0,0,0
1737285441.1293256,12679,1737285441,127878376,,1579,1533,1357,1665,0,0,0,0,0,0,0,0,0,0,0,0
1737285441.2284124,12680,1737285441,226856816,,1519,1635,1188,1774,0,0,0,0,0,0,0,0,0,0,0,0
1737285441.329642,12681,1737285441,328569440,,1600,1518,1401,1674,0,0,0,0,0,0,0,0,0,0,0,0
1737285441.42844,12682,1737285441,427438320,,1516,1593,1188,1780,0,0,0,0,0,0,0,0,0,0,0,0
1737285441.53029,12683,1737285441,529440712,,1621,1467,1589,1519,0,0,0,0,0,0,0,0,0,0,0,0
1737285441.6298113,12684,1737285441,628373408,,1548,1557,1651,1471,0,0,0,0,0,0,0,0,0,0,0,0
1737285441.7286627,12685,1737285441,727293568,,1619,1479,1194,1783,0,0,0,0,0,0,0,0,0,0,0,0
1737285441.829694,12686,1737285441,828284752,,1594,1495,1698,1343,0,0,0,0,0,0,0,0,0,0,0,0
1737285441.9328039,12687,1737285441,930458912,,1648,1454,1435,1625,0,0,0,0,0,0,0,0,0,0,0,0
1737285442.0306625,12688,1737285442,28771280,,1634,1501,1463,1620,0,0,0,0,0,0,0,0,0,0,0,0
1737285442.1344972,12689,1737285442,130031576,,1639,1482,1492,1590,0,0,0,0,0,0,0,0,0,0,0,0
1737285442.230544,12690,1737285442,228755480,,1519,1610,1601,1501,0,0,0,0,0,0,0,0,0,0,0,0
1737285442.332273,12691,1737285442,330293336,,1610,1496,1701,1320,0,0,0,0,0,0,0,0,0,0,0,0
1737285442.4314609,12692,1737285442,429155496,,1622,1502,1315,1719,0,0,0,0,0,0,0,0,0,0,0,0
1737285442.5290902,12693,1737285442,528089240,,1628,1474,1626,1432,0,0,0,0,0,0,0,0,0,0,0,0
1737285442.6309059,12694,1737285442,629594912,,1683,1420,1481,1620,0,0,0,0,0,0,0,0,0,0,0,0
1737285442.7304428,12695,1737285442,728207816,,1594,1533,1499,1625,0,0,0,0,0,0,0,0,0,0,0,0
1737285442.8287532,12696,1737285442,827534672,,1456,1645,1529,1593,0,0,0,0,0,0,0,0,0,0,0,0
1737285442.9322724,12697,1737285442,930364088,,1590,1514,1513,1601,0,0,0,0,0,0,0,0,0,0,0,0
1737285443.0278573,12698,1737285443,26620016,,1562,1540,1749,1188,0,0,0,0,0,0,0,0,0,0,0,0
1737285443.1343267,12699,1737285443,132687944,,1595,1526,1407,1638,0,0,0,0,0,0,0,0,0,0,0,0
1737285443.2332845,12700,1737285443,231687128,,1643,1491,1567,1515,0,0,0,0,0,0,0,0,0,0,0,0
1737285443.3316991,12701,1737285443,330235216,,1634,1496,1418,1641,0,0,0,0,0,0,0,0,0,0,0,0
1737285443.4307125,12702,1737285443,429308072,,1508,1628,1481,1625,0,0,0,0,0,0,0,0,0,0,0,0
1737285443.5316403,12703,1737285443,530977624,,1604,1503,1655,1412,0,0,0,0,0,0,0,0,0,0,0,0
1737285443.6304474,12704,1737285443,628619200,,1581,1544,1772,1188,0,0,0,0,0,0,0,0,0,0,0,0
1737285443.7309842,12705,1737285443,729259616,,1577,1544,1388,1673,0,0,0,0,0,0,0,0,0,0,0,0
1737285443.8288713,12706,1737285443,827980960,,1444,1650,1369,1676,0,0,0,0,0,0,0,0,0,0,0,0
1737285443.9390755,12707,1737285443,937945256,,1569,1565,1246,1754,0,0,0,0,0,0,0,0,0,0,0,0
1737285444.030082,12708,1737285444,28505856,,1543,1584,1741,1260,0,0,0,0,0,0,0,0,0,0,0,0
1737285444.1280422,12709,1737285444,126718992,,1584,1531,1277,1711,0,0,0,0,0,0,0,0,0,0,0,0
1737285444.2290418,12710,1737285444,228192360,,1724,1357,1654,1412,0,0,0,0,0,0,0,0,0,0,0,0
1737285444.3326054,12711,1737285444,331449424,,1717,1354,1737,1250,0,0,0,0,0,0,0,0,0,0,0,0
1737285444.43191,12712,1737285444,430203024,,1674,1426,1662,1421,0,0,0,0,0,0,0,0,0,0,0,0
1737285444.5313509,12713,1737285444,527288112,,1694,1394,1712,1359,0,0,0,0,0,0,0,0,0,0,0,0
1737285444.6300607,12714,1737285444,628176736,,1733,1285,1750,1238,0,0,0,0,0,0,0,0,0,0,0,0
1737285444.728357,12715,1737285444,727107408,,1675,1425,1460,1653,0,0,0,0,0,0,0,0,0,0,0,0
1737285444.8352385,12716,1737285444,831601752,,1580,1537,1616,1496,0,0,0,0,0,0,0,0,0,0,0,0
1737285444.9290304,12717,1737285444,928198120,,1686,1403,1761,1188,0,0,0,0,0,0,0,0,0,0,0,0
1737285445.031145,12718,1737285445,29432440,,1680,1426,1293,1706,0,0,0,0,0,0,0,0,0,0,0,0
1737285445.1337483,12719,1737285445,128088112,,1717,1359,1721,1237,0,0,0,0,0,0,0,0,0,0,0,0
1737285445.2302995,12720,1737285445,229173528,,1670,1446,1413,1642,0,0,0,0,0,0,0,0,0,0,0,0
1737285445.3291156,12721,1737285445,328107152,,1680,1460,1188,1780,0,0,0,0,0,0,0,0,0,0,0,0
1737285445.4311466,12722,1737285445,427017376,,1626,1488,1266,1738,0,0,0,0,0,0,0,0,0,0,0,0
1737285445.5304036,12723,1737285445,529194952,,1565,1558,1412,1682,0,0,0,0,0,0,0,0,0,0,0,0
1737285445.6293793,12724,1737285445,627980112,,1679,1402,1629,1483,0,0,0,0,0,0,0,0,0,0,0,0
1737285445.7300885,12725,1737285445,729334344,,1561,1551,1604,1555,0,0,0,0,0,0,0,0,0,0,0,0
1737285445.830981,12726,1737285445,830116992,,1653,1412,1376,1721,0,0,0,0,0,0,0,0,0,0,0,0
1737285445.931202,12727,1737285445,929558992,,1633,1439,1401,1690,0,0,0,0,0,0,0,0,0,0,0,0
1737285446.0318084,12728,1737285446,30961752,,1691,1382,1730,1362,0,0,0,0,0,0,0,0,0,0,0,0
1737285446.1292605,12729,1737285446,127514744,,1619,1474,1583,1553,0,0,0,0,0,0,0,0,0,0,0,0
1737285446.2340324,12730,1737285446,229169160,,1680,1381,1266,1748,0,0,0,0,0,0,0,0,0,0,0,0
1737285446.3308203,12731,1737285446,330134760,,1656,1427,1384,1688,0,0,0,0,0,0,0,0,0,0,0,0
1737285446.4356668,12732,1737285446,429475616,,1585,1530,1663,1426,0,0,0,0,0,0,0,0,0,0,0,0
1737285446.5292754,12733,1737285446,527550960,,1580,1536,1637,1465,0,0,0,0,0,0,0,0,0,0,0,0
1737285446.630273,12734,1737285446,628727888,,1637,1484,1188,1777,0,0,0,0,0,0,0,0,0,0,0,0
1737285446.7281187,12735,1737285446,727170256,,1614,1486,1499,1574,0,0,0,0,0,0,0,0,0,0,0,0
1737285446.8295028,12736,1737285446,828449672,,1635,1463,1718,1267,0,0,0,0,0,0,0,0,0,0,0,0
1737285446.9313343,12737,1737285446,930466784,,1696,1370,1572,1498,0,0,0,0,0,0,0,0,0,0,0,0
1737285447.030285,12738,1737285447,29083408,,1672,1449,1188,1777,0,0,0,0,0,0,0,0,0,0,0,0
1737285447.1293077,12739,1737285447,128293408,,1692,1358,1653,1398,0,0,0,0,0,0,0,0,0,0,0,0
1737285447.228498,12740,1737285447,227303544,,1512,1589,1243,1743,0,0,0,0,0,0,0,0,0,0,0,0
1737285447.3304746,12741,1737285447,329078192,,1569,1540,1435,1669,0,0,0,0,0,0,0,0,0,0,0,0
1737285447.4294033,12742,1737285447,427963560,,1542,1573,1449,1675,0,0,0,0,0,0,0,0,0,0,0,0
1737285447.5281897,12743,1737285447,527548952,,1618,1480,1638,1497,0,0,0,0,0,0,0,0,0,0,0,0
1737285447.6273699,12744,1737285447,626323880,,1617,1459,1468,1628,0,0,0,0,0,0,0,0,0,0,0,0
1737285447.7310107,12745,1737285447,730499224,,1665,1418,1657,1461,0,0,0,0,0,0,0,0,0,0,0,0
1737285447.8460712,12746,1737285447,827077872,,1519,1590,1609,1541,0,0,0,0,0,0,0,0,0,0,0,0
1737285447.9336267,12747,1737285447,931918424,,1547,1554,1200,1797,0,0,0,0,0,0,0,0,0,0,0,0
1737285448.0285027,12748,1737285448,27747512,,1583,1520,1591,1541,0,0,0,0,0,0,0,0,0,0,0,0
1737285448.1349828,12749,1737285448,131723648,,1502,1605,1326,1739,0,0,0,0,0,0,0,0,0,0,0,0
1737285448.2296453,12750,1737285448,228070040,,1573,1538,1694,1399,0,0,0,0,0,0,0,0,0,0,0,0
1737285448.331194,12751,1737285448,329749384,,1693,1386,1278,1740,0,0,0,0,0,0,0,0,0,0,0,0
1737285448.4301748,12752,1737285448,428846800,,1686,1407,1636,1427,0,0,0,0,0,0,0,0,0,0,0,0
1737285448.5297592,12753,1737285448,528052216,,1697,1412,1658,1371,0,0,0,0,0,0,0,0,0,0,0,0
1737285448.6303627,12754,1737285448,628944584,,1711,1391,1735,1199,0,0,0,0,0,0,0,0,0,0,0,0
1737285448.733553,12755,1737285448,730837792,,1693,1414,1709,1301,0,0,0,0,0,0,0,0,0,0,0,0
1737285448.8289282,12756,1737285448,826953464,,1575,1552,1580,1535,0,0,0,0,0,0,0,0,0,0,0,0
1737285448.9306588,12757,1737285448,928940672,,1565,1562,1718,1413,0,0,0,0,0,0,0,0,0,0,0,0
1737285449.029706,12758,1737285449,28146016,,1508,1596,1188,1805,0,0,0,0,0,0,0,0,0,0,0,0
1737285449.1290305,12759,1737285449,127143664,,1489,1574,1587,1505,0,0,0,0,0,0,0,0,0,0,0,0
1737285449.2334688,12760,1737285449,230946848,,1537,1585,1567,1566,0,0,0,0,0,0,0,0,0,0,0,0
1737285449.3332574,12761,1737285449,330963960,,1660,1454,1705,1413,0,0,0,0,0,0,0,0,0,0,0,0
1737285449.428759,12762,1737285449,427213840,,1610,1492,1314,1751,0,0,0,0,0,0,0,0,0,0,0,0
1737285449.5286987,12763,1737285449,526992512,,1585,1519,1673,1464,0,0,0,0,0,0,0,0,0,0,0,0
1737285449.6296444,12764,1737285449,628989832,,1553,1548,1260,1780,0,0,0,0,0,0,0,0,0,0,0,0
1737285449.7287502,12765,1737285449,727958432,,1594,1501,1665,1463,0,0,0,0,0,0,0,0,0,0,0,0
1737285449.8354967,12766,1737285449,834604056,,1592,1504,1685,1422,0,0,0,0,0,0,0,0,0,0,0,0
1737285449.9376364,12767,1737285449,936118168,,1686,1390,1522,1617,0,0,0,0,0,0,0,0,0,0,0,0
1737285450.03445,12768,1737285450,32904256,,1702,1359,1566,1563,0,0,0,0,0,0,0,0,0,0,0,0
1737285450.133801,12769,1737285450,129858832,,1724,1322,1702,1397,0,0,0,0,0,0,0,0,0,0,0,0
1737285450.2301931,12770,1737285450,228785640,,1672,1410,1736,1341,0,0,0,0,0,0,0,0,0,0,0,0
1737285450.3290508,12771,1737285450,327850240,,1658,1415,1760,1245,0,0,0,0,0,0,0,0,0,0,0,0
1737285450.4279907,12772,1737285450,426805280,,1696,1378,1450,1645,0,0,0,0,0,0,0,0,0,0,0,0
1737285450.5308561,12773,1737285450,529186136,,1686,1419,1325,1715,0,0,0,0,0,0,0,0,0,0,0,0
1737285450.629828,12774,1737285450,628282040,,1682,1428,1529,1571,0,0,0,0,0,0,0,0,0,0,0,0
1737285450.7291636,12775,1737285450,727932224,,1623,1523,1212,1784,0,0,0,0,0,0,0,0,0,0,0,0
1737285450.8312612,12776,1737285450,826758592,,1730,1350,1655,1460,0,0,0,0,0,0,0,0,0,0,0,0
1737285450.9315865,12777,1737285450,930618984,,1554,1572,1471,1656,0,0,0,0,0,0,0,0,0,0,0,0
1737285451.030797,12778,1737285451,29691192,,1613,1488,1600,1497,0,0,0,0,0,0,0,0,0,0,0,0
1737285451.1296928,12779,1737285451,126638280,,1586,1546,1742,1274,0,0,0,0,0,0,0,0,0,0,0,0
1737285451.2322505,12780,1737285451,230756440,,1705,1382,1628,1475,0,0,0,0,0,0,0,0,0,0,0,0
1737285451.3292568,12781,1737285451,327640504,,1653,1443,1577,1538,0,0,0,0,0,0,0,0,0,0,0,0
1737285451.4306955,12782,1737285451,429047872,,1698,1383,1308,1748,0,0,0,0,0,0,0,0,0,0,0,0
1737285451.5319421,12783,1737285451,530820032,,1663,1431,1403,1704,0,0,0,0,0,0,0,0,0,0,0,0
1737285451.6290343,12784,1737285451,627793912,,1641,1463,1761,1277,0,0,0,0,0,0,0,0,0,0,0,0
1737285451.7280123,12785,1737285451,727077528,,1680,1410,1536,1571,0,0,0,0,0,0,0,0,0,0,0,0
1737285451.8299518,12786,1737285451,829118176,,1642,1469,1563,1540,0,0,0,0,0,0,0,0,0,0,0,0
1737285451.9356139,12787,1737285451,929017984,,1580,1542,1337,1713,0,0,0,0,0,0,0,0,0,0,0,0
1737285452.029091,12788,1737285452,27307144,,1601,1510,1647,1442,0,0,0,0,0,0,0,0,0,0,0,0
1737285452.1278334,12789,1737285452,126517144,,1638,1469,1779,1229,0,0,0,0,0,0,0,0,0,0,0,0
1737285452.2313178,12790,1737285452,227772144,,1665,1394,1668,1451,0,0,0,0,0,0,0,0,0,0,0,0
1737285452.3281052,12791,1737285452,326990064,,1463,1617,1488,1669,0,0,0,0,0,0,0,0,0,0,0,0
1737285452.4294667,12792,1737285452,427870248,,1670,1381,1379,1748,0,0,0,0,0,0,0,0,0,0,0,0
1737285452.529096,12793,1737285452,528017152,,1488,1580,1543,1614,0,0,0,0,0,0,0,0,0,0,0,0
1737285452.628298,12794,1737285452,626965032,,1653,1403,1542,1622,0,0,0,0,0,0,0,0,0,0,0,0
1737285452.7302213,12795,1737285452,728828328,,1564,1506,1657,1495,0,0,0,0,0,0,0,0,0,0,0,0
1737285452.82929,12796,1737285452,828008184,,1665,1381,1788,1290,0,0,0,0,0,0,0,0,0,0,0,0
1737285452.9316838,12797,1737285452,929846320,,1477,1608,1572,1628,0,0,0,0,0,0,0,0,0,0,0,0
1737285453.0303802,12798,1737285453,29441784,,1568,1510,1513,1679,0,0,0,0,0,0,0,0,0,0,0,0
1737285453.127446,12799,1737285453,126189408,,1715,1285,1668,1520,0,0,0,0,0,0,0,0,0,0,0,0
1737285453.2296646,12800,1737285453,227790008,,1613,1476,1693,1489,0,0,0,0,0,0,0,0,0,0,0,0
1737285453.3282275,12801,1737285453,326939936,,1552,1539,1434,1723,0,0,0,0,0,0,0,0,0,0,0,0
1737285453.4325452,12802,1737285453,430974560,,1677,1373,1671,1484,0,0,0,0,0,0,0,0,0,0,0,0
1737285453.5327723,12803,1737285453,530566648,,1585,1551,1822,1188,0,0,0,0,0,0,0,0,0,0,0,0
1737285453.6285107,12804,1737285453,627427064,,1638,1460,1595,1522,0,0,0,0,0,0,0,0,0,0,0,0
1737285453.7272332,12805,1737285453,726617384,,1662,1405,1359,1671,0,0,0,0,0,0,0,0,0,0,0,0
1737285453.8292851,12806,1737285453,828029448,,1554,1538,1328,1668,0,0,0,0,0,0,0,0,0,0,0,0
1737285453.9329832,12807,1737285453,930581096,,1524,1590,1616,1456,0,0,0,0,0,0,0,0,0,0,0,0
1737285454.0275352,12808,1737285454,26550232,,1619,1491,1476,1634,0,0,0,0,0,0,0,0,0,0,0,0
1737285454.14678,12809,1737285454,128916344,,1674,1380,1538,1584,0,0,0,0,0,0,0,0,0,0,0,0
1737285454.2293825,12810,1737285454,227634968,,1522,1586,1798,1237,0,0,0,0,0,0,0,0,0,0,0,0
1737285454.3285046,12811,1737285454,326688848,,1575,1520,1240,1785,0,0,0,0,0,0,0,0,0,0,0,0
1737285454.4295526,12812,1737285454,428367216,,1589,1503,1398,1690,0,0,0,0,0,0,0,0,0,0,0,0
1737285454.5325015,12813,1737285454,529754840,,1669,1455,1429,1695,0,0,0,0,0,0,0,0,0,0,0,0
1737285454.6273992,12814,1737285454,626664280,,1656,1476,1697,1432,0,0,0,0,0,0,0,0,0,0,0,0
1737285454.7279103,12815,1737285454,726619928,,1533,1610,1462,1681,0,0,0,0,0,0,0,0,0,0,0,0
1737285454.8293104,12816,1737285454,828162320,,1532,1587,1774,1235,0,0,0,0,0,0,0,0,0,0,0,0
1737285454.936316,12817,1737285454,935361736,,1610,1530,1631,1508,0,0,0,0,0,0,0,0,0,0,0,0
1737285455.028306,12818,1737285455,26998640,,1553,1568,1700,1385,0,0,0,0,0,0,0,0,0,0,0,0
1737285455.127414,12819,1737285455,125955424,,1529,1585,1563,1558,0,0,0,0,0,0,0,0,0,0,0,0
1737285455.2295165,12820,1737285455,228154560,,1661,1454,1225,1777,0,0,0,0,0,0,0,0,0,0,0,0
1737285455.3284042,12821,1737285455,327668232,,1645,1448,1407,1655,0,0,0,0,0,0,0,0,0,0,0,0
1737285455.4324296,12822,1737285455,431467928,,1670,1447,1489,1614,0,0,0,0,0,0,0,0,0,0,0,0
1737285455.536368,12823,1737285455,535474832,,1687,1437,1750,1313,0,0,0,0,0,0,0,0,0,0,0,0
1737285455.6381786,12824,1737285455,637560944,,1668,1439,1765,1270,0,0,0,0,0,0,0,0,0,0,0,0
1737285455.7354739,12825,1737285455,734686640,,1714,1380,1679,1445,0,0,0,0,0,0,0,0,0,0,0,0
1737285455.8344727,12826,1737285455,833723472,,1601,1515,1257,1740,0,0,0,0,0,0,0,0,0,0,0,0
1737285455.927767,12827,1737285455,926509352,,1625,1485,1693,1337,0,0,0,0,0,0,0,0,0,0,0,0
1737285456.026426,12828,1737285456,25703232,,1736,1382,1532,1598,0,0,0,0,0,0,0,0,0,0,0,0
1737285456.1285288,12829,1737285456,127910832,,1606,1550,1470,1636,0,0,0,0,0,0,0,0,0,0,0,0
1737285456.2307484,12830,1737285456,229512040,,1562,1582,1662,1419,0,0,0,0,0,0,0,0,0,0,0,0
1737285456.3293443,12831,1737285456,328581664,,1688,1417,1726,1289,0,0,0,0,0,0,0,0,0,0,0,0
1737285456.4290712,12832,1737285456,427595032,,1691,1440,1790,1188,0,0,0,0,0,0,0,0,0,0,0,0
1737285456.5293922,12833,1737285456,526809168,,1593,1507,1581,1497,0,0,0,0,0,0,0,0,0,0,0,0
1737285456.6314433,12834,1737285456,629108000,,1566,1555,1659,1426,0,0,0,0,0,0,0,0,0,0,0,0
1737285456.7301984,12835,1737285456,727804440,,1610,1521,1492,1620,0,0,0,0,0,0,0,0,0,0,0,0
1737285456.828378,12836,1737285456,826507856,,1542,1593,1777,1188,0,0,0,0,0,0,0,0,0,0,0,0
1737285456.9357464,12837,1737285456,930428152,,1676,1393,1581,1465,0,0,0,0,0,0,0,0,0,0,0,0
1737285457.030797,12838,1737285457,29593680,,1663,1441,1581,1487,0,0,0,0,0,0,0,0,0,0,0,0
1737285457.1350179,12839,1737285457,129338680,,1716,1382,1646,1469,0,0,0,0,0,0,0,0,0,0,0,0
1737285457.229701,12840,1737285457,228543672,,1626,1470,1605,1535,0,0,0,0,0,0,0,0,0,0,0,0
1737285457.3319743,12841,1737285457,330482944,,1558,1536,1188,1792,0,0,0,0,0,0,0,0,0,0,0,0
1737285457.430702,12842,1737285457,429488032,,1673,1402,1748,1307,0,0,0,0,0,0,0,0,0,0,0,0
1737285457.5296977,12843,1737285457,528494032,,1572,1592,1188,1819,0,0,0,0,0,0,0,0,0,0,0,0
1737285457.6294324,12844,1737285457,627507032,,1519,1583,1602,1489,0,0,0,0,0,0,0,0,0,0,0,0
1737285457.7293913,12845,1737285457,726339800,,1656,1459,1423,1679,0,0,0,0,0,0,0,0,0,0,0,0
1737285457.8289292,12846,1737285457,828018656,,1557,1546,1651,1435,0,0,0,0,0,0,0,0,0,0,0,0
1737285457.9289627,12847,1737285457,927517256,,1471,1622,1345,1708,0,0,0,0,0,0,0,0,0,0,0,0
1737285458.0271978,12848,1737285458,25831136,,1475,1602,1697,1327,0,0,0,0,0,0,0,0,0,0,0,0
1737285458.129197,12849,1737285458,127567480,,1567,1534,1638,1430,0,0,0,0,0,0,0,0,0,0,0,0
1737285458.2283309,12850,1737285458,226932176,,1629,1455,1212,1736,0,0,0,0,0,0,0,0,0,0,0,0
1737285458.3271987,12851,1737285458,325981568,,1680,1366,1574,1482,0,0,0,0,0,0,0,0,0,0,0,0
1737285458.4309769,12852,1737285458,429978240,,1461,1664,1188,1781,0,0,0,0,0,0,0,0,0,0,0,0
1737285458.52843,12853,1737285458,526491424,,1531,1582,1559,1550,0,0,0,0,0,0,0,0,0,0,0,0
1737285458.6321552,12854,1737285458,630272304,,1594,1507,1562,1531,0,0,0,0,0,0,0,0,0,0,0,0
1737285458.728577,12855,1737285458,726561488,,1480,1632,1286,1750,0,0,0,0,0,0,0,0,0,0,0,0
1737285458.8302,12856,1737285458,828559904,,1501,1599,1262,1763,0,0,0,0,0,0,0,0,0,0,0,0
1737285458.9320562,12857,1737285458,930463016,,1669,1408,1757,1308,0,0,0,0,0,0,0,0,0,0,0,0
1737285459.0357962,12858,1737285459,27394224,,1667,1425,1198,1802,0,0,0,0,0,0,0,0,0,0,0,0
1737285459.1316407,12859,1737285459,126810224,,1643,1457,1702,1406,0,0,0,0,0,0,0,0,0,0,0,0
1737285459.2317517,12860,1737285459,230244616,,1514,1602,1699,1376,0,0,0,0,0,0,0,0,0,0,0,0
1737285459.328977,12861,1737285459,327732264,,1633,1491,1582,1533,0,0,0,0,0,0,0,0,0,0,0,0
1737285459.431044,12862,1737285459,429224400,,1707,1352,1577,1503,0,0,0,0,0,0,0,0,0,0,0,0
1737285459.5273342,12863,1737285459,525933208,,1571,1572,1599,1528,0,0,0,0,0,0,0,0,0,0,0,0
1737285459.6322358,12864,1737285459,630234832,,1672,1448,1449,1692,0,0,0,0,0,0,0,0,0,0,0,0
1737285459.7286353,12865,1737285459,727259688,,1662,1441,1719,1439,0,0,0,0,0,0,0,0,0,0,0,0
1737285459.8320453,12866,1737285459,830679776,,1507,1604,1619,1583,0,0,0,0,0,0,0,0,0,0,0,0
1737285459.9312994,12867,1737285459,930121704,,1662,1458,1828,1188,0,0,0,0,0,0,0,0,0,0,0,0
1737285460.0273597,12868,1737285460,26417560,,1698,1410,1737,1349,0,0,0,0,0,0,0,0,0,0,0,0
1737285460.1344373,12869,1737285460,128109184,,1538,1662,1188,1825,0,0,0,0,0,0,0,0,0,0,0,0
1737285460.228412,12870,1737285460,227461600,,1639,1505,1788,1188,0,0,0,0,0,0,0,0,0,0,0,0
1737285460.3285599,12871,1737285460,326808712,,1665,1447,1620,1465,0,0,0,0,0,0,0,0,0,0,0,0
1737285460.4324338,12872,1737285460,430650264,,1423,1679,1211,1746,0,0,0,0,0,0,0,0,0,0,0,0
1737285460.5319712,12873,1737285460,530270352,,1459,1669,1405,1682,0,0,0,0,0,0,0,0,0,0,0,0
1737285460.6312382,12874,1737285460,629603464,,1584,1550,1667,1467,0,0,0,0,0,0,0,0,0,0,0,0
1737285460.7295656,12875,1737285460,728347784,,1606,1485,1293,1751,0,0,0,0,0,0,0,0,0,0,0,0
1737285460.8287325,12876,1737285460,827296944,,1621,1478,1742,1352,0,0,0,0,0,0,0,0,0,0,0,0
1737285460.9319484,12877,1737285460,929604104,,1484,1623,1769,1298,0,0,0,0,0,0,0,0,0,0,0,0
1737285461.0358422,12878,1737285461,33810168,,1475,1626,1284,1746,0,0,0,0,0,0,0,0,0,0,0,0
1737285461.1273727,12879,1737285461,126553744,,1626,1502,1539,1580,0,0,0,0,0,0,0,0,0,0,0,0
1737285461.2382026,12880,1737285461,234584112,,1536,1598,1722,1330,0,0,0,0,0,0,0,0,0,0,0,0
1737285461.3355021,12881,1737285461,333796248,,1717,1428,1188,1823,0,0,0,0,0,0,0,0,0,0,0,0
1737285461.4281914,12882,1737285461,427046336,,1537,1563,1551,1567,0,0,0,0,0,0,0,0,0,0,0,0
1737285461.5322394,12883,1737285461,530802704,,1657,1440,1737,1336,0,0,0,0,0,0,0,0,0,0,0,0
1737285461.6337686,12884,1737285461,627614144,,1658,1430,1423,1680,0,0,0,0,0,0,0,0,0,0,0,0
1737285461.7292776,12885,1737285461,727386560,,1565,1535,1451,1654,0,0,0,0,0,0,0,0,0,0,0,0
1737285461.8304677,12886,1737285461,828649720,,1644,1455,1745,1280,0,0,0,0,0,0,0,0,0,0,0,0
1737285461.9317107,12887,1737285461,930130296,,1673,1488,1188,1805,0,0,0,0,0,0,0,0,0,0,0,0
1737285462.0283768,12888,1737285462,26813152,,1482,1617,1651,1384,0,0,0,0,0,0,0,0,0,0,0,0
1737285462.1276276,12889,1737285462,126245544,,1544,1582,1282,1729,0,0,0,0,0,0,0,0,0,0,0,0
1737285462.2287982,12890,1737285462,227406936,,1629,1517,1794,1188,0,0,0,0,0,0,0,0,0,0,0,0
1737285462.3306637,12891,1737285462,326358536,,1470,1610,1190,1752,0,0,0,0,0,0,0,0,0,0,0,0
1737285462.4296238,12892,1737285462,428504976,,1566,1550,1738,1315,0,0,0,0,0,0,0,0,0,0,0,0
1737285462.532544,12893,1737285462,530215136,,1671,1470,1188,1819,0,0,0,0,0,0,0,0,0,0,0,0
1737285462.6283472,12894,1737285462,626724552,,1422,1649,1224,1761,0,0,0,0,0,0,0,0,0,0,0,0
1737285462.7279162,12895,1737285462,725686688,,1633,1467,1664,1442,0,0,0,0,0,0,0,0,0,0,0,0
1737285462.8314188,12896,1737285462,829229688,,1654,1457,1646,1470,0,0,0,0,0,0,0,0,0,0,0,0
1737285462.928653,12897,1737285462,926524424,,1592,1541,1740,1329,0,0,0,0,0,0,0,0,0,0,0,0
1737285463.0284941,12898,1737285463,25510256,,1499,1650,1188,1807,0,0,0,0,0,0,0,0,0,0,0,0
1737285463.134262,12899,1737285463,127245904,,1653,1463,1773,1218,0,0,0,0,0,0,0,0,0,0,0,0
1737285463.2278037,12900,1737285463,226583272,,1488,1625,1645,1455,0,0,0,0,0,0,0,0,0,0,0,0
1737285463.3318994,12901,1737285463,328747592,,1621,1486,1282,1741,0,0,0,0,0,0,0,0,0,0,0,0
1737285463.428991,12902,1737285463,427245960,,1622,1485,1690,1402,0,0,0,0,0,0,0,0,0,0,0,0
1737285463.530793,12903,1737285463,529223776,,1501,1622,1188,1788,0,0,0,0,0,0,0,0,0,0,0,0
1737285463.6331415,12904,1737285463,625719168,,1529,1591,1573,1556,0,0,0,0,0,0,0,0,0,0,0,0
1737285463.7308457,12905,1737285463,728227072,,1699,1432,1821,1188,0,0,0,0,0,0,0,0,0,0,0,0
1737285463.8279152,12906,1737285463,826653488,,1689,1423,1188,1802,0,0,0,0,0,0,0,0,0,0,0,0
1737285463.9281306,12907,1737285463,926414880,,1586,1515,1585,1516,0,0,0,0,0,0,0,0,0,0,0,0
1737285464.0290575,12908,1737285464,27252528,,1508,1625,1336,1722,0,0,0,0,0,0,0,0,0,0,0,0
1737285464.1362817,12909,1737285464,127308456,,1698,1431,1521,1631,0,0,0,0,0,0,0,0,0,0,0,0
1737285464.2278118,12910,1737285464,226457104,,1604,1540,1724,1388,0,0,0,0,0,0,0,0,0,0,0,0
1737285464.330364,12911,1737285464,329925144,,1545,1649,1188,1822,0,0,0,0,0,0,0,0,0,0,0,0
1737285464.4283864,12912,1737285464,426552768,,1553,1606,1249,1755,0,0,0,0,0,0,0,0,0,0,0,0
1737285464.5279238,12913,1737285464,526459184,,1742,1373,1761,1232,0,0,0,0,0,0,0,0,0,0,0,0
1737285464.6315463,12914,1737285464,630051920,,1533,1636,1698,1401,0,0,0,0,0,0,0,0,0,0,0,0
1737285464.728947,12915,1737285464,727403896,,1717,1418,1735,1371,0,0,0,0,0,0,0,0,0,0,0,0
1737285464.827852,12916,1737285464,826254544,,1696,1475,1833,1188,0,0,0,0,0,0,0,0,0,0,0,0
1737285464.927928,12917,1737285464,926405632,,1617,1556,1188,1809,0,0,0,0,0,0,0,0,0,0,0,0
1737285465.030669,12918,1737285465,29861976,,1604,1526,1496,1603,0,0,0,0,0,0,0,0,0,0,0,0
1737285465.1282651,12919,1737285465,127174112,,1519,1633,1630,1493,0,0,0,0,0,0,0,0,0,0,0,0
1737285465.2280188,12920,1737285465,226373784,,1607,1569,1663,1496,0,0,0,0,0,0,0,0,0,0,0,0
1737285465.3279712,12921,1737285465,326386664,,1664,1487,1702,1418,0,0,0,0,0,0,0,0,0,0,0,0
1737285465.4279015,12922,1737285465,427212008,,1560,1600,1306,1754,0,0,0,0,0,0,0,0,0,0,0,0
1737285465.528049,12923,1737285465,526460656,,1626,1527,1191,1785,0,0,0,0,0,0,0,0,0,0,0,0
1737285465.629494,12924,1737285465,628314208,,1580,1573,1556,1592,0,0,0,0,0,0,0,0,0,0,0,0
1737285465.7290318,12925,1737285465,727905112,,1510,1624,1627,1530,0,0,0,0,0,0,0,0,0,0,0,0
1737285465.829766,12926,1737285465,828927736,,1550,1590,1516,1654,0,0,0,0,0,0,0,0,0,0,0,0
1737285465.9271543,12927,1737285465,926063336,,1553,1584,1588,1591,0,0,0,0,0,0,0,0,0,0,0,0
1737285466.0283291,12928,1737285466,27030496,,1630,1491,1785,1242,0,0,0,0,0,0,0,0,0,0,0,0
1737285466.1353738,12929,1737285466,129213376,,1551,1583,1567,1565,0,0,0,0,0,0,0,0,0,0,0,0
1737285466.2289288,12930,1737285466,228118488,,1700,1444,1238,1797,0,0,0,0,0,0,0,0,0,0,0,0
1737285466.328164,12931,1737285466,327174880,,1590,1574,1634,1525,0,0,0,0,0,0,0,0,0,0,0,0
1737285466.4354725,12932,1737285466,434089760,,1596,1530,1462,1643,0,0,0,0,0,0,0,0,0,0,0,0
1737285466.5273335,12933,1737285466,526262824,,1714,1407,1598,1547,0,0,0,0,0,0,0,0,0,0,0,0
1737285466.6362357,12934,1737285466,634380192,,1744,1325,1782,1193,0,0,0,0,0,0,0,0,0,0,0,0
1737285466.7353868,12935,1737285466,734034656,,1674,1475,1803,1188,0,0,0,0,0,0,0,0,0,0,0,0
1737285466.828276,12936,1737285466,827004536,,1713,1397,1552,1601,0,0,0,0,0,0,0,0,0,0,0,0
1737285466.9281716,12937,1737285466,926567928,,1743,1325,1708,1422,0,0,0,0,0,0,0,0,0,0,0,0
1737285467.0283892,12938,1737285467,27161576,,1669,1435,1681,1462,0,0,0,0,0,0,0,0,0,0,0,0
1737285467.1283424,12939,1737285467,126516360,,1701,1387,1735,1360,0,0,0,0,0,0,0,0,0,0,0,0
1737285467.2291932,12940,1737285467,228310984,,1636,1471,1668,1408,0,0,0,0,0,0,0,0,0,0,0,0
1737285467.3285708,12941,1737285467,326994536,,1705,1394,1691,1338,0,0,0,0,0,0,0,0,0,0,0,0
1737285467.427261,12942,1737285467,426076440,,1665,1479,1427,1640,0,0,0,0,0,0,0,0,0,0,0,0
1737285467.5309606,12943,1737285467,529925040,,1706,1433,1469,1639,0,0,0,0,0,0,0,0,0,0,0,0
1737285467.6281056,12944,1737285467,626698408,,1449,1684,1468,1657,0,0,0,0,0,0,0,0,0,0,0,0
1737285467.7285354,12945,1737285467,726220312,,1565,1555,1269,1763,0,0,0,0,0,0,0,0,0,0,0,0
1737285467.8318145,12946,1737285467,827739560,,1650,1458,1694,1408,0,0,0,0,0,0,0,0,0,0,0,0
1737285467.931267,12947,1737285467,929713344,,1708,1397,1748,1329,0,0,0,0,0,0,0,0,0,0,0,0
1737285468.0273848,12948,1737285468,26285824,,1683,1440,1789,1241,0,0,0,0,0,0,0,0,0,0,0,0
1737285468.1353629,12949,1737285468,128019376,,1690,1421,1754,1298,0,0,0,0,0,0,0,0,0,0,0,0
1737285468.2315624,12950,1737285468,230152696,,1624,1494,1302,1713,0,0,0,0,0,0,0,0,0,0,0,0
1737285468.3282788,12951,1737285468,326943624,,1661,1481,1744,1188,0,0,0,0,0,0,0,0,0,0,0,0
1737285468.4284065,12952,1737285468,425853032,,1621,1534,1563,1494,0,0,0,0,0,0,0,0,0,0,0,0
1737285468.5292418,12953,1737285468,527964008,,1580,1607,1463,1662,0,0,0,0,0,0,0,0,0,0,0,0
1737285468.6306858,12954,1737285468,628951400,,1544,1594,1732,1346,0,0,0,0,0,0,0,0,0,0,0,0
1737285468.7305064,12955,1737285468,728584768,,1491,1620,1425,1675,0,0,0,0,0,0,0,0,0,0,0,0
1737285468.8316057,12956,1737285468,829894904,,1655,1467,1449,1687,0,0,0,0,0,0,0,0,0,0,0,0
1737285468.930595,12957,1737285468,929317088,,1644,1474,1681,1457,0,0,0,0,0,0,0,0,0,0,0,0
1737285469.029292,12958,1737285469,28263152,,1693,1469,1188,1818,0,0,0,0,0,0,0,0,0,0,0,0
1737285469.1283357,12959,1737285469,127443776,,1662,1447,1742,1191,0,0,0,0,0,0,0,0,0,0,0,0
1737285469.2273092,12960,1737285469,226430400,,1698,1418,1708,1296,0,0,0,0,0,0,0,0,0,0,0,0
1737285469.327987,12961,1737285469,326250976,,1594,1571,1659,1432,0,0,0,0,0,0,0,0,0,0,0,0
1737285469.4293535,12962,1737285469,428211320,,1595,1562,1648,1475,0,0,0,0,0,0,0,0,0,0,0,0
1737285469.5305333,12963,1737285469,529615408,,1660,1511,1826,1188,0,0,0,0,0,0,0,0,0,0,0,0
1737285469.6274278,12964,1737285469,626388288,,1702,1405,1744,1338,0,0,0,0,0,0,0,0,0,0,0,0
1737285469.7273781,12965,1737285469,726188888,,1694,1429,1802,1188,0,0,0,0,0,0,0,0,0,0,0,0
1737285469.8283105,12966,1737285469,827147512,,1682,1431,1493,1623,0,0,0,0,0,0,0,0,0,0,0,0
1737285469.9302986,12967,1737285469,929583744,,1612,1529,1401,1691,0,0,0,0,0,0,0,0,0,0,0,0
1737285470.0292501,12968,1737285470,28590184,,1679,1467,1377,1738,0,0,0,0,0,0,0,0,0,0,0,0
1737285470.127776,12969,1737285470,125898064,,1589,1583,1188,1827,0,0,0,0,0,0,0,0,0,0,0,0
1737285470.2296777,12970,1737285470,227929896,,1616,1507,1501,1618,0,0,0,0,0,0,0,0,0,0,0,0
1737285470.3296037,12971,1737285470,328174336,,1501,1637,1482,1645,0,0,0,0,0,0,0,0,0,0,0,0
1737285470.4310572,12972,1737285470,429634936,,1668,1462,1311,1747,0,0,0,0,0,0,0,0,0,0,0,0
1737285470.528042,12973,1737285470,526778352,,1746,1300,1754,1242,0,0,0,0,0,0,0,0,0,0,0,0
1737285470.6287622,12974,1737285470,627824512,,1707,1418,1639,1501,0,0,0,0,0,0,0,0,0,0,0,0
1737285470.7265391,12975,1737285470,725534392,,1746,1335,1720,1385,0,0,0,0,0,0,0,0,0,0,0,0
1737285470.8307948,12976,1737285470,828898064,,1583,1566,1599,1561,0,0,0,0,0,0,0,0,0,0,0,0
1737285470.9298902,12977,1737285470,928556920,,1540,1606,1569,1595,0,0,0,0,0,0,0,0,0,0,0,0
1737285471.0267532,12978,1737285471,25240520,,1545,1599,1650,1508,0,0,0,0,0,0,0,0,0,0,0,0
1737285471.129628,12979,1737285471,127304168,,1698,1433,1825,1188,0,0,0,0,0,0,0,0,0,0,0,0
1737285471.2275712,12980,1737285471,226489304,,1480,1628,1481,1633,0,0,0,0,0,0,0,0,0,0,0,0
1737285471.3269281,12981,1737285471,325829368,,1651,1465,1627,1502,0,0,0,0,0,0,0,0,0,0,0,0
1737285471.4292712,12982,1737285471,427901968,,1704,1387,1666,1462,0,0,0,0,0,0,0,0,0,0,0,0
1737285471.536016,12983,1737285471,534214104,,1690,1420,1522,1643,0,0,0,0,0,0,0,0,0,0,0,0
1737285471.638468,12984,1737285471,636407984,,1652,1473,1423,1719,0,0,0,0,0,0,0,0,0,0,0,0
1737285471.7279446,12985,1737285471,726318400,,1543,1590,1558,1616,0,0,0,0,0,0,0,0,0,0,0,0
1737285471.8312218,12986,1737285471,829657584,,1604,1515,1612,1535,0,0,0,0,0,0,0,0,0,0,0,0
1737285471.930913,12987,1737285471,929205744,,1673,1456,1757,1327,0,0,0,0,0,0,0,0,0,0,0,0
1737285472.0275297,12988,1737285472,25718856,,1670,1461,1475,1660,0,0,0,0,0,0,0,0,0,0,0,0
1737285472.1274717,12989,1737285472,125666688,,1727,1372,1622,1531,0,0,0,0,0,0,0,0,0,0,0,0
1737285472.2307386,12990,1737285472,229460872,,1667,1461,1373,1727,0,0,0,0,0,0,0,0,0,0,0,0
1737285472.3268511,12991,1737285472,325973520,,1746,1326,1452,1686,0,0,0,0,0,0,0,0,0,0,0,0
1737285472.428764,12992,1737285472,427783400,,1665,1445,1578,1579,0,0,0,0,0,0,0,0,0,0,0,0
1737285472.529124,12993,1737285472,527205536,,1583,1542,1455,1695,0,0,0,0,0,0,0,0,0,0,0,0
1737285472.6270902,12994,1737285472,625998160,,1637,1481,1801,1264,0,0,0,0,0,0,0,0,0,0,0,0
1737285472.729008,12995,1737285472,727431504,,1634,1525,1188,1840,0,0,0,0,0,0,0,0,0,0,0,0
1737285472.829527,12996,1737285472,828538128,,1649,1458,1736,1330,0,0,0,0,0,0,0,0,0,0,0,0
1737285472.9286578,12997,1737285472,927722920,,1721,1400,1801,1188,0,0,0,0,0,0,0,0,0,0,0,0
1737285473.0279133,12998,1737285473,27024936,,1567,1565,1405,1685,0,0,0,0,0,0,0,0,0,0,0,0
1737285473.1278005,12999,1737285473,126451936,,1592,1544,1482,1645,0,0,0,0,0,0,0,0,0,0,0,0
1737285473.2295704,13000,1737285473,225634936,,1707,1390,1482,1667,0,0,0,0,0,0,0,0,0,0,0,0
1737285473.3289373,13001,1737285473,327021672,,1615,1499,1763,1290,0,0,0,0,0,0,0,0,0,0,0,0
1737285473.4281652,13002,1737285473,425984904,,1719,1336,1707,1371,0,0,0,0,0,0,0,0,0,0,0,0
1737285473.529551,13003,1737285473,527918504,,1614,1526,1692,1396,0,0,0,0,0,0,0,0,0,0,0,0
1737285473.6280503,13004,1737285473,626966664,,1627,1515,1544,1572,0,0,0,0,0,0,0,0,0,0,0,0
1737285473.7297697,13005,1737285473,726993496,,1706,1437,1558,1597,0,0,0,0,0,0,0,0,0,0,0,0
1737285473.8274236,13006,1737285473,825823560,,1626,1522,1769,1300,0,0,0,0,0,0,0,0,0,0,0,0
1737285473.9326444,13007,1737285473,930099488,,1661,1467,1669,1493,0,0,0,0,0,0,0,0,0,0,0,0
1737285474.0282307,13008,1737285474,26640600,,1585,1556,1758,1372,0,0,0,0,0,0,0,0,0,0,0,0
1737285474.127425,13009,1737285474,125879128,,1515,1621,1256,1800,0,0,0,0,0,0,0,0,0,0,0,0
1737285474.2281299,13010,1737285474,226933008,,1548,1594,1355,1734,0,0,0,0,0,0,0,0,0,0,0,0
1737285474.3276825,13011,1737285474,326436352,,1620,1526,1655,1439,0,0,0,0,0,0,0,0,0,0,0,0
1737285474.4291246,13012,1737285474,427593232,,1520,1643,1595,1531,0,0,0,0,0,0,0,0,0,0,0,0
1737285474.5317295,13013,1737285474,530337904,,1669,1488,1707,1416,0,0,0,0,0,0,0,0,0,0,0,0
1737285474.6300619,13014,1737285474,628987784,,1659,1491,1599,1556,0,0,0,0,0,0,0,0,0,0,0,0
1737285474.7290545,13015,1737285474,728064432,,1487,1647,1345,1736,0,0,0,0,0,0,0,0,0,0,0,0
1737285474.8302104,13016,1737285474,829339544,,1645,1496,1626,1529,0,0,0,0,0,0,0,0,0,0,0,0
1737285474.928789,13017,1737285474,926691936,,1701,1402,1609,1541,0,0,0,0,0,0,0,0,0,0,0,0
1737285475.02774,13018,1737285475,25591608,,1528,1610,1306,1760,0,0,0,0,0,0,0,0,0,0,0,0
1737285475.127421,13019,1737285475,125607768,,1563,1572,1653,1456,0,0,0,0,0,0,0,0,0,0,0,0
1737285475.2289066,13020,1737285475,226564440,,1548,1620,1771,1292,0,0,0,0,0,0,0,0,0,0,0,0
1737285475.3290238,13021,1737285475,326510136,,1596,1544,1673,1444,0,0,0,0,0,0,0,0,0,0,0,0
1737285475.428948,13022,1737285475,427620784,,1646,1492,1575,1584,0,0,0,0,0,0,0,0,0,0,0,0
1737285475.5262744,13023,1737285475,524817056,,1614,1524,1625,1554,0,0,0,0,0,0,0,0,0,0,0,0
1737285475.6302903,13024,1737285475,629278096,,1641,1456,1522,1641,0,0,0,0,0,0,0,0,0,0,0,0
1737285475.7274594,13025,1737285475,726091744,,1676,1418,1652,1524,0,0,0,0,0,0,0,0,0,0,0,0
1737285475.8313537,13026,1737285475,829676880,,1564,1577,1704,1483,0,0,0,0,0,0,0,0,0,0,0,0
1737285475.9306889,13027,1737285475,929559432,,1605,1545,1188,1830,0,0,0,0,0,0,0,0,0,0,0,0
1737285476.0274115,13028,1737285476,25805824,,1528,1602,1793,1188,0,0,0,0,0,0,0,0,0,0,0,0
1737285476.1287174,13029,1737285476,127477472,,1645,1465,1394,1670,0,0,0,0,0,0,0,0,0,0,0,0
1737285476.2275817,13030,1737285476,226527400,,1677,1484,1803,1188,0,0,0,0,0,0,0,0,0,0,0,0
1737285476.3274167,13031,1737285476,325878232,,1700,1430,1636,1532,0,0,0,0,0,0,0,0,0,0,0,0
1737285476.4315712,13032,1737285476,429769344,,1759,1295,1780,1290,0,0,0,0,0,0,0,0,0,0,0,0
1737285476.5310822,13033,1737285476,529609736,,1689,1455,1831,1188,0,0,0,0,0,0,0,0,0,0,0,0
1737285476.6310973,13034,1737285476,630468104,,1629,1530,1826,1188,0,0,0,0,0,0,0,0,0,0,0,0
1737285476.7325137,13035,1737285476,730559752,,1541,1607,1540,1618,0,0,0,0,0,0,0,0,0,0,0,0
1737285476.8303812,13036,1737285476,829537912,,1511,1626,1469,1665,0,0,0,0,0,0,0,0,0,0,0,0
1737285476.9292123,13037,1737285476,928894072,,1490,1643,1743,1348,0,0,0,0,0,0,0,0,0,0,0,0
1737285477.028236,13038,1737285477,26926184,,1649,1488,1620,1546,0,0,0,0,0,0,0,0,0,0,0,0
1737285477.1265771,13039,1737285477,125781808,,1759,1301,1613,1562,0,0,0,0,0,0,0,0,0,0,0,0
1737285477.2378109,13040,1737285477,236266944,,1617,1514,1557,1608,0,0,0,0,0,0,0,0,0,0,0,0
1737285477.3317678,13041,1737285477,329818360,,1644,1499,1661,1520,0,0,0,0,0,0,0,0,0,0,0,0
1737285477.4371338,13042,1737285477,425462984,,1724,1369,1694,1445,0,0,0,0,0,0,0,0,0,0,0,0
1737285477.5285568,13043,1737285477,527012424,,1658,1467,1656,1482,0,0,0,0,0,0,0,0,0,0,0,0
1737285477.6265423,13044,1737285477,625764816,,1515,1624,1748,1350,0,0,0,0,0,0,0,0,0,0,0,0
1737285477.7264607,13045,1737285477,725410208,,1702,1394,1735,1345,0,0,0,0,0,0,0,0,0,0,0,0
1737285477.828437,13046,1737285477,827177088,,1655,1460,1716,1379,0,0,0,0,0,0,0,0,0,0,0,0
1737285477.927913,13047,1737285477,925959688,,1670,1448,1663,1487,0,0,0,0,0,0,0,0,0,0,0,0
1737285478.028816,13048,1737285478,26952848,,1650,1479,1699,1446,0,0,0,0,0,0,0,0,0,0,0,0
1737285478.1313336,13049,1737285478,128204752,,1628,1495,1346,1744,0,0,0,0,0,0,0,0,0,0,0,0
1737285478.2270944,13050,1737285478,225171680,,1450,1677,1444,1704,0,0,0,0,0,0,0,0,0,0,0,0
1737285478.327752,13051,1737285478,326653536,,1638,1512,1266,1800,0,0,0,0,0,0,0,0,0,0,0,0
1737285478.4266315,13052,1737285478,425405344,,1619,1511,1689,1408,0,0,0,0,0,0,0,0,0,0,0,0
1737285478.526976,13053,1737285478,525333776,,1693,1427,1736,1303,0,0,0,0,0,0,0,0,0,0,0,0
1737285478.6277263,13054,1737285478,626653608,,1736,1385,1441,1694,0,0,0,0,0,0,0,0,0,0,0,0
1737285478.72675,13055,1737285478,725869696,,1737,1358,1408,1729,0,0,0,0,0,0,0,0,0,0,0,0
1737285478.8267827,13056,1737285478,825256088,,1762,1268,1704,1452,0,0,0,0,0,0,0,0,0,0,0,0
1737285478.9287496,13057,1737285478,927732016,,1678,1468,1853,1188,0,0,0,0,0,0,0,0,0,0,0,0
1737285479.027971,13058,1737285479,26394640,,1670,1447,1477,1684,0,0,0,0,0,0,0,0,0,0,0,0
1737285479.1348073,13059,1737285479,128456640,,1699,1393,1767,1262,0,0,0,0,0,0,0,0,0,0,0,0
1737285479.229163,13060,1737285479,225127896,,1673,1443,1758,1265,0,0,0,0,0,0,0,0,0,0,0,0
1737285479.3307126,13061,1737285479,326667848,,1705,1411,1678,1391,0,0,0,0,0,0,0,0,0,0,0,0
1737285479.425834,13062,1737285479,424934728,,1675,1483,1419,1659,0,0,0,0,0,0,0,0,0,0,0,0
1737285479.5279086,13063,1737285479,526408376,,1725,1417,1309,1736,0,0,0,0,0,0,0,0,0,0,0,0
1737285479.6268418,13064,1737285479,625536440,,1463,1673,1477,1638,0,0,0,0,0,0,0,0,0,0,0,0
1737285479.7288249,13065,1737285479,727797296,,1577,1582,1188,1801,0,0,0,0,0,0,0,0,0,0,0,0
1737285479.8304539,13066,1737285479,829254432,,1542,1592,1510,1617,0,0,0,0,0,0,0,0,0,0,0,0
1737285479.9298813,13067,1737285479,928847008,,1709,1391,1776,1227,0,0,0,0,0,0,0,0,0,0,0,0
1737285480.0274408,13068,1737285480,25335512,,1696,1423,1718,1390,0,0,0,0,0,0,0,0,0,0,0,0
1737285480.135889,13069,1737285480,127290832,,1631,1507,1693,1444,0,0,0,0,0,0,0,0,0,0,0,0
1737285480.2297962,13070,1737285480,228252432,,1640,1479,1297,1763,0,0,0,0,0,0,0,0,0,0,0,0
1737285480.3268197,13071,1737285480,325848544,,1537,1593,1697,1395,0,0,0,0,0,0,0,0,0,0,0,0
1737285480.4306521,13072,1737285480,429579912,,1523,1632,1592,1558,0,0,0,0,0,0,0,0,0,0,0,0
1737285480.531387,13073,1737285480,529324280,,1661,1498,1772,1305,0,0,0,0,0,0,0,0,0,0,0,0
1737285480.6309392,13074,1737285480,628175440,,1652,1489,1632,1508,0,0,0,0,0,0,0,0,0,0,0,0
1737285480.7294486,13075,1737285480,727737296,,1569,1587,1599,1535,0,0,0,0,0,0,0,0,0,0,0,0
1737285480.8282173,13076,1737285480,826548504,,1637,1533,1671,1466,0,0,0,0,0,0,0,0,0,0,0,0
1737285480.9270988,13077,1737285480,925392592,,1685,1466,1712,1431,0,0,0,0,0,0,0,0,0,0,0,0
1737285481.0277488,13078,1737285481,27016752,,1520,1618,1219,1800,0,0,0,0,0,0,0,0,0,0,0,0
1737285481.1337187,13079,1737285481,129111704,,1590,1551,1670,1480,0,0,0,0,0,0,0,0,0,0,0,0
1737285481.2268956,13080,1737285481,226222120,,1619,1530,1396,1738,0,0,0,0,0,0,0,0,0,0,0,0
1737285481.3288088,13081,1737285481,327750720,,1465,1659,1751,1367,0,0,0,0,0,0,0,0,0,0,0,0
1737285481.429959,13082,1737285481,428760160,,1517,1597,1257,1770,0,0,0,0,0,0,0,0,0,0,0,0
1737285481.5273712,13083,1737285481,526127344,,1689,1449,1799,1225,0,0,0,0,0,0,0,0,0,0,0,0
1737285481.628905,13084,1737285481,627348224,,1664,1475,1353,1727,0,0,0,0,0,0,0,0,0,0,0,0
1737285481.728051,13085,1737285481,727023152,,1485,1646,1246,1764,0,0,0,0,0,0,0,0,0,0,0,0
1737285481.8279638,13086,1737285481,826235776,,1740,1358,1714,1391,0,0,0,0,0,0,0,0,0,0,0,0
1737285481.9281118,13087,1737285481,927240632,,1651,1498,1679,1477,0,0,0,0,0,0,0,0,0,0,0,0
1737285482.0275164,13088,1737285482,26098512,,1658,1463,1548,1627,0,0,0,0,0,0,0,0,0,0,0,0
1737285482.1273093,13089,1737285482,125760392,,1459,1653,1352,1756,0,0,0,0,0,0,0,0,0,0,0,0
1737285482.226547,13090,1737285482,224557992,,1638,1479,1679,1463,0,0,0,0,0,0,0,0,0,0,0,0
1737285482.3313768,13091,1737285482,329697688,,1655,1432,1771,1235,0,0,0,0,0,0,0,0,0,0,0,0
1737285482.432117,13092,1737285482,430762568,,1520,1605,1430,1676,0,0,0,0,0,0,0,0,0,0,0,0
1737285482.5373962,13093,1737285482,535928472,,1705,1392,1206,1786,0,0,0,0,0,0,0,0,0,0,0,0
1737285482.6364393,13094,1737285482,634958888,,1569,1540,1650,1454,0,0,0,0,0,0,0,0,0,0,0,0
1737285482.7292025,13095,1737285482,728500280,,1626,1485,1426,1690,0,0,0,0,0,0,0,0,0,0,0,0
1737285482.8299959,13096,1737285482,828879160,,1685,1399,1680,1448,0,0,0,0,0,0,0,0,0,0,0,0
1737285482.9300501,13097,1737285482,928449808,,1523,1595,1438,1679,0,0,0,0,0,0,0,0,0,0,0,0
1737285483.0266285,13098,1737285483,25216992,,1497,1663,1188,1821,0,0,0,0,0,0,0,0,0,0,0,0
1737285483.128039,13099,1737285483,127134336,,1649,1474,1584,1544,0,0,0,0,0,0,0,0,0,0,0,0
1737285483.2303302,13100,1737285483,228961680,,1575,1594,1809,1188,0,0,0,0,0,0,0,0,0,0,0,0
1737285483.3273206,13101,1737285483,326129048,,1638,1491,1378,1706,0,0,0,0,0,0,0,0,0,0,0,0
1737285483.4261916,13102,1737285483,425020976,,1544,1604,1802,1188,0,0,0,0,0,0,0,0,0,0,0,0
1737285483.5281496,13103,1737285483,527226624,,1634,1441,1517,1562,0,0,0,0,0,0,0,0,0,0,0,0
1737285483.628543,13104,1737285483,626079040,,1588,1536,1762,1232,0,0,0,0,0,0,0,0,0,0,0,0
1737285483.7290184,13105,1737285483,727704688,,1595,1529,1232,1759,0,0,0,0,0,0,0,0,0,0,0,0
1737285483.8282435,13106,1737285483,826908872,,1567,1584,1638,1510,0,0,0,0,0,0,0,0,0,0,0,0
1737285483.929396,13107,1737285483,928430264,,1563,1599,1638,1531,0,0,0,0,0,0,0,0,0,0,0,0
1737285484.026348,13108,1737285484,25426192,,1691,1447,1746,1379,0,0,0,0,0,0,0,0,0,0,0,0
1737285484.1254985,13109,1737285484,124383208,,1555,1596,1659,1500,0,0,0,0,0,0,0,0,0,0,0,0
1737285484.2276182,13110,1737285484,226252040,,1659,1491,1635,1546,0,0,0,0,0,0,0,0,0,0,0,0
1737285484.3296888,13111,1737285484,328261592,,1580,1569,1587,1577,0,0,0,0,0,0,0,0,0,0,0,0
1737285484.4253592,13112,1737285484,424833496,,1505,1640,1380,1723,0,0,0,0,0,0,0,0,0,0,0,0
1737285484.5303452,13113,1737285484,529135496,,1669,1504,1594,1567,0,0,0,0,0,0,0,0,0,0,0,0
1737285484.6297002,13114,1737285484,627992496,,1497,1674,1547,1595,0,0,0,0,0,0,0,0,0,0,0,0
1737285484.7305815,13115,1737285484,725164496,,1641,1549,1337,1754,0,0,0,0,0,0,0,0,0,0,0,0
1737285484.8307807,13116,1737285484,826447648,,1566,1584,1365,1716,0,0,0,0,0,0,0,0,0,0,0,0
1737285484.927836,13117,1737285484,926073808,,1554,1580,1527,1600,0,0,0,0,0,0,0,0,0,0,0,0
1737285485.028258,13118,1737285485,27076968,,1524,1624,1476,1674,0,0,0,0,0,0,0,0,0,0,0,0
1737285485.1274848,13119,1737285485,127092664,,1606,1547,1761,1343,0,0,0,0,0,0,0,0,0,0,0,0
1737285485.2274766,13120,1737285485,225814288,,1568,1585,1496,1654,0,0,0,0,0,0,0,0,0,0,0,0
1737285485.3266177,13121,1737285485,325315216,,1694,1360,1690,1542,0,0,0,0,0,0,0,0,0,0,0,0
1737285485.4276254,13122,1737285485,426562584,,1623,1396,1519,1764,0,0,0,0,0,0,0,0,0,0,0,0
1737285485.526664,13123,1737285485,526015488,,1504,1380,1441,1908,0,0,0,0,0,0,0,0,0,0,0,0
1737285485.6284363,13124,1737285485,627591392,,1620,1188,1620,1811,0,0,0,0,0,0,0,0,0,0,0,0
1737285485.7284174,13125,1737285485,727536272,,1408,1443,1600,1863,0,0,0,0,0,0,0,0,0,0,0,0
1737285485.8275983,13126,1737285485,826422152,,1576,1539,1727,1581,0,0,0,0,0,0,0,0,0,0,0,0
1737285485.9298446,13127,1737285485,928288312,,1751,1555,1491,1548,0,0,0,0,0,0,0,0,0,0,0,0
1737285486.0267506,13128,1737285486,25043216,,1788,1494,1188,1694,0,0,0,0,0,0,0,0,0,0,0,0
1737285486.1315827,13129,1737285486,125084280,,1848,1666,1204,1229,0,0,0,0,0,0,0,0,0,0,0,0
1737285486.2276862,13130,1737285486,226559464,,1720,1728,1566,1188,0,0,0,0,0,0,0,0,0,0,0,0
1737285486.3269703,13131,1737285486,326060064,,1612,1702,1597,1258,0,0,0,0,0,0,0,0,0,0,0,0
1737285486.4258084,13132,1737285486,425095408,,1470,1724,1727,1379,0,0,0,0,0,0,0,0,0,0,0,0
1737285486.5268078,13133,1737285486,525304032,,1656,1499,1765,1407,0,0,0,0,0,0,0,0,0,0,0,0
1737285486.6277876,13134,1737285486,626744960,,1508,1565,1439,1805,0,0,0,0,0,0,0,0,0,0,0,0
1737285486.7297053,13135,1737285486,728934888,,1620,1421,1694,1621,0,0,0,0,0,0,0,0,0,0,0,0
1737285486.8267243,13136,1737285486,825340744,,1632,1433,1468,1785,0,0,0,0,0,0,0,0,0,0,0,0
1737285486.9287612,13137,1737285486,927383536,,1662,1466,1677,1583,0,0,0,0,0,0,0,0,0,0,0,0
1737285487.0267768,13138,1737285487,25883744,,1719,1421,1742,1421,0,0,0,0,0,0,0,0,0,0,0,0
1737285487.1268163,13139,1737285487,125567088,,1585,1603,1630,1501,0,0,0,0,0,0,0,0,0,0,0,0
1737285487.2259145,13140,1737285487,224448944,,1732,1457,1315,1737,0,0,0,0,0,0,0,0,0,0,0,0
1737285487.3276463,13141,1737285487,326729872,,1533,1674,1531,1622,0,0,0,0,0,0,0,0,0,0,0,0
1737285487.4269404,13142,1737285487,425994008,,1684,1498,1411,1714,0,0,0,0,0,0,0,0,0,0,0,0
1737285487.5269449,13143,1737285487,526016864,,1621,1536,1573,1571,0,0,0,0,0,0,0,0,0,0,0,0
1737285487.6312125,13144,1737285487,629902464,,1676,1475,1751,1380,0,0,0,0,0,0,0,0,0,0,0,0
1737285487.7326736,13145,1737285487,730210600,,1494,1655,1382,1760,0,0,0,0,0,0,0,0,0,0,0,0
1737285487.8299575,13146,1737285487,828797784,,1597,1548,1612,1575,0,0,0,0,0,0,0,0,0,0,0,0
1737285487.9371588,13147,1737285487,936038224,,1650,1491,1805,1266,0,0,0,0,0,0,0,0,0,0,0,0
1737285488.0330958,13148,1737285488,32088616,,1509,1621,1254,1779,0,0,0,0,0,0,0,0,0,0,0,0
1737285488.1333349,13149,1737285488,131197800,,1636,1518,1677,1448,0,0,0,0,0,0,0,0,0,0,0,0
1737285488.2367334,13150,1737285488,235665936,,1539,1587,1682,1394,0,0,0,0,0,0,0,0,0,0,0,0
1737285488.3263533,13151,1737285488,325198864,,1578,1545,1775,1201,0,0,0,0,0,0,0,0,0,0,0,0
1737285488.425504,13152,1737285488,424299304,,1712,1394,1188,1795,0,0,0,0,0,0,0,0,0,0,0,0
1737285488.5283995,13153,1737285488,526378904,,1448,1663,1365,1709,0,0,0,0,0,0,0,0,0,0,0,0
1737285488.6276777,13154,1737285488,625349272,,1710,1405,1742,1327,0,0,0,0,0,0,0,0,0,0,0,0
1737285488.7307591,13155,1737285488,729447200,,1517,1641,1238,1788,0,0,0,0,0,0,0,0,0,0,0,0
1737285488.8273072,13156,1737285488,826174056,,1677,1470,1324,1755,0,0,0,0,0,0,0,0,0,0,0,0
1737285488.9293053,13157,1737285488,928286264,,1488,1648,1453,1667,0,0,0,0,0,0,0,0,0,0,0,0
1737285489.0282474,13158,1737285489,27371400,,1671,1483,1555,1609,0,0,0,0,0,0,0,0,0,0,0,0
1737285489.1270146,13159,1737285489,126464840,,1479,1679,1573,1617,0,0,0,0,0,0,0,0,0,0,0,0
1737285489.228167,13160,1737285489,227256512,,1729,1391,1589,1611,0,0,0,0,0,0,0,0,0,0,0,0
1737285489.3312235,13161,1737285489,328923832,,1570,1586,1190,1827,0,0,0,0,0,0,0,0,0,0,0,0
1737285489.4288678,13162,1737285489,428023456,,1631,1532,1754,1348,0,0,0,0,0,0,0,0,0,0,0,0
1737285489.526736,13163,1737285489,524942688,,1730,1416,1296,1767,0,0,0,0,0,0,0,0,0,0,0,0
1737285489.6307812,13164,1737285489,629393240,,1676,1480,1781,1198,0,0,0,0,0,0,0,0,0,0,0,0
1737285489.7292035,13165,1737285489,728379512,,1563,1620,1595,1541,0,0,0,0,0,0,0,0,0,0,0,0
1737285489.8265827,13166,1737285489,825393672,,1585,1629,1188,1824,0,0,0,0,0,0,0,0,0,0,0,0
1737285489.930336,13167,1737285489,928978456,,1688,1480,1572,1613,0,0,0,0,0,0,0,0,0,0,0,0
1737285490.0274684,13168,1737285490,25823144,,1636,1530,1498,1695,0,0,0,0,0,0,0,0,0,0,0,0
1737285490.129188,13169,1737285490,127140144,,1543,1614,1509,1687,0,0,0,0,0,0,0,0,0,0,0,0
1737285490.2307944,13170,1737285490,226356392,,1583,1538,1277,1790,0,0,0,0,0,0,0,0,0,0,0,0
1737285490.3273938,13171,1737285490,325118688,,1744,1273,1671,1468,0,0,0,0,0,0,0,0,0,0,0,0
1737285490.4310994,13172,1737285490,426358680,,1502,1610,1499,1658,0,0,0,0,0,0,0,0,0,0,0,0
1737285490.5275648,13173,1737285490,525928584,,1672,1451,1698,1485,0,0,0,0,0,0,0,0,0,0,0,0
1737285490.629221,13174,1737285490,627695416,,1583,1560,1712,1440,0,0,0,0,0,0,0,0,0,0,0,0
1737285490.7288268,13175,1737285490,727061040,,1669,1459,1544,1600,0,0,0,0,0,0,0,0,0,0,0,0
1737285490.827755,13176,1737285490,826189128,,1586,1614,1188,1813,0,0,0,0,0,0,0,0,0,0,0,0
1737285490.929986,13177,1737285490,928065800,,1648,1529,1634,1479,0,0,0,0,0,0,0,0,0,0,0,0
1737285491.0266845,13178,1737285491,25273632,,1616,1558,1474,1632,0,0,0,0,0,0,0,0,0,0,0,0
1737285491.1270313,13179,1737285491,124470512,,1550,1624,1654,1466,0,0,0,0,0,0,0,0,0,0,0,0
1737285491.2270515,13180,1737285491,225610392,,1665,1511,1590,1605,0,0,0,0,0,0,0,0,0,0,0,0
1737285491.3258448,13181,1737285491,324898784,,1619,1533,1562,1632,0,0,0,0,0,0,0,0,0,0,0,0
1737285491.427997,13182,1737285491,426310712,,1718,1384,1799,1292,0,0,0,0,0,0,0,0,0,0,0,0
1737285491.5276723,13183,1737285491,526565128,,1631,1510,1574,1611,0,0,0,0,0,0,0,0,0,0,0,0
1737285491.6266415,13184,1737285491,625334800,,1604,1551,1256,1813,0,0,0,0,0,0,0,0,0,0,0,0
1737285491.728982,13185,1737285491,727700192,,1616,1552,1735,1439,0,0,0,0,0,0,0,0,0,0,0,0
1737285491.826001,13186,1737285491,824303328,,1681,1475,1796,1339,0,0,0,0,0,0,0,0,0,0,0,0
1737285491.925725,13187,1737285491,924026000,,1712,1423,1627,1575,0,0,0,0,0,0,0,0,0,0,0,0
1737285492.0298147,13188,1737285492,27805136,,1606,1539,1490,1660,0,0,0,0,0,0,0,0,0,0,0,0
1737285492.1268802,13189,1737285492,125246016,,1557,1596,1364,1737,0,0,0,0,0,0,0,0,0,0,0,0
1737285492.2286782,13190,1737285492,227099664,,1616,1540,1298,1767,0,0,0,0,0,0,0,0,0,0,0,0
1737285492.3284192,13191,1737285492,325964080,,1685,1440,1639,1509,0,0,0,0,0,0,0,0,0,0,0,0
1737285492.4267306,13192,1737285492,425211680,,1629,1522,1724,1420,0,0,0,0,0,0,0,0,0,0,0,0
1737285492.5294304,13193,1737285492,527106192,,1730,1358,1785,1302,0,0,0,0,0,0,0,0,0,0,0,0
1737285492.6269014,13194,1737285492,625952632,,1686,1417,1752,1359,0,0,0,0,0,0,0,0,0,0,0,0
1737285492.729033,13195,1737285492,727669744,,1669,1452,1548,1625,0,0,0,0,0,0,0,0,0,0,0,0
1737285492.8307488,13196,1737285492,828827928,,1458,1658,1427,1700,0,0,0,0,0,0,0,0,0,0,0,0
1737285492.927992,13197,1737285492,926047832,,1611,1570,1188,1841,0,0,0,0,0,0,0,0,0,0,0,0
1737285493.0268474,13198,1737285493,25235408,,1569,1561,1403,1715,0,0,0,0,0,0,0,0,0,0,0,0
1737285493.1258318,13199,1737285493,124829336,,1667,1456,1338,1759,0,0,0,0,0,0,0,0,0,0,0,0
1737285493.2289722,13200,1737285493,227034984,,1635,1505,1567,1606,0,0,0,0,0,0,0,0,0,0,0,0
1737285493.3294175,13201,1737285493,328420912,,1709,1403,1510,1668,0,0,0,0,0,0,0,0,0,0,0,0
1737285493.4260802,13202,1737285493,425047792,,1653,1467,1553,1630,0,0,0,0,0,0,0,0,0,0,0,0
1737285493.5329423,13203,1737285493,531194416,,1647,1463,1696,1445,0,0,0,0,0,0,0,0,0,0,0,0
1737285493.6311767,13204,1737285493,630013296,,1568,1569,1441,1704,0,0,0,0,0,0,0,0,0,0,0,0
1737285493.731169,13205,1737285493,730027920,,1592,1551,1269,1789,0,0,0,0,0,0,0,0,0,0,0,0
1737285493.8325942,13206,1737285493,831236104,,1696,1446,1828,1188,0,0,0,0,0,0,0,0,0,0,0,0
1737285493.9309347,13207,1737285493,928728752,,1592,1536,1714,1400,0,0,0,0,0,0,0,0,0,0,0,0
1737285494.0274544,13208,1737285494,25608096,,1633,1533,1825,1217,0,0,0,0,0,0,0,0,0,0,0,0
1737285494.1268375,13209,1737285494,124586160,,1540,1616,1763,1317,0,0,0,0,0,0,0,0,0,0,0,0
1737285494.2278225,13210,1737285494,225885504,,1671,1488,1559,1592,0,0,0,0,0,0,0,0,0,0,0,0
1737285494.3310065,13211,1737285494,328479152,,1717,1428,1382,1732,0,0,0,0,0,0,0,0,0,0,0,0
1737285494.4259713,13212,1737285494,424969360,,1574,1602,1696,1455,0,0,0,0,0,0,0,0,0,0,0,0
1737285494.5281177,13213,1737285494,526408496,,1592,1568,1566,1604,0,0,0,0,0,0,0,0,0,0,0,0
1737285494.627047,13214,1737285494,625632144,,1543,1621,1787,1305,0,0,0,0,0,0,0,0,0,0,0,0
1737285494.7262778,13215,1737285494,724896560,,1512,1639,1374,1744,0,0,0,0,0,0,0,0,0,0,0,0
1737285494.826834,13216,1737285494,826370928,,1594,1559,1494,1660,0,0,0,0,0,0,0,0,0,0,0,0
1737285494.9298756,13217,1737285494,928639272,,1554,1626,1596,1607,0,0,0,0,0,0,0,0,0,0,0,0
1737285495.0260065,13218,1737285495,24915224,,1748,1367,1595,1587,0,0,0,0,0,0,0,0,0,0,0,0
1737285495.1279297,13219,1737285495,126664032,,1692,1447,1400,1701,0,0,0,0,0,0,0,0,0,0,0,0
1737285495.2269802,13220,1737285495,225903304,,1736,1367,1559,1557,0,0,0,0,0,0,0,0,0,0,0,0
1737285495.3258111,13221,1737285495,325127600,,1630,1555,1383,1720,0,0,0,0,0,0,0,0,0,0,0,0
1737285495.4249082,13222,1737285495,424126760,,1589,1604,1188,1818,0,0,0,0,0,0,0,0,0,0,0,0
1737285495.5302072,13223,1737285495,528597104,,1596,1559,1509,1624,0,0,0,0,0,0,0,0,0,0,0,0
1737285495.6288204,13224,1737285495,627625104,,1718,1406,1458,1670,0,0,0,0,0,0,0,0,0,0,0,0
1737285495.7305338,13225,1737285495,724808104,,1637,1515,1695,1418,0,0,0,0,0,0,0,0,0,0,0,0
1737285495.8302097,13226,1737285495,826379752,,1608,1525,1643,1441,0,0,0,0,0,0,0,0,0,0,0,0
1737285495.9309876,13227,1737285495,927819936,,1482,1609,1700,1299,0,0,0,0,0,0,0,0,0,0,0,0
1737285496.0281405,13228,1737285496,26791280,,1623,1407,1250,1679,0,0,0,0,0,0,0,0,0,0,0,0
1737285496.1302934,13229,1737285496,128518904,,1523,1492,1525,1461,0,0,0,0,0,0,0,0,0,0,0,0
1737285496.2251246,13230,1737285496,224379248,,1564,1501,1650,1399,0,0,0,0,0,0,0,0,0,0,0,0
1737285496.3275495,13231,1737285496,326019640,,1470,1555,1547,1511,0,0,0,0,0,0,0,0,0,0,0,0
1737285496.4262614,13232,1737285496,424606752,,1501,1514,1566,1501,0,0,0,0,0,0,0,0,0,0,0,0
1737285496.5288982,13233,1737285496,526922400,,1633,1360,1483,1613,0,0,0,0,0,0,0,0,0,0,0,0
1737285496.630182,13234,1737285496,628301976,,1512,1551,1276,1747,0,0,0,0,0,0,0,0,0,0,0,0
1737285496.7280302,13235,1737285496,725053344,,1608,1487,1634,1479,0,0,0,0,0,0,0,0,0,0,0,0
1737285496.8281026,13236,1737285496,826066272,,1587,1529,1779,1213,0,0,0,0,0,0,0,0,0,0,0,0
1737285496.9300413,13237,1737285496,928425920,,1602,1541,1772,1245,0,0,0,0,0,0,0,0,0,0,0,0
1737285497.026822,13238,1737285497,25062288,,1646,1488,1639,1474,0,0,0,0,0,0,0,0,0,0,0,0
1737285497.1268253,13239,1737285497,124493632,,1514,1627,1611,1507,0,0,0,0,0,0,0,0,0,0,0,0
1737285497.2299857,13240,1737285497,227999696,,1698,1430,1633,1493,0,0,0,0,0,0,0,0,0,0,0,0
1737285497.3278167,13241,1737285497,325552040,,1670,1446,1722,1358,0,0,0,0,0,0,0,0,0,0,0,0
1737285497.4261057,13242,1737285497,424347152,,1693,1401,1745,1320,0,0,0,0,0,0,0,0,0,0,0,0
1737285497.5288332,13243,1737285497,526479288,,1455,1660,1549,1600,0,0,0,0,0,0,0,0,0,0,0,0
1737285497.628026,13244,1737285497,625219864,,1689,1431,1616,1556,0,0,0,0,0,0,0,0,0,0,0,0
1737285497.729084,13245,1737285497,726525488,,1669,1442,1648,1498,0,0,0,0,0,0,0,0,0,0,0,0
1737285497.830473,13246,1737285497,825830368,,1662,1465,1812,1188,0,0,0,0,0,0,0,0,0,0,0,0
1737285497.928385,13247,1737285497,924967784,,1695,1394,1795,1188,0,0,0,0,0,0,0,0,0,0,0,0
1737285498.0281403,13248,1737285498,26240688,,1683,1395,1742,1297,0,0,0,0,0,0,0,0,0,0,0,0
1737285498.1313381,13249,1737285498,127469704,,1638,1503,1813,1188,0,0,0,0,0,0,0,0,0,0,0,0
1737285498.2271965,13250,1737285498,223766704,,1718,1380,1275,1779,0,0,0,0,0,0,0,0,0,0,0,0
1737285498.330992,13251,1737285498,325509096,,1668,1427,1494,1613,0,0,0,0,0,0,0,0,0,0,0,0
1737285498.4294746,13252,1737285498,426663280,,1663,1468,1679,1429,0,0,0,0,0,0,0,0,0,0,0,0
1737285498.530395,13253,1737285498,528197600,,1686,1442,1714,1362,0,0,0,0,0,0,0,0,0,0,0,0
1737285498.629166,13254,1737285498,627197480,,1643,1504,1738,1301,0,0,0,0,0,0,0,0,0,0,0,0
1737285498.7284663,13255,1737285498,724644616,,1742,1356,1555,1544,0,0,0,0,0,0,0,0,0,0,0,0
1737285498.8305037,13256,1737285498,828204008,,1585,1585,1315,1726,0,0,0,0,0,0,0,0,0,0,0,0
1737285498.9275718,13257,1737285498,925633864,,1526,1629,1602,1505,0,0,0,0,0,0,0,0,0,0,0,0
1737285499.0290258,13258,1737285499,27126744,,1591,1562,1502,1624,0,0,0,0,0,0,0,0,0,0,0,0
1737285499.129255,13259,1737285499,126391744,,1694,1413,1662,1431,0,0,0,0,0,0,0,0,0,0,0,0
1737285499.232294,13260,1737285499,229422600,,1726,1365,1456,1637,0,0,0,0,0,0,0,0,0,0,0,0
1737285499.3290503,13261,1737285499,326416224,,1623,1537,1254,1752,0,0,0,0,0,0,0,0,0,0,0,0
1737285499.427229,13262,1737285499,424815544,,1551,1595,1520,1568,0,0,0,0,0,0,0,0,0,0,0,0
1737285499.5278273,13263,1737285499,525386424,,1529,1662,1797,1188,0,0,0,0,0,0,0,0,0,0,0,0
1737285499.635648,13264,1737285499,633320840,,1732,1429,1715,1390,0,0,0,0,0,0,0,0,0,0,0,0
1737285499.735383,13265,1737285499,732396672,,1754,1400,1747,1336,0,0,0,0,0,0,0,0,0,0,0,0
1737285499.827362,13266,1737285499,825490552,,1673,1517,1631,1514,0,0,0,0,0,0,0,0,0,0,0,0
1737285499.9267488,13267,1737285499,924654896,,1674,1504,1636,1505,0,0,0,0,0,0,0,0,0,0,0,0
1737285500.0276353,13268,1737285500,25667568,,1483,1669,1315,1733,0,0,0,0,0,0,0,0,0,0,0,0
1737285500.1293602,13269,1737285500,124483912,,1672,1486,1306,1735,0,0,0,0,0,0,0,0,0,0,0,0
1737285500.2283845,13270,1737285500,226134512,,1667,1496,1480,1625,0,0,0,0,0,0,0,0,0,0,0,0
1737285500.3278031,13271,1737285500,324580928,,1675,1492,1527,1611,0,0,0,0,0,0,0,0,0,0,0,0
1737285500.4283645,13272,1737285500,426401528,,1626,1537,1196,1788,0,0,0,0,0,0,0,0,0,0,0,0
1737285500.5285363,13273,1737285500,525574176,,1618,1550,1423,1685,0,0,0,0,0,0,0,0,0,0,0,0
1737285500.631193,13274,1737285500,626627848,,1614,1551,1775,1234,0,0,0,0,0,0,0,0,0,0,0,0
1737285500.7295146,13275,1737285500,725618752,,1707,1407,1696,1371,0,0,0,0,0,0,0,0,0,0,0,0
1737285500.8270524,13276,1737285500,824391840,,1718,1406,1686,1430,0,0,0,0,0,0,0,0,0,0,0,0
1737285500.9302368,13277,1737285500,928141952,,1693,1442,1786,1288,0,0,0,0,0,0,0,0,0,0,0,0
1737285501.027761,13278,1737285501,24766808,,1729,1347,1773,1308,0,0,0,0,0,0,0,0,0,0,0,0
1737285501.1286187,13279,1737285501,126516640,,1652,1466,1543,1610,0,0,0,0,0,0,0,0,0,0,0,0
1737285501.2285273,13280,1737285501,225353752,,1616,1537,1500,1662,0,0,0,0,0,0,0,0,0,0,0,0
1737285501.3273034,13281,1737285501,324360656,,1656,1482,1801,1188,0,0,0,0,0,0,0,0,0,0,0,0
1737285501.427455,13282,1737285501,423594424,,1716,1380,1542,1563,0,0,0,0,0,0,0,0,0,0,0,0
1737285501.530227,13283,1737285501,527714952,,1663,1480,1402,1673,0,0,0,0,0,0,0,0,0,0,0,0
1737285501.6267633,13284,1737285501,624232712,,1669,1488,1402,1715,0,0,0,0,0,0,0,0,0,0,0,0
1737285501.7277462,13285,1737285501,725512776,,1599,1566,1712,1428,0,0,0,0,0,0,0,0,0,0,0,0
1737285501.8306549,13286,1737285501,824549888,,1587,1553,1660,1494,0,0,0,0,0,0,0,0,0,0,0,0
1737285501.9368804,13287,1737285501,929062792,,1537,1603,1571,1607,0,0,0,0,0,0,0,0,0,0,0,0
1737285502.0327063,13288,1737285502,25276880,,1561,1600,1188,1835,0,0,0,0,0,0,0,0,0,0,0,0
1737285502.1325927,13289,1737285502,127177272,,1528,1616,1697,1454,0,0,0,0,0,0,0,0,0,0,0,0
1737285502.2356818,13290,1737285502,228273688,,1543,1607,1491,1663,0,0,0,0,0,0,0,0,0,0,0,0
1737285502.3264468,13291,1737285502,324338312,,1646,1511,1208,1807,0,0,0,0,0,0,0,0,0,0,0,0
1737285502.4280627,13292,1737285502,425481840,,1514,1652,1752,1337,0,0,0,0,0,0,0,0,0,0,0,0
1737285502.5278063,13293,1737285502,525146440,,1574,1590,1473,1646,0,0,0,0,0,0,0,0,0,0,0,0
1737285502.628031,13294,1737285502,626296088,,1553,1636,1188,1804,0,0,0,0,0,0,0,0,0,0,0,0
1737285502.7294428,13295,1737285502,728150688,,1719,1413,1617,1506,0,0,0,0,0,0,0,0,0,0,0,0
1737285502.8266737,13296,1737285502,824625056,,1658,1508,1492,1651,0,0,0,0,0,0,0,0,0,0,0,0
1737285502.9306908,13297,1737285502,928489728,,1733,1399,1445,1711,0,0,0,0,0,0,0,0,0,0,0,0
1737285503.0298183,13298,1737285503,27730888,,1617,1540,1761,1343,0,0,0,0,0,0,0,0,0,0,0,0
1737285503.1268766,13299,1737285503,124713840,,1562,1579,1188,1804,0,0,0,0,0,0,0,0,0,0,0,0
1737285503.227447,13300,1737285503,225879488,,1634,1494,1668,1448,0,0,0,0,0,0,0,0,0,0,0,0
1737285503.3296032,13301,1737285503,328143624,,1550,1587,1327,1730,0,0,0,0,0,0,0,0,0,0,0,0
1737285503.4288146,13302,1737285503,427128248,,1575,1590,1188,1806,0,0,0,0,0,0,0,0,0,0,0,0
1737285503.529022,13303,1737285503,526253408,,1524,1613,1515,1624,0,0,0,0,0,0,0,0,0,0,0,0
1737285503.6271229,13304,1737285503,625169800,,1508,1619,1746,1307,0,0,0,0,0,0,0,0,0,0,0,0
1737285503.7296627,13305,1737285503,726986496,,1576,1567,1188,1790,0,0,0,0,0,0,0,0,0,0,0,0
1737285503.8278303,13306,1737285503,826190072,,1656,1476,1793,1188,0,0,0,0,0,0,0,0,0,0,0,0
1737285503.9303093,13307,1737285503,928110952,,1670,1469,1299,1773,0,0,0,0,0,0,0,0,0,0,0,0
1737285504.0266936,13308,1737285504,24140648,,1601,1550,1614,1554,0,0,0,0,0,0,0,0,0,0,0,0
1737285504.1290205,13309,1737285504,125996552,,1573,1588,1188,1828,0,0,0,0,0,0,0,0,0,0,0,0
1737285504.2282002,13310,1737285504,227153432,,1643,1486,1488,1665,0,0,0,0,0,0,0,0,0,0,0,0
1737285504.3318868,13311,1737285504,328255520,,1562,1582,1658,1515,0,0,0,0,0,0,0,0,0,0,0,0
1737285504.428923,13312,1737285504,425189984,,1551,1583,1480,1688,0,0,0,0,0,0,0,0,0,0,0,0
1737285504.5283945,13313,1737285504,524292192,,1505,1611,1329,1765,0,0,0,0,0,0,0,0,0,0,0,0
1737285504.627398,13314,1737285504,625376096,,1582,1544,1667,1501,0,0,0,0,0,0,0,0,0,0,0,0
1737285504.7302778,13315,1737285504,727194744,,1576,1545,1661,1522,0,0,0,0,0,0,0,0,0,0,0,0
1737285504.8309617,13316,1737285504,826072928,,1489,1618,1377,1761,0,0,0,0,0,0,0,0,0,0,0,0
1737285504.9295092,13317,1737285504,928195504,,1522,1581,1608,1569,0,0,0,0,0,0,0,0,0,0,0,0
1737285505.0283213,13318,1737285505,27658616,,1671,1409,1746,1331,0,0,0,0,0,0,0,0,0,0,0,0
1737285505.1259367,13319,1737285505,123945216,,1589,1547,1598,1559,0,0,0,0,0,0,0,0,0,0,0,0
1737285505.2329588,13320,1737285505,228460376,,1541,1600,1550,1615,0,0,0,0,0,0,0,0,0,0,0,0
1737285505.333434,13321,1737285505,330000560,,1524,1604,1542,1638,0,0,0,0,0,0,0,0,0,0,0,0
1737285505.4329574,13322,1737285505,430641464,,1508,1607,1716,1431,0,0,0,0,0,0,0,0,0,0,0,0
1737285505.5370781,13323,1737285505,535082112,,1582,1530,1617,1554,0,0,0,0,0,0,0,0,0,0,0,0
1737285505.633456,13324,1737285505,631047456,,1660,1444,1588,1594,0,0,0,0,0,0,0,0,0,0,0,0
1737285505.7346358,13325,1737285505,732919848,,1542,1580,1478,1684,0,0,0,0,0,0,0,0,0,0,0,0
1737285505.830287,13326,1737285505,828060472,,1584,1545,1551,1634,0,0,0,0,0,0,0,0,0,0,0,0
1737285505.9287667,13327,1737285505,926121304,,1601,1546,1686,1495,0,0,0,0,0,0,0,0,0,0,0,0
1737285506.0269608,13328,1737285506,25271672,,1660,1481,1690,1471,0,0,0,0,0,0,0,0,0,0,0,0
1737285506.1348152,13329,1737285506,132311040,,1752,1345,1373,1737,0,0,0,0,0,0,0,0,0,0,0,0
1737285506.2278702,13330,1737285506,224979408,,1678,1469,1393,1709,0,0,0,0,0,0,0,0,0,0,0,0
1737285506.3275237,13331,1737285506,326576568,,1710,1433,1691,1397,0,0,0,0,0,0,0,0,0,0,0,0
1737285506.4296298,13332,1737285506,428122216,,1603,1574,1746,1300,0,0,0,0,0,0,0,0,0,0,0,0
1737285506.529135,13333,1737285506,527455888,,1579,1589,1675,1440,0,0,0,0,0,0,0,0,0,0,0,0
1737285506.6266308,13334,1737285506,624060512,,1596,1574,1307,1761,0,0,0,0,0,0,0,0,0,0,0,0
1737285506.7302477,13335,1737285506,728770928,,1554,1619,1583,1622,0,0,0,0,0,0,0,0,0,0,0,0
1737285506.8271475,13336,1737285506,824747320,,1699,1431,1303,1811,0,0,0,0,0,0,0,0,0,0,0,0
1737285506.927511,13337,1737285506,923960664,,1584,1546,1819,1188,0,0,0,0,0,0,0,0,0,0,0,0
1737285507.0272768,13338,1737285507,25075288,,1688,1432,1716,1411,0,0,0,0,0,0,0,0,0,0,0,0
1737285507.1263607,13339,1737285507,124121680,,1709,1441,1382,1756,0,0,0,0,0,0,0,0,0,0,0,0
1737285507.2272992,13340,1737285507,226058792,,1692,1455,1690,1476,0,0,0,0,0,0,0,0,0,0,0,0
1737285507.3269203,13341,1737285507,325049672,,1699,1427,1367,1732,0,0,0,0,0,0,0,0,0,0,0,0
1737285507.426321,13342,1737285507,423960808,,1656,1499,1651,1490,0,0,0,0,0,0,0,0,0,0,0,0
1737285507.528148,13343,1737285507,525142712,,1693,1422,1781,1188,0,0,0,0,0,0,0,0,0,0,0,0
1737285507.6260788,13344,1737285507,623954824,,1707,1400,1747,1264,0,0,0,0,0,0,0,0,0,0,0,0
1737285507.7253246,13345,1737285507,723249864,,1730,1393,1731,1374,0,0,0,0,0,0,0,0,0,0,0,0
1737285507.8270454,13346,1737285507,824866720,,1715,1392,1806,1240,0,0,0,0,0,0,0,0,0,0,0,0
1737285507.9290214,13347,1737285507,924072296,,1652,1448,1687,1472,0,0,0,0,0,0,0,0,0,0,0,0
1737285508.0302322,13348,1737285508,28076408,,1566,1558,1569,1642,0,0,0,0,0,0,0,0,0,0,0,0
1737285508.1296952,13349,1737285508,124864032,,1578,1527,1519,1698,0,0,0,0,0,0,0,0,0,0,0,0
1737285508.2260332,13350,1737285508,223939424,,1645,1442,1665,1575,0,0,0,0,0,0,0,0,0,0,0,0
1737285508.3286319,13351,1737285508,326019424,,1650,1422,1549,1667,0,0,0,0,0,0,0,0,0,0,0,0
1737285508.429492,13352,1737285508,424969424,,1527,1605,1188,1847,0,0,0,0,0,0,0,0,0,0,0,0
1737285508.528603,13353,1737285508,526263120,,1686,1392,1747,1340,0,0,0,0,0,0,0,0,0,0,0,0
1737285508.6296124,13354,1737285508,625032376,,1597,1535,1538,1628,0,0,0,0,0,0,0,0,0,0,0,0
1737285508.7257223,13355,1737285508,723458072,,1456,1659,1421,1730,0,0,0,0,0,0,0,0,0,0,0,0
1737285508.8279557,13356,1737285508,824968232,,1497,1607,1295,1796,0,0,0,0,0,0,0,0,0,0,0,0
1737285508.9294872,13357,1737285508,926445928,,1477,1619,1439,1724,0,0,0,0,0,0,0,0,0,0,0,0
1737285509.0301332,13358,1737285509,27793248,,1571,1533,1604,1596,0,0,0,0,0,0,0,0,0,0,0,0
1737285509.1265433,13359,1737285509,123979360,,1587,1499,1423,1711,0,0,0,0,0,0,0,0,0,0,0,0
1737285509.2303238,13360,1737285509,225349544,,1578,1516,1767,1310,0,0,0,0,0,0,0,0,0,0,0,0
1737285509.329415,13361,1737285509,324324168,,1507,1604,1544,1622,0,0,0,0,0,0,0,0,0,0,0,0
1737285509.42877,13362,1737285509,426175816,,1626,1458,1633,1511,0,0,0,0,0,0,0,0,0,0,0,0
1737285509.5279982,13363,1737285509,525416184,,1641,1430,1506,1642,0,0,0,0,0,0,0,0,0,0,0,0
1737285509.6279635,13364,1737285509,626649576,,1442,1628,1468,1675,0,0,0,0,0,0,0,0,0,0,0,0
1737285509.7314339,13365,1737285509,723990432,,1462,1607,1803,1188,0,0,0,0,0,0,0,0,0,0,0,0
1737285509.8290687,13366,1737285509,827664056,,1452,1567,1251,1739,0,0,0,0,0,0,0,0,0,0,0,0
1737285509.930592,13367,1737285509,924106448,,1362,1188,1268,1314,0,0,0,0,0,0,0,0,0,0,0,0
1737285510.0289965,13368,1737285510,28116072,,1553,1442,1188,1514,0,0,0,0,0,0,0,0,0,0,0,0
1737285510.127784,13369,1737285510,124784696,,1331,1232,1296,1188,0,0,0,0,0,0,0,0,0,0,0,0
1737285510.2305527,13370,1737285510,228319296,,1313,1218,1293,1188,0,0,0,0,0,0,0,0,0,0,0,0
1737285510.3271313,13371,1737285510,324926432,,1326,1200,1292,1188,0,0,0,0,0,0,0,0,0,0,0,0
1737285510.4281237,13372,1737285510,425901960,,1302,1232,1188,1293,0,0,0,0,0,0,0,0,0,0,0,0
1737285510.5271883,13373,1737285510,522924328,,1312,1246,1270,1188,0,0,0,0,0,0,0,0,0,0,0,0
1737285510.628511,13374,1737285510,626915952,,1293,1241,1188,1295,0,0,0,0,0,0,0,0,0,0,0,0
1737285510.7276776,13375,1737285510,725100624,,1240,1304,1188,1284,0,0,0,0,0,0,0,0,0,0,0,0
1737285510.8289757,13376,1737285510,827283272,,1240,1308,1188,1280,0,0,0,0,0,0,0,0,0,0,0,0
1737285510.9285061,13377,1737285510,925823408,,1244,1306,1279,1188,0,0,0,0,0,0,0,0,0,0,0,0
1737285511.0260205,13378,1737285511,24621544,,1249,1287,1294,1188,0,0,0,0,0,0,0,0,0,0,0,0
1737285511.126304,13379,1737285511,124359704,,1341,1188,1214,1265,0,0,0,0,0,0,0,0,0,0,0,0
1737285511.2292995,13380,1737285511,225800560,,1331,1208,1188,1281,0,0,0,0,0,0,0,0,0,0,0,0
1737285511.3261092,13381,1737285511,324030976,,1342,1206,1188,1269,0,0,0,0,0,0,0,0,0,0,0,0
1737285511.4299693,13382,1737285511,427558296,,1285,1256,1289,1188,0,0,0,0,0,0,0,0,0,0,0,0
1737285511.525925,13383,1737285511,524122712,,1253,1277,1300,1188,0,0,0,0,0,0,0,0,0,0,0,0
1737285511.628821,13384,1737285511,624833776,,1352,1267,1188,1193,0,0,0,0,0,0,0,0,0,0,0,0
1737285511.7315516,13385,1737285511,726669936,,1041,1041,1041,1041,0,0,0,0,0,0,0,0,0,0,0,0
1737285511.8286693,13386,1737285511,824508744,,1041,1041,1041,1041,0,0,0,0,0,0,0,0,0,0,0,0
1737285511.9305863,13387,1737285511,926797552,,1041,1041,1041,1041,0,0,0,0,0,0,0,0,0,0,0,0
1737285512.0264385,13388,1737285512,24293616,,1041,1041,1041,1041,0,0,0,0,0,0,0,0,0,0,0,0
1737285512.1287065,13389,1737285512,124549448,,1041,1041,1041,1041,0,0,0,0,0,0,0,0,0,0,0,0
1737285512.230694,13390,1737285512,226697256,,1041,1041,1041,1041,0,0,0,0,0,0,0,0,0,0,0,0
1737285512.3290694,13391,1737285512,326662320,,1041,1041,1041,1041,0,0,0,0,0,0,0,0,0,0,0,0
1737285512.4306226,13392,1737285512,426682640,,1041,1041,1041,1041,0,0,0,0,0,0,0,0,0,0,0,0
1737285512.5280616,13393,1737285512,524441704,,1041,1041,1041,1041,0,0,0,0,0,0,0,0,0,0,0,0
1737285512.6288817,13394,1737285512,626604024,,1041,1041,1041,1041,0,0,0,0,0,0,0,0,0,0,0,0
1737285512.7264023,13395,1737285512,722958088,,1041,1041,1041,1041,0,0,0,0,0,0,0,0,0,0,0,0
1737285512.8255935,13396,1737285512,823124712,,1041,1041,1041,1041,0,0,0,0,0,0,0,0,0,0,0,0
1737285512.9278815,13397,1737285512,925557824,,1041,1041,1041,1041,0,0,0,0,0,0,0,0,0,0,0,0
1737285513.0270026,13398,1737285513,25410936,,1041,1041,1041,1041,0,0,0,0,0,0,0,0,0,0,0,0
1737285513.1261687,13399,1737285513,123080560,,1041,1041,1041,1041,0,0,0,0,0,0,0,0,0,0,0,0
1737285513.2259238,13400,1737285513,223139648,,1041,1041,1041,1041,0,0,0,0,0,0,0,0,0,0,0,0
1737285513.3275259,13401,1737285513,323092272,,1041,1041,1041,1041,0,0,0,0,0,0,0,0,0,0,0,0
1737285513.4262748,13402,1737285513,422950104,,1041,1041,1041,1041,0,0,0,0,0,0,0,0,0,0,0,0
1737285513.5257602,13403,1737285513,522949192,,1041,1041,1041,1041,0,0,0,0,0,0,0,0,0,0,0,0
1737285513.624761,13404,1737285513,622941024,,1041,1041,1041,1041,0,0,0,0,0,0,0,0,0,0,0,0
1737285513.7243192,13405,1737285513,722969856,,1041,1041,1041,1041,0,0,0,0,0,0,0,0,0,0,0,0
1737285513.825791,13406,1737285513,822918480,,1041,1041,1041,1041,0,0,0,0,0,0,0,0,0,0,0,0
1737285513.9292388,13407,1737285513,925469312,,1041,1041,1041,1041,0,0,0,0,0,0,0,0,0,0,0,0
1737285514.0250797,13408,1737285514,22867888,,1041,1041,1041,1041,0,0,0,0,0,0,0,0,0,0,0,0
1737285514.1273482,13409,1737285514,125355256,,1041,1041,1041,1041,0,0,0,0,0,0,0,0,0,0,0,0
1737285514.2259018,13410,1737285514,222953344,,1041,1041,1041,1041,0,0,0,0,0,0,0,0,0,0,0,0
1737285514.3250046,13411,1737285514,322883176,,1041,1041,1041,1041,0,0,0,0,0,0,0,0,0,0,0,0
1737285514.4262142,13412,1737285514,423048520,,1041,1041,1041,1041,0,0,0,0,0,0,0,0,0,0,0,0
1737285514.5283282,13413,1737285514,525619608,,1041,1041,1041,1041,0,0,0,0,0,0,0,0,0,0,0,0
1737285514.627147,13414,1737285514,625552720,,1041,1041,1041,1041,0,0,0,0,0,0,0,0,0,0,0,0
1737285514.729739,13415,1737285514,726520088,,1041,1041,1041,1041,0,0,0,0,0,0,0,0,0,0,0,0
1737285514.8275878,13416,1737285514,826445664,,1041,1041,1041,1041,0,0,0,0,0,0,0,0,0,0,0,0
1737285514.9275224,13417,1737285514,924548568,,1041,1041,1041,1041,0,0,0,0,0,0,0,0,0,0,0,0
1737285515.027126,13418,1737285515,24525728,,1041,1041,1041,1041,0,0,0,0,0,0,0,0,0,0,0,0
1737285515.1254873,13419,1737285515,122494328,,1041,1041,1041,1041,0,0,0,0,0,0,0,0,0,0,0,0
1737285515.2271142,13420,1737285515,224906696,,1041,1041,1041,1041,0,0,0,0,0,0,0,0,0,0,0,0
1737285515.3273249,13421,1737285515,325014576,,1041,1041,1041,1041,0,0,0,0,0,0,0,0,0,0,0,0
1737285515.4276447,13422,1737285515,424834456,,1041,1041,1041,1041,0,0,0,0,0,0,0,0,0,0,0,0
1737285515.529654,13423,1737285515,527533592,,1041,1041,1041,1041,0,0,0,0,0,0,0,0,0,0,0,0
1737285515.627682,13424,1737285515,624989984,,1041,1041,1041,1041,0,0,0,0,0,0,0,0,0,0,0,0
1737285515.7269928,13425,1737285515,724873376,,1041,1041,1041,1041,0,0,0,0,0,0,0,0,0,0,0,0
1737285515.8296661,13426,1737285515,827557256,,1041,1041,1041,1041,0,0,0,0,0,0,0,0,0,0,0,0
1737285515.9272919,13427,1737285515,925233136,,1041,1041,1041,1041,0,0,0,0,0,0,0,0,0,0,0,0
1737285516.027549,13428,1737285516,24818272,,1041,1041,1041,1041,0,0,0,0,0,0,0,0,0,0,0,0
1737285516.1275516,13429,1737285516,124847408,,1041,1041,1041,1041,0,0,0,0,0,0,0,0,0,0,0,0
