Time,header.seq,header.stamp.secs,header.stamp.nsecs,header.frame_id,time_ref.secs,time_ref.nsecs,source
1737285429.234465,12560,1737285429,233720170,,1737285429,907948000,fcu
1737285429.3415012,12561,1737285429,340102170,,1737285430,15028000,fcu
1737285429.4447205,12562,1737285429,442307058,,1737285430,116365000,fcu
1737285429.5405047,12563,1737285429,539332077,,1737285430,214341000,fcu
1737285429.6436803,12564,1737285429,643167151,,1737285430,317923000,fcu
1737285429.7334864,12565,1737285429,731410280,,1737285430,405557000,fcu
1737285429.8425746,12566,1737285429,841437669,,1737285430,515643000,fcu
1737285429.9412506,12567,1737285429,939568780,,1737285430,614376000,fcu
1737285430.038768,12568,1737285430,37591632,,1737285430,712225000,fcu
1737285430.1380384,12569,1737285430,134821613,,1737285430,808253000,fcu
1737285430.2408576,12570,1737285430,233878688,,1737285430,907088000,fcu
1737285430.3343902,12571,1737285430,333569317,,1737285431,8381000,fcu
1737285430.434588,12572,1737285430,432457706,,1737285431,107320000,fcu
1737285430.537965,12573,1737285430,537264373,,1737285431,211467000,fcu
1737285430.6330361,12574,1737285430,632462187,,1737285431,307324000,fcu
1737285430.735067,12575,1737285430,734510169,,1737285431,409007000,fcu
1737285430.8358257,12576,1737285430,835325298,,1737285431,510101000,fcu
1737285430.9368453,12577,1737285430,936332150,,1737285431,611207000,fcu
1737285431.036036,12578,1737285431,33560113,,1737285431,708149000,fcu
1737285431.14117,12579,1737285431,134740539,,1737285431,809525000,fcu
1737285431.2327983,12580,1737285431,231583039,,1737285431,906076000,fcu
1737285431.3357697,12581,1737285431,335406057,,1737285432,9434000,fcu
1737285431.4374032,12582,1737285431,436747631,,1737285432,108401000,fcu
1737285431.5350244,12583,1737285431,534425187,,1737285432,209411000,fcu
1737285431.6345,12584,1737285431,633898779,,1737285432,307993000,fcu
1737285431.73545,12585,1737285431,734725187,,1737285432,409849000,fcu
1737285431.8338406,12586,1737285431,833485353,,1737285432,508417000,fcu
1737285431.9366221,12587,1737285431,935720835,,1737285432,610018000,fcu
1737285432.0329561,12588,1737285432,32217649,,1737285432,706195000,fcu
1737285432.1360626,12589,1737285432,135515742,,1737285432,810125000,fcu
1737285432.232353,12590,1737285432,231728705,,1737285432,906509000,fcu
1737285432.336229,12591,1737285432,335547020,,1737285433,9872000,fcu
1737285432.4343677,12592,1737285432,433717020,,1737285433,108877000,fcu
1737285432.5358925,12593,1737285432,535559760,,1737285433,210395000,fcu
1737285432.6373017,12594,1737285432,636722612,,1737285433,311624000,fcu
1737285432.7343807,12595,1737285432,733799297,,1737285433,408202000,fcu
1737285432.8360054,12596,1737285432,834283779,,1737285433,509310000,fcu
1737285432.9359787,12597,1737285432,935612297,,1737285433,610531000,fcu
1737285433.0369356,12598,1737285433,36618890,,1737285433,711411000,fcu
1737285433.134555,12599,1737285433,133701667,,1737285433,808056000,fcu
1737285433.2337344,12600,1737285433,232867482,,1737285433,907226000,fcu
1737285433.332595,12601,1737285433,331890519,,1737285434,6632000,fcu
1737285433.4347234,12602,1737285433,433918371,,1737285434,108055000,fcu
1737285433.5350082,12603,1737285433,534694797,,1737285434,209391000,fcu
1737285433.6347961,12604,1737285433,633916908,,1737285434,308170000,fcu
1737285433.7348003,12605,1737285433,733944259,,1737285434,409069000,fcu
1737285433.835661,12606,1737285433,832762500,,1737285434,507936000,fcu
1737285433.934136,12607,1737285433,933775056,,1737285434,609035000,fcu
1737285434.0363426,12608,1737285434,35782685,,1737285434,710148000,fcu
1737285434.1383853,12609,1737285434,137790704,,1737285434,812214000,fcu
1737285434.2348497,12610,1737285434,233984852,,1737285434,908633000,fcu
1737285434.3333545,12611,1737285434,332802667,,1737285435,8079000,fcu
1737285434.4352036,12612,1737285434,434822852,,1737285435,109839000,fcu
1737285434.5319667,12613,1737285434,531065981,,1737285435,206150000,fcu
1737285434.6338906,12614,1737285434,633089463,,1737285435,307536000,fcu
1737285434.7350886,12615,1737285434,734164537,,1737285435,409305000,fcu
1737285434.8341484,12616,1737285434,833196833,,1737285435,508203000,fcu
1737285434.9352303,12617,1737285434,934218148,,1737285435,609254000,fcu
1737285435.033374,12618,1737285435,32879759,,1737285435,707593000,fcu
1737285435.1347344,12619,1737285435,134178981,,1737285435,809411000,fcu
1737285435.233994,12620,1737285435,233166888,,1737285435,908087000,fcu
1737285435.333732,12621,1737285435,332426666,,1737285436,7090000,fcu
1737285435.433756,12622,1737285435,433093092,,1737285436,108432000,fcu
1737285435.5331156,12623,1737285435,532207555,,1737285436,207401000,fcu
1737285435.635142,12624,1737285435,633383944,,1737285436,308376000,fcu
1737285435.7356129,12625,1737285435,735000869,,1737285436,409808000,fcu
1737285435.8349092,12626,1737285435,834152721,,1737285436,508871000,fcu
1737285435.9362626,12627,1737285435,935285499,,1737285436,610149000,fcu
1737285436.0346963,12628,1737285436,34055499,,1737285436,708871000,fcu
1737285436.1386876,12629,1737285436,138060203,,1737285436,813019000,fcu
1737285436.2369661,12630,1737285436,236272999,,1737285436,911332000,fcu
1737285436.3418992,12631,1737285436,341237351,,1737285437,16330000,fcu
1737285436.4383123,12632,1737285436,437327350,,1737285437,112631000,fcu
1737285436.538809,12633,1737285436,538150165,,1737285437,212994000,fcu
1737285436.6431181,12634,1737285436,642412665,,1737285437,316817000,fcu
1737285436.7408724,12635,1737285436,740295628,,1737285437,415625000,fcu
1737285436.8312242,12636,1737285436,830389832,,1737285437,505595000,fcu
1737285436.9439397,12637,1737285436,943348591,,1737285437,618060000,fcu
1737285437.0403547,12638,1737285437,39439832,,1737285437,714168000,fcu
1737285437.1437507,12639,1737285437,143229906,,1737285437,818148000,fcu
1737285437.2373824,12640,1737285437,236459535,,1737285437,911058000,fcu
1737285437.3345711,12641,1737285437,334213720,,1737285438,9364000,fcu
1737285437.4342508,12642,1737285437,433445442,,1737285438,108354000,fcu
1737285437.5346622,12643,1737285437,534239813,,1737285438,209846000,fcu
1737285437.6368713,12644,1737285437,636258850,,1737285438,311773000,fcu
1737285437.7333846,12645,1737285437,732508239,,1737285438,407903000,fcu
1737285437.834874,12646,1737285437,834296646,,1737285438,509322000,fcu
1737285437.9358726,12647,1737285437,935314090,,1737285438,610444000,fcu
1737285438.0353591,12648,1737285438,34190535,,1737285438,709386000,fcu
1737285438.135993,12649,1737285438,135387868,,1737285438,808359000,fcu
1737285438.2374873,12650,1737285438,236566868,,1737285438,909564000,fcu
1737285438.3347359,12651,1737285438,333601831,,1737285439,8160000,fcu
1737285438.4348295,12652,1737285438,434352868,,1737285439,109339000,fcu
1737285438.5317678,12653,1737285438,530674757,,1737285439,206102000,fcu
1737285438.6337397,12654,1737285438,632661257,,1737285439,307297000,fcu
1737285438.73176,12655,1737285438,730654331,,1737285439,406126000,fcu
1737285438.8352945,12656,1737285438,834462719,,1737285439,509503000,fcu
1737285438.937136,12657,1737285438,936454868,,1737285439,611117000,fcu
1737285439.0333567,12658,1737285439,32675071,,1737285439,707338000,fcu
1737285439.1377392,12659,1737285439,136511664,,1737285439,811337000,fcu
1737285439.2329636,12660,1737285439,232513664,,1737285439,907481000,fcu
1737285439.3359137,12661,1737285439,334561386,,1737285440,9146000,fcu
1737285439.435953,12662,1737285439,435538330,,1737285440,110345000,fcu
1737285439.5329342,12663,1737285439,531774349,,1737285440,207100000,fcu
1737285439.633897,12664,1737285439,633560515,,1737285440,308457000,fcu
1737285439.7361522,12665,1737285439,734796311,,1737285440,409984000,fcu
1737285439.834147,12666,1737285439,833559145,,1737285440,508550000,fcu
1737285439.9354355,12667,1737285439,934751460,,1737285440,609823000,fcu
1737285440.0339665,12668,1737285440,33589830,,1737285440,708815000,fcu
1737285440.1347482,12669,1737285440,132874608,,1737285440,808139000,fcu
1737285440.2327273,12670,1737285440,231844219,,1737285440,906621000,fcu
1737285440.3344824,12671,1737285440,332856089,,1737285441,8134000,fcu
1737285440.4350963,12672,1737285440,434620255,,1737285441,109628000,fcu
1737285440.5330482,12673,1737285440,531884792,,1737285441,206457000,fcu
1737285440.6357496,12674,1737285440,634735052,,1737285441,309879000,fcu
1737285440.7342863,12675,1737285440,733704607,,1737285441,409227000,fcu
1737285440.8338757,12676,1737285440,832875089,,1737285441,507819000,fcu
1737285440.9332538,12677,1737285440,932720255,,1737285441,607541000,fcu
1737285441.0362937,12678,1737285441,35744255,,1737285441,711342000,fcu
1737285441.1349435,12679,1737285441,132842459,,1737285441,808402000,fcu
1737285441.2328625,12680,1737285441,231983996,,1737285441,907306000,fcu
1737285441.3348804,12681,1737285441,333980199,,1737285442,9461000,fcu
1737285441.4340994,12682,1737285441,433027273,,1737285442,108585000,fcu
1737285441.534539,12683,1737285441,533026199,,1737285442,208182000,fcu
1737285441.6346986,12684,1737285441,634020144,,1737285442,309411000,fcu
1737285441.7352605,12685,1737285441,734833533,,1737285442,410568000,fcu
1737285441.8342469,12686,1737285441,833865588,,1737285442,509129000,fcu
1737285441.9350514,12687,1737285441,933159532,,1737285442,608413000,fcu
1737285442.0346818,12688,1737285442,32650329,,1737285442,707120000,fcu
1737285442.1357589,12689,1737285442,132854773,,1737285442,808609000,fcu
1737285442.2352662,12690,1737285442,233914366,,1737285442,909556000,fcu
1737285442.334724,12691,1737285442,333124199,,1737285443,8397000,fcu
1737285442.4347324,12692,1737285442,433928865,,1737285443,109479000,fcu
1737285442.534242,12693,1737285442,533147347,,1737285443,208871000,fcu
1737285442.6351647,12694,1737285442,634162439,,1737285443,309822000,fcu
1737285442.7348845,12695,1737285442,734004032,,1737285443,408892000,fcu
1737285442.8331888,12696,1737285442,832143717,,1737285443,507769000,fcu
1737285442.9372947,12697,1737285442,936196180,,1737285443,611506000,fcu
1737285443.0331223,12698,1737285443,32209606,,1737285443,707419000,fcu
1737285443.1375532,12699,1737285443,136345291,,1737285443,811606000,fcu
1737285443.2376714,12700,1737285443,237052532,,1737285443,912708000,fcu
1737285443.3364623,12701,1737285443,336111013,,1737285444,10929000,fcu
1737285443.4360611,12702,1737285443,435138420,,1737285444,109880000,fcu
1737285443.537741,12703,1737285443,537136087,,1737285444,211887000,fcu
1737285443.638194,12704,1737285443,637257476,,1737285444,312820000,fcu
1737285443.7402172,12705,1737285443,738378087,,1737285444,414035000,fcu
1737285443.841103,12706,1737285443,840284679,,1737285444,515182000,fcu
1737285443.944484,12707,1737285443,943160309,,1737285444,618841000,fcu
1737285444.037831,12708,1737285444,36395902,,1737285444,711991000,fcu
1737285444.1358643,12709,1737285444,132211068,,1737285444,807864000,fcu
1737285444.2324889,12710,1737285444,231452346,,1737285444,906635000,fcu
1737285444.337933,12711,1737285444,337212253,,1737285445,12217000,fcu
1737285444.4371002,12712,1737285444,436229735,,1737285445,111174000,fcu
1737285444.53248,12713,1737285444,532174494,,1737285445,207872000,fcu
1737285444.634606,12714,1737285444,634239623,,1737285445,309216000,fcu
1737285444.734582,12715,1737285444,733474049,,1737285445,406318000,fcu
1737285444.8383038,12716,1737285444,837376901,,1737285445,512218000,fcu
1737285444.9364123,12717,1737285444,935449957,,1737285445,608931000,fcu
1737285445.0362463,12718,1737285445,35473864,,1737285445,709813000,fcu
1737285445.134255,12719,1737285445,133245827,,1737285445,808643000,fcu
1737285445.2357888,12720,1737285445,235373901,,1737285445,910395000,fcu
1737285445.3331249,12721,1737285445,332756641,,1737285446,7122000,fcu
1737285445.4329143,12722,1737285445,432600197,,1737285446,108045000,fcu
1737285445.5348716,12723,1737285445,534353271,,1737285446,209822000,fcu
1737285445.6316013,12724,1737285445,630601382,,1737285446,306453000,fcu
1737285445.7352762,12725,1737285445,734540215,,1737285446,409631000,fcu
1737285445.8357518,12726,1737285445,835414956,,1737285446,510796000,fcu
1737285445.9340327,12727,1737285445,932653252,,1737285446,608052000,fcu
1737285446.0355012,12728,1737285446,34654678,,1737285446,710052000,fcu
1737285446.1337426,12729,1737285446,133455382,,1737285446,808625000,fcu
1737285446.2354982,12730,1737285446,234722085,,1737285446,909824000,fcu
1737285446.335827,12731,1737285446,335484622,,1737285447,10646000,fcu
1737285446.4367113,12732,1737285446,434687826,,1737285447,109976000,fcu
1737285446.5328355,12733,1737285446,532515641,,1737285447,208295000,fcu
1737285446.635185,12734,1737285446,634561233,,1737285447,309943000,fcu
1737285446.733995,12735,1737285446,733536900,,1737285447,408576000,fcu
1737285446.8348978,12736,1737285446,834587770,,1737285447,509789000,fcu
1737285446.9365997,12737,1737285446,935775196,,1737285447,610948000,fcu
1737285447.037503,12738,1737285447,36583937,,1737285447,712055000,fcu
1737285447.1359446,12739,1737285447,135602863,,1737285447,811347000,fcu
1737285447.2351646,12740,1737285447,234604011,,1737285447,910176000,fcu
1737285447.3355863,12741,1737285447,334810362,,1737285448,9828000,fcu
1737285447.4329472,12742,1737285447,432625344,,1737285448,108554000,fcu
1737285447.5332568,12743,1737285447,532646048,,1737285448,208305000,fcu
1737285447.6352766,12744,1737285447,634661770,,1737285448,310135000,fcu
1737285447.7370102,12745,1737285447,736680788,,1737285448,412030000,fcu
1737285447.8465853,12746,1737285447,832626973,,1737285448,508644000,fcu
1737285447.9360378,12747,1737285447,934960807,,1737285448,610303000,fcu
1737285448.0335016,12748,1737285448,32846547,,1737285448,708872000,fcu
1737285448.1353285,12749,1737285448,134762584,,1737285448,810065000,fcu
1737285448.2337043,12750,1737285448,232898825,,1737285448,908934000,fcu
1737285448.333827,12751,1737285448,333004417,,1737285449,8348000,fcu
1737285448.432778,12752,1737285448,431974158,,1737285449,107541000,fcu
1737285448.5338938,12753,1737285448,532996454,,1737285449,208909000,fcu
1737285448.6340175,12754,1737285448,632944621,,1737285449,308384000,fcu
1737285448.7355673,12755,1737285448,733881380,,1737285449,409645000,fcu
1737285448.832347,12756,1737285448,831148565,,1737285449,506199000,fcu
1737285448.9366713,12757,1737285448,935095084,,1737285449,610085000,fcu
1737285449.0338674,12758,1737285449,33051806,,1737285449,708825000,fcu
1737285449.1346142,12759,1737285449,133210102,,1737285449,808164000,fcu
1737285449.2363532,12760,1737285449,235184880,,1737285449,910219000,fcu
1737285449.3363283,12761,1737285449,335858935,,1737285450,12031000,fcu
1737285449.433738,12762,1737285449,432912232,,1737285450,108338000,fcu
1737285449.5353668,12763,1737285449,534943954,,1737285450,210206000,fcu
1737285449.6355274,12764,1737285449,634973509,,1737285450,310011000,fcu
1737285449.7365975,12765,1737285449,735998139,,1737285450,408996000,fcu
1737285449.8422384,12766,1737285449,840577880,,1737285450,515927000,fcu
1737285449.9443464,12767,1737285449,943943509,,1737285450,619826000,fcu
1737285450.036725,12768,1737285450,36170435,,1737285450,711789000,fcu
1737285450.142379,12769,1737285450,140233676,,1737285450,815498000,fcu
1737285450.2392993,12770,1737285450,238245824,,1737285450,913985000,fcu
1737285450.3409863,12771,1737285450,340167583,,1737285451,15630000,fcu
1737285450.4363418,12772,1737285450,435286638,,1737285451,111032000,fcu
1737285450.5350149,12773,1737285450,534210249,,1737285451,209948000,fcu
1737285450.6344576,12774,1737285450,633317212,,1737285451,309065000,fcu
1737285450.7335553,12775,1737285450,733044583,,1737285451,408583000,fcu
1737285450.832672,12776,1737285450,832114638,,1737285451,507817000,fcu
1737285450.936944,12777,1737285450,936331471,,1737285451,612160000,fcu
1737285451.0338032,12778,1737285451,33283768,,1737285451,708619000,fcu
1737285451.134591,12779,1737285451,132515990,,1737285451,808216000,fcu
1737285451.2354608,12780,1737285451,234439119,,1737285451,909584000,fcu
1737285451.3345342,12781,1737285451,333452101,,1737285452,8623000,fcu
1737285451.435275,12782,1737285451,434340304,,1737285452,107989000,fcu
1737285451.538531,12783,1737285451,537508101,,1737285452,210141000,fcu
1737285451.6342597,12784,1737285451,633432953,,1737285452,309071000,fcu
1737285451.7342281,12785,1737285451,733434175,,1737285452,408538000,fcu
1737285451.8353102,12786,1737285451,834455323,,1737285452,510076000,fcu
1737285451.937308,12787,1737285451,936246415,,1737285452,612112000,fcu
1737285452.0518236,12788,1737285452,32424878,,1737285452,708428000,fcu
1737285452.1352527,12789,1737285452,131526341,,1737285452,807161000,fcu
1737285452.2362912,12790,1737285452,232293508,,1737285452,908572000,fcu
1737285452.3346643,12791,1737285452,332511582,,1737285453,7941000,fcu
1737285452.4354389,12792,1737285452,434494489,,1737285453,109596000,fcu
1737285452.5348086,12793,1737285452,533626489,,1737285453,209378000,fcu
1737285452.6336741,12794,1737285452,632564767,,1737285453,308069000,fcu
1737285452.7351568,12795,1737285452,734384174,,1737285453,410075000,fcu
1737285452.8346038,12796,1737285452,833590063,,1737285453,509140000,fcu
1737285452.93494,12797,1737285452,933643618,,1737285453,609168000,fcu
1737285453.0355535,12798,1737285453,34599118,,1737285453,710181000,fcu
1737285453.1325843,12799,1737285453,131649989,,1737285453,807551000,fcu
1737285453.234139,12800,1737285453,233445655,,1737285453,909254000,fcu
1737285453.3362164,12801,1737285453,335483414,,1737285454,10954000,fcu
1737285453.435842,12802,1737285453,434687007,,1737285454,110021000,fcu
1737285453.534881,12803,1737285453,533728377,,1737285454,209556000,fcu
1737285453.6323009,12804,1737285453,630893340,,1737285454,306200000,fcu
1737285453.736842,12805,1737285453,736445025,,1737285454,412830000,fcu
1737285453.8361142,12806,1737285453,835514859,,1737285454,511827000,fcu
1737285453.93719,12807,1737285453,935837396,,1737285454,609170000,fcu
1737285454.0331645,12808,1737285454,32575044,,1737285454,707869000,fcu
1737285454.1473656,12809,1737285454,134594192,,1737285454,809871000,fcu
1737285454.2330792,12810,1737285454,232572488,,1737285454,908600000,fcu
1737285454.3309472,12811,1737285454,329879358,,1737285455,6100000,fcu
1737285454.4327385,12812,1737285454,431778784,,1737285455,107196000,fcu
1737285454.5408075,12813,1737285454,534058451,,1737285455,209170000,fcu
1737285454.6338303,12814,1737285454,632824840,,1737285455,308140000,fcu
1737285454.7311234,12815,1737285454,730049173,,1737285455,406160000,fcu
1737285454.8320215,12816,1737285454,830978784,,1737285455,507155000,fcu
1737285454.9410121,12817,1737285454,940674876,,1737285455,617062000,fcu
1737285455.033087,12818,1737285455,32697191,,1737285455,708805000,fcu
1737285455.1342654,12819,1737285455,133433358,,1737285455,807466000,fcu
1737285455.2342672,12820,1737285455,233750839,,1737285455,909003000,fcu
1737285455.3341153,12821,1737285455,333733765,,1737285456,9097000,fcu
1737285455.4371154,12822,1737285455,436739191,,1737285456,112585000,fcu
1737285455.542684,12823,1737285455,541964913,,1737285456,215359000,fcu
1737285455.640686,12824,1737285455,639991543,,1737285456,316373000,fcu
1737285455.7393925,12825,1737285455,738183043,,1737285456,414180000,fcu
1737285455.8405297,12826,1737285455,839964783,,1737285456,515806000,fcu
1737285455.9304888,12827,1737285455,929954302,,1737285456,605628000,fcu
1737285456.0321906,12828,1737285456,31012228,,1737285456,707160000,fcu
1737285456.1364634,12829,1737285456,135847228,,1737285456,812344000,fcu
1737285456.2339323,12830,1737285456,233065987,,1737285456,909037000,fcu
1737285456.3335633,12831,1737285456,332119598,,1737285457,8024000,fcu
1737285456.4330227,12832,1737285456,431180653,,1737285457,107050000,fcu
1737285456.5337393,12833,1737285456,532873209,,1737285457,208576000,fcu
1737285456.6348019,12834,1737285456,633953894,,1737285457,310166000,fcu
1737285456.7343721,12835,1737285456,733149635,,1737285457,409227000,fcu
1737285456.8355186,12836,1737285456,832184616,,1737285457,506087000,fcu
1737285456.9375277,12837,1737285456,933995042,,1737285457,610152000,fcu
1737285457.0376508,12838,1737285457,35728246,,1737285457,709311000,fcu
1737285457.135908,12839,1737285457,133157431,,1737285457,808573000,fcu
1737285457.2353005,12840,1737285457,234212857,,1737285457,910222000,fcu
1737285457.3342223,12841,1737285457,333206264,,1737285458,9430000,fcu
1737285457.4334254,12842,1737285457,432219134,,1737285458,108395000,fcu
1737285457.5327196,12843,1737285457,531275782,,1737285458,207543000,fcu
1737285457.6317158,12844,1737285457,630295801,,1737285458,306596000,fcu
1737285457.730634,12845,1737285457,729295097,,1737285458,405597000,fcu
1737285457.8352966,12846,1737285457,834291134,,1737285458,509914000,fcu
1737285457.9345798,12847,1737285457,933292208,,1737285458,608939000,fcu
1737285458.0338807,12848,1737285458,32384634,,1737285458,708153000,fcu
1737285458.135522,12849,1737285458,132871189,,1737285458,808988000,fcu
1737285458.2333198,12850,1737285458,232314189,,1737285458,908380000,fcu
1737285458.3319876,12851,1737285458,331160134,,1737285459,7185000,fcu
1737285458.4350102,12852,1737285458,433489004,,1737285459,109113000,fcu
1737285458.5329218,12853,1737285458,532185171,,1737285459,208098000,fcu
1737285458.6345549,12854,1737285458,633403911,,1737285459,309065000,fcu
1737285458.7348192,12855,1737285458,734199948,,1737285459,410555000,fcu
1737285458.8338482,12856,1737285458,833211800,,1737285459,509810000,fcu
1737285458.9366348,12857,1737285458,936277615,,1737285459,612017000,fcu
1737285459.0371883,12858,1737285459,32187670,,1737285459,708511000,fcu
1737285459.1332326,12859,1737285459,131041263,,1737285459,806118000,fcu
1737285459.2342472,12860,1737285459,233440726,,1737285459,909798000,fcu
1737285459.3343494,12861,1737285459,333491726,,1737285460,9565000,fcu
1737285459.432905,12862,1737285459,432316985,,1737285460,108451000,fcu
1737285459.5319564,12863,1737285459,531314633,,1737285460,207781000,fcu
1737285459.633868,12864,1737285459,633333503,,1737285460,309348000,fcu
1737285459.731575,12865,1737285459,730559318,,1737285460,406374000,fcu
1737285459.8347397,12866,1737285459,833599522,,1737285460,510121000,fcu
1737285459.9361846,12867,1737285459,934387466,,1737285460,611057000,fcu
1737285460.0317998,12868,1737285460,31401688,,1737285460,707807000,fcu
1737285460.1357062,12869,1737285460,133525096,,1737285460,809945000,fcu
1737285460.2347295,12870,1737285460,233500133,,1737285460,909385000,fcu
1737285460.333221,12871,1737285460,332449040,,1737285461,8838000,fcu
1737285460.4358032,12872,1737285460,434548651,,1737285461,110394000,fcu
1737285460.5336025,12873,1737285460,532552818,,1737285461,209099000,fcu
1737285460.6352768,12874,1737285460,634483855,,1737285461,310882000,fcu
1737285460.732914,12875,1737285460,731615614,,1737285461,407599000,fcu
1737285460.8327534,12876,1737285460,830615114,,1737285461,506597000,fcu
1737285460.9368556,12877,1737285460,934521206,,1737285461,610933000,fcu
1737285461.0396752,12878,1737285461,38696965,,1737285461,715321000,fcu
1737285461.1395872,12879,1737285461,138603836,,1737285461,814896000,fcu
1737285461.2411084,12880,1737285461,240553817,,1737285461,917023000,fcu
1737285461.338087,12881,1737285461,336854910,,1737285462,13135000,fcu
1737285461.4357166,12882,1737285461,434806632,,1737285462,111158000,fcu
1737285461.5367703,12883,1737285461,535796595,,1737285462,212409000,fcu
1737285461.6344662,12884,1737285461,632873854,,1737285462,309029000,fcu
1737285461.7331793,12885,1737285461,732608484,,1737285462,408832000,fcu
1737285461.833821,12886,1737285461,831877280,,1737285462,508037000,fcu
1737285461.934924,12887,1737285461,934022372,,1737285462,609615000,fcu
1737285462.033316,12888,1737285462,32666669,,1737285462,708370000,fcu
1737285462.1338918,12889,1737285462,131632872,,1737285462,807854000,fcu
1737285462.234953,12890,1737285462,233797205,,1737285462,909589000,fcu
1737285462.3328395,12891,1737285462,330953854,,1737285463,6154000,fcu
1737285462.4347627,12892,1737285462,433783983,,1737285463,109840000,fcu
1737285462.5345218,12893,1737285462,532868576,,1737285463,209155000,fcu
1737285462.6350017,12894,1737285462,631959705,,1737285463,308135000,fcu
1737285462.732727,12895,1737285462,731766335,,1737285463,407396000,fcu
1737285462.8369124,12896,1737285462,835799575,,1737285463,511393000,fcu
1737285462.933482,12897,1737285462,931865187,,1737285463,608602000,fcu
1737285463.0349352,12898,1737285463,33803798,,1737285463,709957000,fcu
1737285463.1371272,12899,1737285463,133089612,,1737285463,807204000,fcu
1737285463.2329547,12900,1737285463,231853612,,1737285463,908188000,fcu
1737285463.3352072,12901,1737285463,334098871,,1737285464,9988000,fcu
1737285463.4341311,12902,1737285463,432638816,,1737285464,108976000,fcu
1737285463.5358005,12903,1737285463,534918168,,1737285464,210927000,fcu
1737285463.6353834,12904,1737285463,633003390,,1737285464,307406000,fcu
1737285463.7338386,12905,1737285463,732927816,,1737285464,409212000,fcu
1737285463.8329391,12906,1737285463,831936538,,1737285464,508163000,fcu
1737285463.9322333,12907,1737285463,931092964,,1737285464,607848000,fcu
1737285464.03423,12908,1737285464,33125945,,1737285464,709433000,fcu
1737285464.13713,12909,1737285464,132946056,,1737285464,808997000,fcu
1737285464.2325249,12910,1737285464,231982297,,1737285464,908084000,fcu
1737285464.3341885,12911,1737285464,333214056,,1737285465,9348000,fcu
1737285464.432544,12912,1737285464,432002889,,1737285465,108067000,fcu
1737285464.5324593,12913,1737285464,532013834,,1737285465,208005000,fcu
1737285464.635195,12914,1737285464,634213704,,1737285465,310085000,fcu
1737285464.734215,12915,1737285464,733225315,,1737285465,409306000,fcu
1737285464.8327136,12916,1737285464,832055352,,1737285465,508197000,fcu
1737285464.9335234,12917,1737285464,932294926,,1737285465,608335000,fcu
1737285465.034668,12918,1737285465,33331148,,1737285465,709216000,fcu
1737285465.1347907,12919,1737285465,133200444,,1737285465,809155000,fcu
1737285465.2320254,12920,1737285465,231280315,,1737285465,907914000,fcu
1737285465.359401,12921,1737285465,331350037,,1737285466,8022000,fcu
1737285465.4341145,12922,1737285465,433310500,,1737285466,109587000,fcu
1737285465.532776,12923,1737285465,532162204,,1737285466,208772000,fcu
1737285465.6345692,12924,1737285465,634173111,,1737285466,310177000,fcu
1737285465.733762,12925,1737285465,733189666,,1737285466,409347000,fcu
1737285465.832612,12926,1737285465,832203129,,1737285466,508142000,fcu
1737285465.9342968,12927,1737285465,933385129,,1737285466,609960000,fcu
1737285466.0328913,12928,1737285466,32248203,,1737285466,708902000,fcu
1737285466.1362503,12929,1737285466,134329129,,1737285466,810987000,fcu
1737285466.2343988,12930,1737285466,233445499,,1737285466,910013000,fcu
1737285466.3329494,12931,1737285466,332275647,,1737285467,9108000,fcu
1737285466.439873,12932,1737285466,439274666,,1737285467,115551000,fcu
1737285466.5397851,12933,1737285466,538576907,,1737285467,212439000,fcu
1737285466.6391795,12934,1737285466,637690647,,1737285467,314193000,fcu
1737285466.7423544,12935,1737285466,741487221,,1737285467,418351000,fcu
1737285466.8309038,12936,1737285466,829614221,,1737285467,506172000,fcu
1737285466.9326785,12937,1737285466,931563629,,1737285467,608111000,fcu
1737285467.0399451,12938,1737285467,39354351,,1737285467,715853000,fcu
1737285467.135487,12939,1737285467,133674721,,1737285467,809115000,fcu
1737285467.2345164,12940,1737285467,233588054,,1737285467,909963000,fcu
1737285467.3331268,12941,1737285467,332400758,,1737285468,8610000,fcu
1737285467.4322798,12942,1737285467,431554721,,1737285468,107816000,fcu
1737285467.5344918,12943,1737285467,533591628,,1737285468,209769000,fcu
1737285467.6322315,12944,1737285467,631487610,,1737285468,308393000,fcu
1737285467.7329435,12945,1737285467,732485332,,1737285468,408325000,fcu
1737285467.8328938,12946,1737285467,831398980,,1737285468,507547000,fcu
1737285467.9367752,12947,1737285467,935682387,,1737285468,612024000,fcu
1737285468.033465,12948,1737285468,31812406,,1737285468,706144000,fcu
1737285468.1365318,12949,1737285468,134813072,,1737285468,808180000,fcu
1737285468.2347398,12950,1737285468,233751165,,1737285468,909631000,fcu
1737285468.333834,12951,1737285468,332774702,,1737285469,9221000,fcu
1737285468.4309063,12952,1737285468,429807794,,1737285469,106040000,fcu
1737285468.5332263,12953,1737285468,532574257,,1737285469,209561000,fcu
1737285468.6349144,12954,1737285468,634584628,,1737285469,311097000,fcu
1737285468.7350953,12955,1737285468,734589331,,1737285469,410815000,fcu
1737285468.835994,12956,1737285468,835615350,,1737285469,512045000,fcu
1737285468.935838,12957,1737285468,934821609,,1737285469,609405000,fcu
1737285469.0360699,12958,1737285469,35681738,,1737285469,710626000,fcu
1737285469.1333356,12959,1737285469,132763720,,1737285469,809806000,fcu
1737285469.2326612,12960,1737285469,231840849,,1737285469,908413000,fcu
1737285469.3323872,12961,1737285469,331697423,,1737285470,8613000,fcu
1737285469.4348807,12962,1737285469,433927331,,1737285470,110076000,fcu
1737285469.5350733,12963,1737285469,534728720,,1737285470,211845000,fcu
1737285469.6309438,12964,1737285469,629979108,,1737285470,306104000,fcu
1737285469.7314038,12965,1737285469,730870664,,1737285470,407926000,fcu
1737285469.8336291,12966,1737285469,832930942,,1737285470,509448000,fcu
1737285469.9363272,12967,1737285469,935767090,,1737285470,612154000,fcu
1737285470.0352,12968,1737285470,34798108,,1737285470,711137000,fcu
1737285470.1349509,12969,1737285470,133848108,,1737285470,808313000,fcu
1737285470.2347631,12970,1737285470,233928997,,1737285470,910334000,fcu
1737285470.3343608,12971,1737285470,333828515,,1737285471,10133000,fcu
1737285470.4338481,12972,1737285470,432953849,,1737285471,109086000,fcu
1737285470.5326474,12973,1737285470,531892145,,1737285471,208837000,fcu
1737285470.632245,12974,1737285470,631027441,,1737285471,308062000,fcu
1737285470.732062,12975,1737285470,731023089,,1737285471,407403000,fcu
1737285470.8356147,12976,1737285470,835027126,,1737285471,511302000,fcu
1737285470.9334295,12977,1737285470,932334108,,1737285471,608621000,fcu
1737285471.0311916,12978,1737285471,30846348,,1737285471,707621000,fcu
1737285471.1392946,12979,1737285471,133930608,,1737285471,809401000,fcu
1737285471.2331111,12980,1737285471,232147126,,1737285471,908561000,fcu
1737285471.3326993,12981,1737285471,331975219,,1737285472,8305000,fcu
1737285471.4318829,12982,1737285471,430246404,,1737285472,107299000,fcu
1737285471.5419202,12983,1737285471,540201959,,1737285472,216965000,fcu
1737285471.6405184,12984,1737285471,639261848,,1737285472,316102000,fcu
1737285471.7328286,12985,1737285471,731272607,,1737285472,408143000,fcu
1737285471.842729,12986,1737285471,842032978,,1737285472,518540000,fcu
1737285471.9336474,12987,1737285471,932316255,,1737285472,609210000,fcu
1737285472.0317967,12988,1737285472,31066792,,1737285472,708057000,fcu
1737285472.1340141,12989,1737285472,131090922,,1737285472,807771000,fcu
1737285472.2354338,12990,1737285472,235090607,,1737285472,912088000,fcu
1737285472.332447,12991,1737285472,332105496,,1737285473,8367000,fcu
1737285472.43415,12992,1737285472,433472551,,1737285473,110209000,fcu
1737285472.5330315,12993,1737285472,532473588,,1737285473,209370000,fcu
1737285472.6334715,12994,1737285472,633155329,,1737285473,310211000,fcu
1737285472.732713,12995,1737285472,732148644,,1737285473,409160000,fcu
1737285472.8332486,12996,1737285472,831281329,,1737285473,508358000,fcu
1737285472.9312263,12997,1737285472,930426514,,1737285473,607434000,fcu
1737285473.0329716,12998,1737285473,32369662,,1737285473,708959000,fcu
1737285473.1347618,12999,1737285473,131166699,,1737285473,808354000,fcu
1737285473.2313435,13000,1737285473,230240810,,1737285473,907179000,fcu
1737285473.33285,13001,1737285473,332233717,,1737285474,9322000,fcu
1737285473.430861,13002,1737285473,429653180,,1737285474,106217000,fcu
1737285473.5325155,13003,1737285473,531519699,,1737285474,208207000,fcu
1737285473.6338925,13004,1737285473,632888736,,1737285474,309604000,fcu
1737285473.7353609,13005,1737285473,734516291,,1737285474,409133000,fcu
1737285473.8319292,13006,1737285473,830663958,,1737285474,507645000,fcu
1737285473.9380648,13007,1737285473,937346106,,1737285474,611917000,fcu
1737285474.0329142,13008,1737285474,32333587,,1737285474,708815000,fcu
1737285474.1336792,13009,1737285474,130291624,,1737285474,807843000,fcu
1737285474.233182,13010,1737285474,232381921,,1737285474,909208000,fcu
1737285474.3335738,13011,1737285474,331632439,,1737285475,8838000,fcu
1737285474.4341576,13012,1737285474,433404550,,1737285475,110334000,fcu
1737285474.535791,13013,1737285474,535405143,,1737285475,212213000,fcu
1737285474.6351278,13014,1737285474,634416550,,1737285475,311571000,fcu
1737285474.7328444,13015,1737285474,731727254,,1737285475,408196000,fcu
1737285474.8351958,13016,1737285474,834450939,,1737285475,511854000,fcu
1737285474.9331992,13017,1737285474,932466865,,1737285475,609110000,fcu
1737285475.0326755,13018,1737285475,31663605,,1737285475,708002000,fcu
1737285475.1369202,13019,1737285475,131107976,,1737285475,807523000,fcu
1737285475.2312376,13020,1737285475,229738809,,1737285475,906858000,fcu
1737285475.3308232,13021,1737285475,329732216,,1737285476,6303000,fcu
1737285475.4320483,13022,1737285475,430786920,,1737285476,107960000,fcu
1737285475.5319328,13023,1737285475,530751012,,1737285476,207427000,fcu
1737285475.6354818,13024,1737285475,634567105,,1737285476,311307000,fcu
1737285475.7326972,13025,1737285475,731756568,,1737285476,408211000,fcu
1737285475.8355513,13026,1737285475,834602031,,1737285476,511909000,fcu
1737285475.935839,13027,1737285475,934780179,,1737285476,612094000,fcu
1737285476.0314076,13028,1737285476,30673068,,1737285476,708094000,fcu
1737285476.1345336,13029,1737285476,134013142,,1737285476,810162000,fcu
1737285476.2322488,13030,1737285476,231654734,,1737285476,909090000,fcu
1737285476.3315632,13031,1737285476,330876882,,1737285477,8109000,fcu
1737285476.4352582,13032,1737285476,434867123,,1737285477,111971000,fcu
1737285476.532748,13033,1737285476,531929827,,1737285477,209206000,fcu
1737285476.6370938,13034,1737285476,636737493,,1737285477,313369000,fcu
1737285476.7366984,13035,1737285476,735922419,,1737285477,413519000,fcu
1737285476.8355684,13036,1737285476,834891752,,1737285477,511925000,fcu
1737285476.934515,13037,1737285476,933924604,,1737285477,611336000,fcu
1737285477.0365295,13038,1737285477,35934493,,1737285477,713164000,fcu
1737285477.139147,13039,1737285477,137938160,,1737285477,815107000,fcu
1737285477.2435355,13040,1737285477,241976345,,1737285477,918922000,fcu
1737285477.3415961,13041,1737285477,340823937,,1737285478,18014000,fcu
1737285477.438305,13042,1737285477,435892993,,1737285478,108106000,fcu
1737285477.5394275,13043,1737285477,538828270,,1737285478,216027000,fcu
1737285477.6300364,13044,1737285477,629116196,,1737285478,306296000,fcu
1737285477.7313957,13045,1737285477,730853344,,1737285478,408307000,fcu
1737285477.8337364,13046,1737285477,833048659,,1737285478,509425000,fcu
1737285477.9319458,13047,1737285477,931072789,,1737285478,608360000,fcu
1737285478.033242,13048,1737285478,32899159,,1737285478,709433000,fcu
1737285478.1350036,13049,1737285478,133818937,,1737285478,808307000,fcu
1737285478.2302659,13050,1737285478,229917733,,1737285478,907152000,fcu
1737285478.3330884,13051,1737285478,332162844,,1737285479,9194000,fcu
1737285478.4318829,13052,1737285478,430968196,,1737285479,107893000,fcu
1737285478.5290155,13053,1737285478,528160566,,1737285479,205391000,fcu
1737285478.632886,13054,1737285478,632177307,,1737285479,309554000,fcu
1737285478.7332952,13055,1737285478,732486140,,1737285479,409171000,fcu
1737285478.8320951,13056,1737285478,831199584,,1737285479,508308000,fcu
1737285478.9342275,13057,1737285478,933262270,,1737285479,610113000,fcu
1737285479.0316994,13058,1737285479,31035381,,1737285479,708524000,fcu
1737285479.1354465,13059,1737285479,131382121,,1737285479,808398000,fcu
1737285479.2309115,13060,1737285479,230261029,,1737285479,907089000,fcu
1737285479.3346794,13061,1737285479,334099806,,1737285480,8641000,fcu
1737285479.434215,13062,1737285479,433278862,,1737285480,107532000,fcu
1737285479.5354743,13063,1737285479,535159843,,1737285480,209038000,fcu
1737285479.6314116,13064,1737285479,631110769,,1737285480,308578000,fcu
1737285479.7340107,13065,1737285479,733315121,,1737285480,410323000,fcu
1737285479.8330414,13066,1737285479,832317399,,1737285480,509092000,fcu
1737285479.934557,13067,1737285479,934177880,,1737285480,610918000,fcu
1737285480.030777,13068,1737285480,30171862,,1737285480,707504000,fcu
1737285480.136529,13069,1737285480,131156121,,1737285480,807157000,fcu
1737285480.2322762,13070,1737285480,231399843,,1737285480,908624000,fcu
1737285480.3317738,13071,1737285480,331213176,,1737285481,8760000,fcu
1737285480.434513,13072,1737285480,433469935,,1737285481,110194000,fcu
1737285480.5335166,13073,1737285480,532446324,,1737285481,209352000,fcu
1737285480.6323366,13074,1737285480,631468269,,1737285481,308555000,fcu
1737285480.734297,13075,1737285480,733454509,,1737285481,410129000,fcu
1737285480.8323538,13076,1737285480,831451046,,1737285481,509005000,fcu
1737285480.9316242,13077,1737285480,931317176,,1737285481,608127000,fcu
1737285481.0311558,13078,1737285481,30500305,,1737285481,707415000,fcu
1737285481.1344182,13079,1737285481,132342805,,1737285481,809936000,fcu
1737285481.2322478,13080,1737285481,231532527,,1737285481,909021000,fcu
1737285481.3326504,13081,1737285481,332358416,,1737285482,10106000,fcu
1737285481.4346669,13082,1737285481,434359935,,1737285482,111640000,fcu
1737285481.5317018,13083,1737285481,531418138,,1737285482,208392000,fcu
1737285481.6315062,13084,1737285481,630703305,,1737285482,307394000,fcu
1737285481.732989,13085,1737285481,732422972,,1737285482,409202000,fcu
1737285481.8317873,13086,1737285481,831446786,,1737285482,508300000,fcu
1737285481.933412,13087,1737285481,932631786,,1737285482,610227000,fcu
1737285482.0293095,13088,1737285482,28643379,,1737285482,706357000,fcu
1737285482.1337059,13089,1737285482,131560212,,1737285482,808817000,fcu
1737285482.2319062,13090,1737285482,230679027,,1737285482,907620000,fcu
1737285482.3355143,13091,1737285482,334526268,,1737285483,11890000,fcu
1737285482.4368644,13092,1737285482,436508897,,1737285483,113628000,fcu
1737285482.539654,13093,1737285482,538756286,,1737285483,216383000,fcu
1737285482.6430278,13094,1737285482,642490193,,1737285483,319838000,fcu
1737285482.7398157,13095,1737285482,739477027,,1737285483,416897000,fcu
1737285482.841898,13096,1737285482,841567286,,1737285483,518303000,fcu
1737285482.932513,13097,1737285482,931783101,,1737285483,609192000,fcu
1737285483.0311465,13098,1737285483,30602175,,1737285483,708053000,fcu
1737285483.1343853,13099,1737285483,134064471,,1737285483,807873000,fcu
1737285483.2383928,13100,1737285483,237828730,,1737285483,915297000,fcu
1737285483.3325362,13101,1737285483,331839341,,1737285484,9009000,fcu
1737285483.4314377,13102,1737285483,430932415,,1737285484,108183000,fcu
1737285483.533366,13103,1737285483,532816248,,1737285484,209894000,fcu
1737285483.6300828,13104,1737285483,629087693,,1737285484,306579000,fcu
1737285483.7317095,13105,1737285483,730936452,,1737285484,408203000,fcu
1737285483.8322523,13106,1737285483,831717211,,1737285484,509188000,fcu
1737285483.933026,13107,1737285483,932019007,,1737285484,609152000,fcu
1737285484.0313818,13108,1737285484,30887026,,1737285484,707913000,fcu
1737285484.1334846,13109,1737285484,129955359,,1737285484,807170000,fcu
1737285484.232599,13110,1737285484,231988100,,1737285484,909304000,fcu
1737285484.3318002,13111,1737285484,330979711,,1737285485,8869000,fcu
1737285484.4317565,13112,1737285484,431032433,,1737285485,108029000,fcu
1737285484.5327487,13113,1737285484,532000692,,1737285485,209422000,fcu
1737285484.63172,13114,1737285484,631026988,,1737285485,308607000,fcu
1737285484.7319698,13115,1737285484,731082951,,1737285485,407624000,fcu
1737285484.832835,13116,1737285484,832086544,,1737285485,509365000,fcu
1737285484.9331508,13117,1737285484,931000877,,1737285485,608137000,fcu
1737285485.0344665,13118,1737285485,33087896,,1737285485,707529000,fcu
1737285485.1355822,13119,1737285485,134935507,,1737285485,810100000,fcu
1737285485.236855,13120,1737285485,235938414,,1737285485,911308000,fcu
1737285485.3319354,13121,1737285485,331108044,,1737285486,8417000,fcu
1737285485.4335616,13122,1737285485,432957914,,1737285486,109851000,fcu
1737285485.532892,13123,1737285485,532142655,,1737285486,209319000,fcu
1737285485.63107,13124,1737285485,630199877,,1737285486,307996000,fcu
1737285485.731932,13125,1737285485,731168358,,1737285486,408314000,fcu
1737285485.8329415,13126,1737285485,832197599,,1737285486,509425000,fcu
1737285485.9345326,13127,1737285485,934012377,,1737285486,611116000,fcu
1737285486.0310736,13128,1737285486,30229358,,1737285486,707948000,fcu
1737285486.1324468,13129,1737285486,131076543,,1737285486,807862000,fcu
1737285486.2302048,13130,1737285486,229344376,,1737285486,907138000,fcu
1737285486.3325393,13131,1737285486,332059228,,1737285487,9161000,fcu
1737285486.4318285,13132,1737285486,431076284,,1737285487,108177000,fcu
1737285486.5318305,13133,1737285486,531268950,,1737285487,208442000,fcu
1737285486.632785,13134,1737285486,632261728,,1737285487,309585000,fcu
1737285486.7319312,13135,1737285486,731279228,,1737285487,409022000,fcu
1737285486.831011,13136,1737285486,830284987,,1737285487,507979000,fcu
1737285486.9329388,13137,1737285486,932289654,,1737285487,610058000,fcu
1737285487.032001,13138,1737285487,31338117,,1737285487,708976000,fcu
1737285487.1338215,13139,1737285487,130973746,,1737285487,806202000,fcu
1737285487.2312484,13140,1737285487,230361876,,1737285487,907360000,fcu
1737285487.3303542,13141,1737285487,329452005,,1737285488,7351000,fcu
1737285487.432408,13142,1737285487,431445265,,1737285488,109094000,fcu
1737285487.5316088,13143,1737285487,531245598,,1737285488,208999000,fcu
1737285487.6344178,13144,1737285487,633463079,,1737285488,311171000,fcu
1737285487.7333608,13145,1737285487,732444820,,1737285488,410356000,fcu
1737285487.8355026,13146,1737285487,834489653,,1737285488,512054000,fcu
1737285487.9410744,13147,1737285487,939519449,,1737285488,616545000,fcu
1737285488.0387807,13148,1737285488,37391153,,1737285488,715187000,fcu
1737285488.1396897,13149,1737285488,139315005,,1737285488,816921000,fcu
1737285488.2406254,13150,1737285488,238627894,,1737285488,916114000,fcu
1737285488.3310342,13151,1737285488,328749023,,1737285489,6171000,fcu
1737285488.4317503,13152,1737285488,430592671,,1737285489,107454000,fcu
1737285488.5390437,13153,1737285488,538386875,,1737285489,216031000,fcu
1737285488.630492,13154,1737285488,629570319,,1737285489,306613000,fcu
1737285488.7348387,13155,1737285488,734373393,,1737285489,412536000,fcu
1737285488.8318117,13156,1737285488,829710671,,1737285489,507204000,fcu
1737285488.9315782,13157,1737285488,930628782,,1737285489,608619000,fcu
1737285489.0335033,13158,1737285489,32605930,,1737285489,710085000,fcu
1737285489.1328075,13159,1737285489,131676189,,1737285489,809122000,fcu
1737285489.2318296,13160,1737285489,230687745,,1737285489,908111000,fcu
1737285489.3356164,13161,1737285489,334661560,,1737285490,12436000,fcu
1737285489.4341738,13162,1737285489,433491208,,1737285490,111591000,fcu
1737285489.53088,13163,1737285489,530500930,,1737285490,208037000,fcu
1737285489.6352546,13164,1737285489,634521097,,1737285490,312189000,fcu
1737285489.7331421,13165,1737285489,731753541,,1737285490,409581000,fcu
1737285489.8316238,13166,1737285489,830732356,,1737285490,508199000,fcu
1737285489.9339986,13167,1737285489,932858152,,1737285490,610114000,fcu
1737285490.0312564,13168,1737285490,30580393,,1737285490,708512000,fcu
1737285490.1319885,13169,1737285490,130763967,,1737285490,807949000,fcu
1737285490.2329865,13170,1737285490,231805467,,1737285490,909132000,fcu
1737285490.33098,13171,1737285490,330617022,,1737285491,8139000,fcu
1737285490.433429,13172,1737285490,432649837,,1737285491,109972000,fcu
1737285490.533858,13173,1737285490,531967911,,1737285491,207168000,fcu
1737285490.6350076,13174,1737285490,633846818,,1737285491,308358000,fcu
1737285490.7321072,13175,1737285490,730950596,,1737285491,408188000,fcu
1737285490.8314896,13176,1737285490,829948725,,1737285491,507154000,fcu
1737285490.9340875,13177,1737285490,932018151,,1737285491,609166000,fcu
1737285491.032239,13178,1737285491,30896596,,1737285491,708025000,fcu
1737285491.1338165,13179,1737285491,129718262,,1737285491,807138000,fcu
1737285491.2318869,13180,1737285491,230825447,,1737285491,908592000,fcu
1737285491.3322966,13181,1737285491,330978596,,1737285492,8561000,fcu
1737285491.432559,13182,1737285491,431788670,,1737285492,109880000,fcu
1737285491.5326223,13183,1737285491,531810225,,1737285492,209831000,fcu
1737285491.6319346,13184,1737285491,630832077,,1737285492,308520000,fcu
1737285491.7321136,13185,1737285491,731078632,,1737285492,408548000,fcu
1737285491.8309405,13186,1737285491,830026077,,1737285492,507728000,fcu
1737285491.9325628,13187,1737285491,931858280,,1737285492,609960000,fcu
1737285492.032467,13188,1737285492,31086965,,1737285492,709136000,fcu
1737285492.1321006,13189,1737285492,131289762,,1737285492,808425000,fcu
1737285492.234124,13190,1737285492,232104854,,1737285492,910114000,fcu
1737285492.3319476,13191,1737285492,330915336,,1737285493,9051000,fcu
1737285492.431124,13192,1737285492,430077039,,1737285493,108195000,fcu
1737285492.5325472,13193,1737285492,531915669,,1737285493,210091000,fcu
1737285492.6317568,13194,1737285492,630933576,,1737285493,309123000,fcu
1737285492.7333307,13195,1737285492,732951261,,1737285493,411042000,fcu
1737285492.8332357,13196,1737285492,832187261,,1737285493,510421000,fcu
1737285492.9301832,13197,1737285492,929185650,,1737285493,607401000,fcu
1737285493.0323422,13198,1737285493,30997409,,1737285493,708606000,fcu
1737285493.1313548,13199,1737285493,130262631,,1737285493,808087000,fcu
1737285493.2328467,13200,1737285493,232065965,,1737285493,909895000,fcu
1737285493.3336117,13201,1737285493,333039261,,1737285494,11076000,fcu
1737285493.43243,13202,1737285493,432080242,,1737285494,110066000,fcu
1737285493.537668,13203,1737285493,537067076,,1737285494,214387000,fcu
1737285493.6359525,13204,1737285493,635148576,,1737285494,313312000,fcu
1737285493.7369087,13205,1737285493,735341039,,1737285494,413444000,fcu
1737285493.8373566,13206,1737285493,837030076,,1737285494,514615000,fcu
1737285493.941538,13207,1737285493,941104890,,1737285494,618758000,fcu
1737285494.037566,13208,1737285494,37132149,,1737285494,715359000,fcu
1737285494.136592,13209,1737285494,136157390,,1737285494,814253000,fcu
1737285494.234592,13210,1737285494,234166186,,1737285494,912387000,fcu
1737285494.3338492,13211,1737285494,333193779,,1737285495,11189000,fcu
1737285494.4327476,13212,1737285494,432193223,,1737285495,110337000,fcu
1737285494.5306811,13213,1737285494,529427871,,1737285495,207304000,fcu
1737285494.6325023,13214,1737285494,631434205,,1737285495,308965000,fcu
1737285494.7311182,13215,1737285494,730278279,,1737285495,408042000,fcu
1737285494.8332405,13216,1737285494,832444056,,1737285495,510045000,fcu
1737285494.9335773,13217,1737285494,933255019,,1737285495,611769000,fcu
1737285495.030583,13218,1737285495,30275797,,1737285495,708603000,fcu
1737285495.1327252,13219,1737285495,132317778,,1737285495,810027000,fcu
1737285495.2322843,13220,1737285495,231523241,,1737285495,909018000,fcu
1737285495.3310084,13221,1737285495,330456741,,1737285496,8894000,fcu
1737285495.4311306,13222,1737285495,430527834,,1737285496,108060000,fcu
1737285495.5324063,13223,1737285495,531551426,,1737285496,209270000,fcu
1737285495.632824,13224,1737285495,632359667,,1737285496,310814000,fcu
1737285495.7317724,13225,1737285495,730526463,,1737285496,408648000,fcu
1737285495.8332086,13226,1737285495,832585056,,1737285496,510214000,fcu
1737285495.9336834,13227,1737285495,933392130,,1737285496,611032000,fcu
1737285496.033696,13228,1737285496,32758908,,1737285496,710399000,fcu
1737285496.1348054,13229,1737285496,133658407,,1737285496,809562000,fcu
1737285496.2314491,13230,1737285496,230607870,,1737285496,908532000,fcu
1737285496.3321052,13231,1737285496,331471944,,1737285497,9359000,fcu
1737285496.4310265,13232,1737285496,430453889,,1737285497,108207000,fcu
1737285496.5335186,13233,1737285496,531898963,,1737285497,209957000,fcu
1737285496.635072,13234,1737285496,631047278,,1737285497,309071000,fcu
1737285496.7337859,13235,1737285496,730731722,,1737285497,408361000,fcu
1737285496.832511,13236,1737285496,831604074,,1737285497,509770000,fcu
1737285496.9335861,13237,1737285496,932001240,,1737285497,609439000,fcu
1737285497.0328832,13238,1737285497,30994166,,1737285497,708416000,fcu
1737285497.132106,13239,1737285497,130022981,,1737285497,808152000,fcu
1737285497.2365391,13240,1737285497,233879481,,1737285497,912104000,fcu
1737285497.3331103,13241,1737285497,331709814,,1737285498,9369000,fcu
1737285497.4311433,13242,1737285497,429979647,,1737285498,107898000,fcu
1737285497.532356,13243,1737285497,531647610,,1737285498,209587000,fcu
1737285497.631641,13244,1737285497,628293258,,1737285498,306297000,fcu
1737285497.7328098,13245,1737285497,730001814,,1737285498,408099000,fcu
1737285497.836857,13246,1737285497,830840925,,1737285498,508963000,fcu
1737285497.9316046,13247,1737285497,930008203,,1737285498,608111000,fcu
1737285498.033788,13248,1737285498,31728980,,1737285498,709551000,fcu
1737285498.1360273,13249,1737285498,132774703,,1737285498,811083000,fcu
1737285498.2317283,13250,1737285498,229744740,,1737285498,907372000,fcu
1737285498.3329797,13251,1737285498,330980591,,1737285499,9108000,fcu
1737285498.437057,13252,1737285498,435827739,,1737285499,113149000,fcu
1737285498.53369,13253,1737285498,532158425,,1737285499,209923000,fcu
1737285498.6329505,13254,1737285498,631189628,,1737285499,308767000,fcu
1737285498.7339704,13255,1737285498,732888610,,1737285499,410380000,fcu
1737285498.8354445,13256,1737285498,834159424,,1737285499,511838000,fcu
1737285498.9329765,13257,1737285498,931198147,,1737285499,609027000,fcu
1737285499.0341325,13258,1737285499,32258980,,1737285499,710081000,fcu
1737285499.1318498,13259,1737285499,129371646,,1737285499,807109000,fcu
1737285499.2364428,13260,1737285499,234921054,,1737285499,913224000,fcu
1737285499.3334253,13261,1737285499,331949202,,1737285500,10115000,fcu
1737285499.4361095,13262,1737285499,433299054,,1737285500,111627000,fcu
1737285499.539393,13263,1737285499,537995165,,1737285500,215916000,fcu
1737285499.6413083,13264,1737285499,639975979,,1737285500,317609000,fcu
1737285499.7401977,13265,1737285499,738982794,,1737285500,416641000,fcu
1737285499.835698,13266,1737285499,834294998,,1737285500,511898000,fcu
1737285499.933125,13267,1737285499,932010479,,1737285500,610050000,fcu
1737285500.0331194,13268,1737285500,31340313,,1737285500,709330000,fcu
1737285500.1323495,13269,1737285500,130063572,,1737285500,808093000,fcu
1737285500.2344222,13270,1737285500,232463035,,1737285500,910195000,fcu
1737285500.330378,13271,1737285500,328588257,,1737285501,6386000,fcu
1737285500.4339292,13272,1737285500,431381572,,1737285501,109560000,fcu
1737285500.5314736,13273,1737285500,530355868,,1737285501,208888000,fcu
1737285500.6353836,13274,1737285500,632446868,,1737285501,310065000,fcu
1737285500.7364073,13275,1737285500,731371220,,1737285501,408972000,fcu
1737285500.82996,13276,1737285500,829125775,,1737285501,507587000,fcu
1737285500.9326131,13277,1737285500,931516201,,1737285501,609901000,fcu
1737285501.0307016,13278,1737285501,28692553,,1737285501,706191000,fcu
1737285501.134648,13279,1737285501,132170312,,1737285501,810334000,fcu
1737285501.2328045,13280,1737285501,231398719,,1737285501,909333000,fcu
1737285501.3317275,13281,1737285501,330229015,,1737285502,8345000,fcu
1737285501.4304647,13282,1737285501,429248219,,1737285502,107649000,fcu
1737285501.5341668,13283,1737285501,533260256,,1737285502,211532000,fcu
1737285501.6308675,13284,1737285501,629264404,,1737285502,307641000,fcu
1737285501.7325842,13285,1737285501,731348219,,1737285502,409441000,fcu
1737285501.8331668,13286,1737285501,830482163,,1737285502,508451000,fcu
1737285501.9396074,13287,1737285501,934507386,,1737285502,612553000,fcu
1737285502.0333223,13288,1737285502,30443830,,1737285502,708862000,fcu
1737285502.1339426,13289,1737285502,131335515,,1737285502,808841000,fcu
1737285502.235771,13290,1737285502,231752959,,1737285502,909560000,fcu
1737285502.3348024,13291,1737285502,332815978,,1737285503,8338000,fcu
1737285502.436435,13292,1737285502,434509996,,1737285503,110026000,fcu
1737285502.5321567,13293,1737285502,530395385,,1737285503,209109000,fcu
1737285502.6338809,13294,1737285502,632767052,,1737285503,310443000,fcu
1737285502.7334929,13295,1737285502,731744996,,1737285503,409317000,fcu
1737285502.8338344,13296,1737285502,830829533,,1737285503,508545000,fcu
1737285502.9350102,13297,1737285502,933737237,,1737285503,612049000,fcu
1737285503.0340993,13298,1737285503,32505237,,1737285503,711060000,fcu
1737285503.131204,13299,1737285503,129813903,,1737285503,808371000,fcu
1737285503.232217,13300,1737285503,231562570,,1737285503,909875000,fcu
1737285503.332218,13301,1737285503,330888625,,1737285504,9335000,fcu
1737285503.4328172,13302,1737285503,430865774,,1737285504,108564000,fcu
1737285503.531602,13303,1737285503,529924070,,1737285504,208201000,fcu
1737285503.6309404,13304,1737285503,629108940,,1737285504,307094000,fcu
1737285503.731706,13305,1737285503,730039699,,1737285504,408360000,fcu
1737285503.8332682,13306,1737285503,831882829,,1737285504,510139000,fcu
1737285503.9338367,13307,1737285503,932009144,,1737285504,609609000,fcu
1737285504.0294578,13308,1737285504,28007384,,1737285504,706186000,fcu
1737285504.134635,13309,1737285504,131804884,,1737285504,809547000,fcu
1737285504.2323737,13310,1737285504,229794606,,1737285504,908156000,fcu
1737285504.3357437,13311,1737285504,332370569,,1737285505,10006000,fcu
1737285504.4329336,13312,1737285504,430596421,,1737285505,108631000,fcu
1737285504.5318964,13313,1737285504,526921254,,1737285505,205441000,fcu
1737285504.6352844,13314,1737285504,633647921,,1737285505,311563000,fcu
1737285504.7354717,13315,1737285504,732663939,,1737285505,411318000,fcu
1737285504.8330648,13316,1737285504,831707532,,1737285505,510123000,fcu
1737285504.933515,13317,1737285504,931951643,,1737285505,610036000,fcu
1737285505.032455,13318,1737285505,31089773,,1737285505,709072000,fcu
1737285505.1315827,13319,1737285505,129792235,,1737285505,807887000,fcu
1737285505.2361388,13320,1737285505,232796976,,1737285505,911628000,fcu
1737285505.3355877,13321,1737285505,332962735,,1737285506,11087000,fcu
1737285505.438115,13322,1737285505,436922143,,1737285506,115200000,fcu
1737285505.5399024,13323,1737285505,538134735,,1737285506,216822000,fcu
1737285505.6376297,13324,1737285505,636837494,,1737285506,315642000,fcu
1737285505.738353,13325,1737285505,736241587,,1737285506,413985000,fcu
1737285505.8381133,13326,1737285505,836898105,,1737285506,515184000,fcu
1737285505.9385104,13327,1737285505,936313272,,1737285506,614157000,fcu
1737285506.038903,13328,1737285506,37199457,,1737285506,715424000,fcu
1737285506.139309,13329,1737285506,136356420,,1737285506,814126000,fcu
1737285506.2404113,13330,1737285506,237229716,,1737285506,915212000,fcu
1737285506.3323264,13331,1737285506,330367364,,1737285507,8403000,fcu
1737285506.432576,13332,1737285506,431339420,,1737285507,109133000,fcu
1737285506.5341291,13333,1737285506,532999716,,1737285507,210993000,fcu
1737285506.631151,13334,1737285506,629986327,,1737285507,307873000,fcu
1737285506.7363455,13335,1737285506,733975290,,1737285507,412179000,fcu
1737285506.8327577,13336,1737285506,831384605,,1737285507,509128000,fcu
1737285506.932723,13337,1737285506,932015697,,1737285507,610309000,fcu
1737285507.0312989,13338,1737285507,29507327,,1737285507,707166000,fcu
1737285507.1312234,13339,1737285507,130244512,,1737285507,808354000,fcu
1737285507.2317452,13340,1737285507,231008197,,1737285507,909631000,fcu
1737285507.33161,13341,1737285507,330158179,,1737285508,8902000,fcu
1737285507.4302347,13342,1737285507,429104493,,1737285508,107595000,fcu
1737285507.5321438,13343,1737285507,531121160,,1737285508,208985000,fcu
1737285507.6307485,13344,1737285507,629161475,,1737285508,307869000,fcu
1737285507.7303207,13345,1737285507,728322327,,1737285508,407295000,fcu
1737285507.8310063,13346,1737285507,830119012,,1737285508,509074000,fcu
1737285507.9339175,13347,1737285507,932436530,,1737285508,610975000,fcu
1737285508.0332394,13348,1737285508,31521215,,1737285508,710183000,fcu
1737285508.1330535,13349,1737285508,131530826,,1737285508,809208000,fcu
1737285508.233168,13350,1737285508,232194956,,1737285508,910608000,fcu
1737285508.336209,13351,1737285508,331220937,,1737285509,9795000,fcu
1737285508.434387,13352,1737285508,432237345,,1737285509,108424000,fcu
1737285508.534285,13353,1737285508,533124882,,1737285509,212321000,fcu
1737285508.6345248,13354,1737285508,630342807,,1737285509,308835000,fcu
1737285508.7307186,13355,1737285508,729522085,,1737285509,407925000,fcu
1737285508.8335543,13356,1737285508,830263770,,1737285509,509189000,fcu
1737285508.9331942,13357,1737285508,929665955,,1737285509,608326000,fcu
1737285509.033583,13358,1737285509,31678085,,1737285509,709910000,fcu
1737285509.132617,13359,1737285509,130660326,,1737285509,808597000,fcu
1737285509.2329416,13360,1737285509,231369881,,1737285509,909382000,fcu
1737285509.3309288,13361,1737285509,327796548,,1737285510,6457000,fcu
1737285509.4324121,13362,1737285509,431363900,,1737285510,110140000,fcu
1737285509.5326087,13363,1737285509,531373159,,1737285510,209446000,fcu
1737285509.6317616,13364,1737285509,629796807,,1737285510,308348000,fcu
1737285509.7340093,13365,1737285509,729532548,,1737285510,407852000,fcu
1737285509.8347669,13366,1737285509,831396177,,1737285510,509430000,fcu
1737285509.9323788,13367,1737285509,929684455,,1737285510,608605000,fcu
1737285510.0341187,13368,1737285510,31779473,,1737285510,710023000,fcu
1737285510.1302304,13369,1737285510,127787140,,1737285510,806174000,fcu
1737285510.2344148,13370,1737285510,231881084,,1737285510,910118000,fcu
1737285510.3315158,13371,1737285510,329794399,,1737285511,8600000,fcu
1737285510.4328892,13372,1737285510,429870992,,1737285511,107926000,fcu
1737285510.5297089,13373,1737285510,528512603,,1737285511,207026000,fcu
1737285510.6346867,13374,1737285510,630753640,,1737285511,309170000,fcu
1737285510.7348533,13375,1737285510,733529306,,1737285511,412004000,fcu
1737285510.8330214,13376,1737285510,830848417,,1737285511,509524000,fcu
1737285510.9326425,13377,1737285510,931602676,,1737285511,609930000,fcu
1737285511.0324726,13378,1737285511,30938676,,1737285511,709198000,fcu
1737285511.1321719,13379,1737285511,130897195,,1737285511,808976000,fcu
1737285511.2308412,13380,1737285511,229102880,,1737285511,907161000,fcu
1737285511.3311656,13381,1737285511,329716269,,1737285512,8053000,fcu
1737285511.4324167,13382,1737285511,430975361,,1737285512,109167000,fcu
1737285511.530341,13383,1737285511,528968417,,1737285512,207648000,fcu
1737285511.633443,13384,1737285511,629649269,,1737285512,308631000,fcu
1737285511.7334578,13385,1737285511,729759972,,1737285512,408634000,fcu
1737285511.8323984,13386,1737285511,829879713,,1737285512,508817000,fcu
1737285511.9335768,13387,1737285511,932699213,,1737285512,611355000,fcu
1737285512.0315652,13388,1737285512,29666379,,1737285512,708561000,fcu
1737285512.1339393,13389,1737285512,129750120,,1737285512,808447000,fcu
1737285512.2341607,13390,1737285512,229967916,,1737285512,908868000,fcu
1737285512.331773,13391,1737285512,330044657,,1737285513,8612000,fcu
1737285512.4347658,13392,1737285512,432774546,,1737285513,111373000,fcu
1737285512.5327942,13393,1737285512,529840638,,1737285513,208873000,fcu
1737285512.6313407,13394,1737285512,630128694,,1737285513,308624000,fcu
1737285512.7305899,13395,1737285512,729108324,,1737285513,407415000,fcu
1737285512.8321157,13396,1737285512,829222323,,1737285513,507545000,fcu
1737285512.9328017,13397,1737285512,931851342,,1737285513,610134000,fcu
1737285513.0322473,13398,1737285513,30869786,,1737285513,710102000,fcu
1737285513.1308315,13399,1737285513,129149601,,1737285513,807328000,fcu
1737285513.2300751,13400,1737285513,228893008,,1737285513,907220000,fcu
1737285513.3311408,13401,1737285513,329241490,,1737285514,7359000,fcu
1737285513.4312065,13402,1737285513,429081971,,1737285514,107429000,fcu
1737285513.528929,13403,1737285513,527910119,,1737285514,207168000,fcu
1737285513.631852,13404,1737285513,630933971,,1737285514,310328000,fcu
1737285513.7300587,13405,1737285513,728399360,,1737285514,407415000,fcu
1737285513.830103,13406,1737285513,828110841,,1737285514,507374000,fcu
1737285513.9324794,13407,1737285513,928847193,,1737285514,607455000,fcu
1737285514.0297995,13408,1737285514,28378971,,1737285514,707355000,fcu
1737285514.1321993,13409,1737285514,131061341,,1737285514,810054000,fcu
1737285514.2293332,13410,1737285514,228037563,,1737285514,907226000,fcu
1737285514.3294673,13411,1737285514,328030748,,1737285515,7354000,fcu
1737285514.4299827,13412,1737285514,428349434,,1737285515,107362000,fcu
1737285514.5331311,13413,1737285514,532057693,,1737285515,210413000,fcu
1737285514.6330132,13414,1737285514,632100045,,1737285515,310386000,fcu
1737285514.7333002,13415,1737285514,730446711,,1737285515,409133000,fcu
1737285514.8317811,13416,1737285514,830352804,,1737285515,509128000,fcu
1737285514.932559,13417,1737285514,931357100,,1737285515,609536000,fcu
1737285515.031095,13418,1737285515,28624248,,1737285515,706800000,fcu
1737285515.129184,13419,1737285515,128200470,,1737285515,807212000,fcu
1737285515.2334077,13420,1737285515,231448359,,1737285515,909924000,fcu
1737285515.332499,13421,1737285515,331220285,,1737285516,9866000,fcu
1737285515.4334204,13422,1737285515,431487952,,1737285516,110087000,fcu
1737285515.5343273,13423,1737285515,533183266,,1737285516,211806000,fcu
1737285515.6311278,13424,1737285515,628636377,,1737285516,307440000,fcu
1737285515.7307098,13425,1737285515,728595748,,1737285516,407493000,fcu
1737285515.8337886,13426,1737285515,831583044,,1737285516,510020000,fcu
1737285515.9341965,13427,1737285515,931637840,,1737285516,609961000,fcu
1737285516.0336397,13428,1737285516,31314785,,1737285516,709882000,fcu
1737285516.133375,13429,1737285516,131605544,,1737285516,809961000,fcu
